[2026-09-28 15:23:52] local.ERROR: SQLSTATE[08006] [7] connection to server at "127.0.0.1", port 5432 failed: FATAL:  password authentication failed for user "postgres" {"exception":"[object] (PDOException(code: 7): SQLSTATE[08006] [7] connection to server at \"127.0.0.1\", port 5432 failed: FATAL:  password authentication failed for user \"postgres\" at C:/Users/ALI/Desktop/dar-al-ajneha/backend/vendor/laravel/framework/src/Illuminate/Database/Connectors/Connector.php:67)
[stacktrace]
#0 C:/Users/ALI/Desktop/dar-al-ajneha/backend/vendor/laravel/framework/src/Illuminate/Database/Connectors/Connector.php(67): PDO::connect('pgsql:host=127....', 'postgres', Object(SensitiveParameterValue), Array)
#1 C:/Users/ALI/Desktop/dar-al-ajneha/backend/vendor/laravel/framework/src/Illuminate/Database/Connectors/Connector.php(44): Illuminate/Database/Connectors/Connector->createPdoConnection('pgsql:host=127....', 'postgres', Object(SensitiveParameterValue), Array)
#2 C:/Users/ALI/Desktop/dar-al-ajneha/backend/vendor/laravel/framework/src/Illuminate/Database/Connectors/PostgresConnector.php(35): Illuminate/Database/Connectors/Connector->createConnection('pgsql:host=127....', Array, Array)
#3 C:/Users/ALI/Desktop/dar-al-ajneha/backend/vendor/laravel/framework/src/Illuminate/Database/Connectors/ConnectionFactory.php(220): Illuminate/Database/Connectors/PostgresConnector->connect(Array)
#4 [internal function]: Illuminate/Database/Connectors/ConnectionFactory->{closure:Illuminate/Database/Connectors/ConnectionFactory::createPdoResolverWithHosts():213}()
#5 C:/Users/ALI/Desktop/dar-al-ajneha/backend/vendor/laravel/framework/src/Illuminate/Database/Connection.php(1298): call_user_func(Object(Closure))
#6 C:/Users/ALI/Desktop/dar-al-ajneha/backend/vendor/laravel/framework/src/Illuminate/Database/Connection.php(1863): Illuminate/Database/Connection->getPdo()
#7 C:/Users/ALI/Desktop/dar-al-ajneha/backend/vendor/laravel/framework/src/Illuminate/Database/Console/ShowCommand.php(54): Illuminate/Database/Connection->getServerVersion()
#8 C:/Users/ALI/Desktop/dar-al-ajneha/backend/vendor/laravel/framework/src/Illuminate/Container/BoundMethod.php(36): Illuminate/Database/Console/ShowCommand->handle(Object(Illuminate/Database/DatabaseManager))
#9 C:/Users/ALI/Desktop/dar-al-ajneha/backend/vendor/laravel/framework/src/Illuminate/Container/Util.php(43): Illuminate/Container/BoundMethod::{closure:Illuminate/Container/BoundMethod::call():35}()
#10 C:/Users/ALI/Desktop/dar-al-ajneha/backend/vendor/laravel/framework/src/Illuminate/Container/BoundMethod.php(96): Illuminate/Container/Util::unwrapIfClosure(Object(Closure))
#11 C:/Users/ALI/Desktop/dar-al-ajneha/backend/vendor/laravel/framework/src/Illuminate/Container/BoundMethod.php(35): Illuminate/Container/BoundMethod::callBoundMethod(Object(Illuminate/Foundation/Application), Array, Object(Closure))
#12 C:/Users/ALI/Desktop/dar-al-ajneha/backend/vendor/laravel/framework/src/Illuminate/Container/Container.php(803): Illuminate/Container/BoundMethod::call(Object(Illuminate/Foundation/Application), Array, Array, NULL)
#13 C:/Users/ALI/Desktop/dar-al-ajneha/backend/vendor/laravel/framework/src/Illuminate/Console/Command.php(292): Illuminate/Container/Container->call(Array)
#14 C:/Users/ALI/Desktop/dar-al-ajneha/backend/vendor/symfony/console/Command/Command.php(285): Illuminate/Console/Command->execute(Object(Symfony/Component/Console/Input/ArgvInput), Object(Laravel/Pao/Laravel/PaoOutputStyle))
#15 C:/Users/ALI/Desktop/dar-al-ajneha/backend/vendor/laravel/framework/src/Illuminate/Console/Command.php(261): Symfony/Component/Console/Command/Command->run(Object(Symfony/Component/Console/Input/ArgvInput), Object(Laravel/Pao/Laravel/PaoOutputStyle))
#16 C:/Users/ALI/Desktop/dar-al-ajneha/backend/vendor/symfony/console/Application.php(1144): Illuminate/Console/Command->run(Object(Symfony/Component/Console/Input/ArgvInput), Object(Symfony/Component/Console/Output/ConsoleOutput))
#17 C:/Users/ALI/Desktop/dar-al-ajneha/backend/vendor/symfony/console/Application.php(379): Symfony/Component/Console/Application->doRunCommand(Object(Illuminate/Database/Console/ShowCommand), Object(Symfony/Component/Console/Input/ArgvInput), Object(Symfony/Component/Console/Output/ConsoleOutput))
#18 C:/Users/ALI/Desktop/dar-al-ajneha/backend/vendor/symfony/console/Application.php(218): Symfony/Component/Console/Application->doRun(Object(Symfony/Component/Console/Input/ArgvInput), Object(Symfony/Component/Console/Output/ConsoleOutput))
#19 C:/Users/ALI/Desktop/dar-al-ajneha/backend/vendor/laravel/framework/src/Illuminate/Foundation/Console/Kernel.php(198): Symfony/Component/Console/Application->run(Object(Symfony/Component/Console/Input/ArgvInput), Object(Symfony/Component/Console/Output/ConsoleOutput))
#20 C:/Users/ALI/Desktop/dar-al-ajneha/backend/vendor/laravel/framework/src/Illuminate/Foundation/Application.php(1242): Illuminate/Foundation/Console/Kernel->handle(Object(Symfony/Component/Console/Input/ArgvInput), Object(Symfony/Component/Console/Output/ConsoleOutput))
#21 C:/Users/ALI/Desktop/dar-al-ajneha/backend/artisan(16): Illuminate/Foundation/Application->handleCommand(Object(Symfony/Component/Console/Input/ArgvInput))
#22 {main}
"} 
[2026-09-28 15:29:45] local.ERROR: Command "pest:install" is not defined.

Did you mean one of these?
    migrate:install
    pest:dataset
    pest:test
    test {"exception":"[object] (Symfony\\Component\\Console\\Exception\\CommandNotFoundException(code: 0): Command \"pest:install\" is not defined.

Did you mean one of these?
    migrate:install
    pest:dataset
    pest:test
    test at C:/Users/ALI/Desktop/dar-al-ajneha/backend/vendor/symfony/console/Application.php:785)
[stacktrace]
#0 C:/Users/ALI/Desktop/dar-al-ajneha/backend/vendor/symfony/console/Application.php(321): Symfony/Component/Console/Application->find('pest:install')
#1 C:/Users/ALI/Desktop/dar-al-ajneha/backend/vendor/symfony/console/Application.php(218): Symfony/Component/Console/Application->doRun(Object(Symfony/Component/Console/Input/ArgvInput), Object(Symfony/Component/Console/Output/ConsoleOutput))
#2 C:/Users/ALI/Desktop/dar-al-ajneha/backend/vendor/laravel/framework/src/Illuminate/Foundation/Console/Kernel.php(198): Symfony/Component/Console/Application->run(Object(Symfony/Component/Console/Input/ArgvInput), Object(Symfony/Component/Console/Output/ConsoleOutput))
#3 C:/Users/ALI/Desktop/dar-al-ajneha/backend/vendor/laravel/framework/src/Illuminate/Foundation/Application.php(1242): Illuminate/Foundation/Console/Kernel->handle(Object(Symfony/Component/Console/Input/ArgvInput), Object(Symfony/Component/Console/Output/ConsoleOutput))
#4 C:/Users/ALI/Desktop/dar-al-ajneha/backend/artisan(16): Illuminate/Foundation/Application->handleCommand(Object(Symfony/Component/Console/Input/ArgvInput))
#5 {main}
"} 
[2026-09-28 15:50:10] testing.ERROR: SQLSTATE[HY000]: General error: 1 no such table: users (Connection: sqlite, Database: :memory:, SQL: select * from "users" where "email" = nonexistent@example.com and "users"."deleted_at" is null limit 1) {"exception":"[object] (Illuminate\\Database\\QueryException(code: HY000): SQLSTATE[HY000]: General error: 1 no such table: users (Connection: sqlite, Database: :memory:, SQL: select * from \"users\" where \"email\" = nonexistent@example.com and \"users\".\"deleted_at\" is null limit 1) at C:/Users/ALI/Desktop/dar-al-ajneha/backend/vendor/laravel/framework/src/Illuminate/Database/Connection.php:857)
[stacktrace]
#0 C:/Users/ALI/Desktop/dar-al-ajneha/backend/vendor/laravel/framework/src/Illuminate/Database/Connection.php(813): Illuminate/Database/Connection->runQueryCallback('select * from \"...', Array, Object(Closure))
#1 C:/Users/ALI/Desktop/dar-al-ajneha/backend/vendor/laravel/framework/src/Illuminate/Database/Connection.php(426): Illuminate/Database/Connection->run('select * from \"...', Array, Object(Closure))
#2 C:/Users/ALI/Desktop/dar-al-ajneha/backend/vendor/laravel/framework/src/Illuminate/Database/Query/Builder.php(3631): Illuminate/Database/Connection->select('select * from \"...', Array, true, Array)
#3 C:/Users/ALI/Desktop/dar-al-ajneha/backend/vendor/laravel/framework/src/Illuminate/Database/Query/Builder.php(3615): Illuminate/Database/Query/Builder->runSelect()
#4 C:/Users/ALI/Desktop/dar-al-ajneha/backend/vendor/laravel/framework/src/Illuminate/Database/Eloquent/Builder.php(931): Illuminate/Database/Query/Builder->get(Array)
#5 C:/Users/ALI/Desktop/dar-al-ajneha/backend/vendor/laravel/framework/src/Illuminate/Database/Eloquent/Builder.php(913): Illuminate/Database/Eloquent/Builder->getModels(Array)
#6 C:/Users/ALI/Desktop/dar-al-ajneha/backend/vendor/laravel/framework/src/Illuminate/Database/Concerns/BuildsQueries.php(408): Illuminate/Database/Eloquent/Builder->get(Array)
#7 C:/Users/ALI/Desktop/dar-al-ajneha/backend/app/Http/Controllers/Auth/AuthController.php(21): Illuminate/Database/Eloquent/Builder->first()
#8 C:/Users/ALI/Desktop/dar-al-ajneha/backend/vendor/laravel/framework/src/Illuminate/Routing/ControllerDispatcher.php(46): App/Http/Controllers/Auth/AuthController->login(Object(App/Http/Requests/Auth/LoginRequest))
#9 C:/Users/ALI/Desktop/dar-al-ajneha/backend/vendor/laravel/framework/src/Illuminate/Routing/Route.php(276): Illuminate/Routing/ControllerDispatcher->dispatch(Object(Illuminate/Routing/Route), Object(App/Http/Controllers/Auth/AuthController), 'login')
#10 C:/Users/ALI/Desktop/dar-al-ajneha/backend/vendor/laravel/framework/src/Illuminate/Routing/Route.php(216): Illuminate/Routing/Route->runController()
#11 C:/Users/ALI/Desktop/dar-al-ajneha/backend/vendor/laravel/framework/src/Illuminate/Routing/Router.php(822): Illuminate/Routing/Route->run()
#12 C:/Users/ALI/Desktop/dar-al-ajneha/backend/vendor/laravel/framework/src/Illuminate/Pipeline/Pipeline.php(180): Illuminate/Routing/Router->{closure:Illuminate/Routing/Router::runRouteWithinStack():821}(Object(Illuminate/Http/Request))
#13 C:/Users/ALI/Desktop/dar-al-ajneha/backend/vendor/laravel/framework/src/Illuminate/Routing/Middleware/SubstituteBindings.php(52): Illuminate/Pipeline/Pipeline->{closure:Illuminate/Pipeline/Pipeline::prepareDestination():178}(Object(Illuminate/Http/Request))
#14 C:/Users/ALI/Desktop/dar-al-ajneha/backend/vendor/laravel/framework/src/Illuminate/Pipeline/Pipeline.php(219): Illuminate/Routing/Middleware/SubstituteBindings->handle(Object(Illuminate/Http/Request), Object(Closure))
#15 C:/Users/ALI/Desktop/dar-al-ajneha/backend/vendor/laravel/framework/src/Illuminate/Routing/Middleware/ThrottleRequests.php(168): Illuminate/Pipeline/Pipeline->{closure:{closure:Illuminate/Pipeline/Pipeline::carry():194}:195}(Object(Illuminate/Http/Request))
#16 C:/Users/ALI/Desktop/dar-al-ajneha/backend/vendor/laravel/framework/src/Illuminate/Routing/Middleware/ThrottleRequests.php(93): Illuminate/Routing/Middleware/ThrottleRequests->handleRequest(Object(Illuminate/Http/Request), Object(Closure), Array)
#17 C:/Users/ALI/Desktop/dar-al-ajneha/backend/vendor/laravel/framework/src/Illuminate/Pipeline/Pipeline.php(219): Illuminate/Routing/Middleware/ThrottleRequests->handle(Object(Illuminate/Http/Request), Object(Closure), '5', '1')
#18 C:/Users/ALI/Desktop/dar-al-ajneha/backend/vendor/laravel/framework/src/Illuminate/Pipeline/Pipeline.php(137): Illuminate/Pipeline/Pipeline->{closure:{closure:Illuminate/Pipeline/Pipeline::carry():194}:195}(Object(Illuminate/Http/Request))
#19 C:/Users/ALI/Desktop/dar-al-ajneha/backend/vendor/laravel/framework/src/Illuminate/Routing/Router.php(821): Illuminate/Pipeline/Pipeline->then(Object(Closure))
#20 C:/Users/ALI/Desktop/dar-al-ajneha/backend/vendor/laravel/framework/src/Illuminate/Routing/Router.php(800): Illuminate/Routing/Router->runRouteWithinStack(Object(Illuminate/Routing/Route), Object(Illuminate/Http/Request))
#21 C:/Users/ALI/Desktop/dar-al-ajneha/backend/vendor/laravel/framework/src/Illuminate/Routing/Router.php(764): Illuminate/Routing/Router->runRoute(Object(Illuminate/Http/Request), Object(Illuminate/Routing/Route))
#22 C:/Users/ALI/Desktop/dar-al-ajneha/backend/vendor/laravel/framework/src/Illuminate/Routing/Router.php(753): Illuminate/Routing/Router->dispatchToRoute(Object(Illuminate/Http/Request))
#23 C:/Users/ALI/Desktop/dar-al-ajneha/backend/vendor/laravel/framework/src/Illuminate/Foundation/Http/Kernel.php(200): Illuminate/Routing/Router->dispatch(Object(Illuminate/Http/Request))
#24 C:/Users/ALI/Desktop/dar-al-ajneha/backend/vendor/laravel/framework/src/Illuminate/Pipeline/Pipeline.php(180): Illuminate/Foundation/Http/Kernel->{closure:Illuminate/Foundation/Http/Kernel::dispatchToRouter():197}(Object(Illuminate/Http/Request))
#25 C:/Users/ALI/Desktop/dar-al-ajneha/backend/vendor/laravel/framework/src/Illuminate/Foundation/Http/Middleware/TransformsRequest.php(21): Illuminate/Pipeline/Pipeline->{closure:Illuminate/Pipeline/Pipeline::prepareDestination():178}(Object(Illuminate/Http/Request))
#26 C:/Users/ALI/Desktop/dar-al-ajneha/backend/vendor/laravel/framework/src/Illuminate/Foundation/Http/Middleware/ConvertEmptyStringsToNull.php(31): Illuminate/Foundation/Http/Middleware/TransformsRequest->handle(Object(Illuminate/Http/Request), Object(Closure))
#27 C:/Users/ALI/Desktop/dar-al-ajneha/backend/vendor/laravel/framework/src/Illuminate/Pipeline/Pipeline.php(219): Illuminate/Foundation/Http/Middleware/ConvertEmptyStringsToNull->handle(Object(Illuminate/Http/Request), Object(Closure))
#28 C:/Users/ALI/Desktop/dar-al-ajneha/backend/vendor/laravel/framework/src/Illuminate/Foundation/Http/Middleware/TransformsRequest.php(21): Illuminate/Pipeline/Pipeline->{closure:{closure:Illuminate/Pipeline/Pipeline::carry():194}:195}(Object(Illuminate/Http/Request))
#29 C:/Users/ALI/Desktop/dar-al-ajneha/backend/vendor/laravel/framework/src/Illuminate/Foundation/Http/Middleware/TrimStrings.php(51): Illuminate/Foundation/Http/Middleware/TransformsRequest->handle(Object(Illuminate/Http/Request), Object(Closure))
#30 C:/Users/ALI/Desktop/dar-al-ajneha/backend/vendor/laravel/framework/src/Illuminate/Pipeline/Pipeline.php(219): Illuminate/Foundation/Http/Middleware/TrimStrings->handle(Object(Illuminate/Http/Request), Object(Closure))
#31 C:/Users/ALI/Desktop/dar-al-ajneha/backend/vendor/laravel/framework/src/Illuminate/Http/Middleware/ValidatePostSize.php(27): Illuminate/Pipeline/Pipeline->{closure:{closure:Illuminate/Pipeline/Pipeline::carry():194}:195}(Object(Illuminate/Http/Request))
#32 C:/Users/ALI/Desktop/dar-al-ajneha/backend/vendor/laravel/framework/src/Illuminate/Pipeline/Pipeline.php(219): Illuminate/Http/Middleware/ValidatePostSize->handle(Object(Illuminate/Http/Request), Object(Closure))
#33 C:/Users/ALI/Desktop/dar-al-ajneha/backend/vendor/laravel/framework/src/Illuminate/Foundation/Http/Middleware/PreventRequestsDuringMaintenance.php(110): Illuminate/Pipeline/Pipeline->{closure:{closure:Illuminate/Pipeline/Pipeline::carry():194}:195}(Object(Illuminate/Http/Request))
#34 C:/Users/ALI/Desktop/dar-al-ajneha/backend/vendor/laravel/framework/src/Illuminate/Pipeline/Pipeline.php(219): Illuminate/Foundation/Http/Middleware/PreventRequestsDuringMaintenance->handle(Object(Illuminate/Http/Request), Object(Closure))
#35 C:/Users/ALI/Desktop/dar-al-ajneha/backend/vendor/laravel/framework/src/Illuminate/Http/Middleware/HandleCors.php(74): Illuminate/Pipeline/Pipeline->{closure:{closure:Illuminate/Pipeline/Pipeline::carry():194}:195}(Object(Illuminate/Http/Request))
#36 C:/Users/ALI/Desktop/dar-al-ajneha/backend/vendor/laravel/framework/src/Illuminate/Pipeline/Pipeline.php(219): Illuminate/Http/Middleware/HandleCors->handle(Object(Illuminate/Http/Request), Object(Closure))
#37 C:/Users/ALI/Desktop/dar-al-ajneha/backend/vendor/laravel/framework/src/Illuminate/Http/Middleware/TrustProxies.php(58): Illuminate/Pipeline/Pipeline->{closure:{closure:Illuminate/Pipeline/Pipeline::carry():194}:195}(Object(Illuminate/Http/Request))
#38 C:/Users/ALI/Desktop/dar-al-ajneha/backend/vendor/laravel/framework/src/Illuminate/Pipeline/Pipeline.php(219): Illuminate/Http/Middleware/TrustProxies->handle(Object(Illuminate/Http/Request), Object(Closure))
#39 C:/Users/ALI/Desktop/dar-al-ajneha/backend/vendor/laravel/framework/src/Illuminate/Foundation/Http/Middleware/InvokeDeferredCallbacks.php(22): Illuminate/Pipeline/Pipeline->{closure:{closure:Illuminate/Pipeline/Pipeline::carry():194}:195}(Object(Illuminate/Http/Request))
#40 C:/Users/ALI/Desktop/dar-al-ajneha/backend/vendor/laravel/framework/src/Illuminate/Pipeline/Pipeline.php(219): Illuminate/Foundation/Http/Middleware/InvokeDeferredCallbacks->handle(Object(Illuminate/Http/Request), Object(Closure))
#41 C:/Users/ALI/Desktop/dar-al-ajneha/backend/vendor/laravel/framework/src/Illuminate/Http/Middleware/ValidatePathEncoding.php(28): Illuminate/Pipeline/Pipeline->{closure:{closure:Illuminate/Pipeline/Pipeline::carry():194}:195}(Object(Illuminate/Http/Request))
#42 C:/Users/ALI/Desktop/dar-al-ajneha/backend/vendor/laravel/framework/src/Illuminate/Pipeline/Pipeline.php(219): Illuminate/Http/Middleware/ValidatePathEncoding->handle(Object(Illuminate/Http/Request), Object(Closure))
#43 C:/Users/ALI/Desktop/dar-al-ajneha/backend/vendor/laravel/framework/src/Illuminate/Pipeline/Pipeline.php(137): Illuminate/Pipeline/Pipeline->{closure:{closure:Illuminate/Pipeline/Pipeline::carry():194}:195}(Object(Illuminate/Http/Request))
#44 C:/Users/ALI/Desktop/dar-al-ajneha/backend/vendor/laravel/framework/src/Illuminate/Foundation/Http/Kernel.php(175): Illuminate/Pipeline/Pipeline->then(Object(Closure))
#45 C:/Users/ALI/Desktop/dar-al-ajneha/backend/vendor/laravel/framework/src/Illuminate/Foundation/Http/Kernel.php(144): Illuminate/Foundation/Http/Kernel->sendRequestThroughRouter(Object(Illuminate/Http/Request))
#46 C:/Users/ALI/Desktop/dar-al-ajneha/backend/vendor/laravel/framework/src/Illuminate/Foundation/Testing/Concerns/MakesHttpRequests.php(638): Illuminate/Foundation/Http/Kernel->handle(Object(Illuminate/Http/Request))
#47 C:/Users/ALI/Desktop/dar-al-ajneha/backend/vendor/laravel/framework/src/Illuminate/Foundation/Testing/Concerns/MakesHttpRequests.php(604): Illuminate/Foundation/Testing/TestCase->call('POST', '/api/v1/auth/lo...', Array, Array, Array, Array, '{\"email\":\"nonex...')
#48 C:/Users/ALI/Desktop/dar-al-ajneha/backend/vendor/laravel/framework/src/Illuminate/Foundation/Testing/Concerns/MakesHttpRequests.php(411): Illuminate/Foundation/Testing/TestCase->json('POST', '/api/v1/auth/lo...', Array, Array, 0)
#49 C:/Users/ALI/Desktop/dar-al-ajneha/backend/tests/Feature/Auth/LoginTest.php(23): Illuminate/Foundation/Testing/TestCase->postJson('/api/v1/auth/lo...', Array)
#50 C:/Users/ALI/Desktop/dar-al-ajneha/backend/vendor/pestphp/pest/src/Factories/TestCaseMethodFactory.php(177): P/Tests/Feature/Auth/LoginTest->{closure:C:/Users/ALI/Desktop/dar-al-ajneha/backend/tests/Feature/Auth/LoginTest.php:22}()
#51 [internal function]: P/Tests/Feature/Auth/LoginTest->{closure:Pest/Factories/TestCaseMethodFactory::getClosure():167}()
#52 C:/Users/ALI/Desktop/dar-al-ajneha/backend/vendor/pestphp/pest/src/Concerns/Testable.php(514): call_user_func_array(Object(Closure), Array)
#53 C:/Users/ALI/Desktop/dar-al-ajneha/backend/vendor/pestphp/pest/src/Support/ExceptionTrace.php(26): P/Tests/Feature/Auth/LoginTest->{closure:Pest/Concerns/Testable::__callClosure():514}()
#54 C:/Users/ALI/Desktop/dar-al-ajneha/backend/vendor/pestphp/pest/src/Concerns/Testable.php(514): Pest/Support/ExceptionTrace::ensure(Object(Closure))
#55 C:/Users/ALI/Desktop/dar-al-ajneha/backend/vendor/pestphp/pest/src/Concerns/Testable.php(336): P/Tests/Feature/Auth/LoginTest->__callClosure(Object(Closure), Array)
#56 C:/Users/ALI/Desktop/dar-al-ajneha/backend/vendor/pestphp/pest/src/Factories/TestCaseFactory.php(179) : eval()'d code(35): P/Tests/Feature/Auth/LoginTest->__runTest(Object(Closure))
#57 C:/Users/ALI/Desktop/dar-al-ajneha/backend/vendor/phpunit/phpunit/src/Framework/TestCase.php(1318): P/Tests/Feature/Auth/LoginTest->__pest_evaluable_invalid_email_returns_422()
#58 C:/Users/ALI/Desktop/dar-al-ajneha/backend/vendor/phpunit/phpunit/src/Framework/TestCase.php(1355): PHPUnit/Framework/TestCase->invokeTestMethod('__pest_evaluabl...', Array)
#59 C:/Users/ALI/Desktop/dar-al-ajneha/backend/vendor/phpunit/phpunit/src/Framework/TestCase.php(521): PHPUnit/Framework/TestCase->runTest()
#60 C:/Users/ALI/Desktop/dar-al-ajneha/backend/vendor/phpunit/phpunit/src/Framework/TestRunner/TestRunner.php(99): PHPUnit/Framework/TestCase->runBare()
#61 C:/Users/ALI/Desktop/dar-al-ajneha/backend/vendor/phpunit/phpunit/src/Framework/TestCase.php(361): PHPUnit/Framework/TestRunner->run(Object(P/Tests/Feature/Auth/LoginTest))
#62 C:/Users/ALI/Desktop/dar-al-ajneha/backend/vendor/phpunit/phpunit/src/Framework/TestSuite.php(374): PHPUnit/Framework/TestCase->run()
#63 C:/Users/ALI/Desktop/dar-al-ajneha/backend/vendor/phpunit/phpunit/src/Framework/TestSuite.php(374): PHPUnit/Framework/TestSuite->run()
#64 C:/Users/ALI/Desktop/dar-al-ajneha/backend/vendor/phpunit/phpunit/src/Framework/TestSuite.php(374): PHPUnit/Framework/TestSuite->run()
#65 C:/Users/ALI/Desktop/dar-al-ajneha/backend/vendor/phpunit/phpunit/src/TextUI/TestRunner.php(64): PHPUnit/Framework/TestSuite->run()
#66 C:/Users/ALI/Desktop/dar-al-ajneha/backend/vendor/phpunit/phpunit/src/TextUI/Application.php(229): PHPUnit/TextUI/TestRunner->run(Object(PHPUnit/TextUI/Configuration/Configuration), Object(PHPUnit/Runner/ResultCache/DefaultResultCache), Object(PHPUnit/Framework/TestSuite))
#67 C:/Users/ALI/Desktop/dar-al-ajneha/backend/vendor/pestphp/pest/src/Kernel.php(103): PHPUnit/TextUI/Application->run(Array)
#68 C:/Users/ALI/Desktop/dar-al-ajneha/backend/vendor/pestphp/pest/bin/pest(196): Pest/Kernel->handle(Array, Array)
#69 C:/Users/ALI/Desktop/dar-al-ajneha/backend/vendor/pestphp/pest/bin/pest(204): {closure:C:/Users/ALI/Desktop/dar-al-ajneha/backend/vendor/pestphp/pest/bin/pest:19}()
#70 {main}

[previous exception] [object] (PDOException(code: HY000): SQLSTATE[HY000]: General error: 1 no such table: users at C:/Users/ALI/Desktop/dar-al-ajneha/backend/vendor/laravel/framework/src/Illuminate/Database/Connection.php:435)
[stacktrace]
#0 C:/Users/ALI/Desktop/dar-al-ajneha/backend/vendor/laravel/framework/src/Illuminate/Database/Connection.php(435): PDO->prepare('select * from \"...')
#1 C:/Users/ALI/Desktop/dar-al-ajneha/backend/vendor/laravel/framework/src/Illuminate/Database/Connection.php(846): Illuminate/Database/Connection->{closure:Illuminate/Database/Connection::select():426}('select * from \"...', Array)
#2 C:/Users/ALI/Desktop/dar-al-ajneha/backend/vendor/laravel/framework/src/Illuminate/Database/Connection.php(813): Illuminate/Database/Connection->runQueryCallback('select * from \"...', Array, Object(Closure))
#3 C:/Users/ALI/Desktop/dar-al-ajneha/backend/vendor/laravel/framework/src/Illuminate/Database/Connection.php(426): Illuminate/Database/Connection->run('select * from \"...', Array, Object(Closure))
#4 C:/Users/ALI/Desktop/dar-al-ajneha/backend/vendor/laravel/framework/src/Illuminate/Database/Query/Builder.php(3631): Illuminate/Database/Connection->select('select * from \"...', Array, true, Array)
#5 C:/Users/ALI/Desktop/dar-al-ajneha/backend/vendor/laravel/framework/src/Illuminate/Database/Query/Builder.php(3615): Illuminate/Database/Query/Builder->runSelect()
#6 C:/Users/ALI/Desktop/dar-al-ajneha/backend/vendor/laravel/framework/src/Illuminate/Database/Eloquent/Builder.php(931): Illuminate/Database/Query/Builder->get(Array)
#7 C:/Users/ALI/Desktop/dar-al-ajneha/backend/vendor/laravel/framework/src/Illuminate/Database/Eloquent/Builder.php(913): Illuminate/Database/Eloquent/Builder->getModels(Array)
#8 C:/Users/ALI/Desktop/dar-al-ajneha/backend/vendor/laravel/framework/src/Illuminate/Database/Concerns/BuildsQueries.php(408): Illuminate/Database/Eloquent/Builder->get(Array)
#9 C:/Users/ALI/Desktop/dar-al-ajneha/backend/app/Http/Controllers/Auth/AuthController.php(21): Illuminate/Database/Eloquent/Builder->first()
#10 C:/Users/ALI/Desktop/dar-al-ajneha/backend/vendor/laravel/framework/src/Illuminate/Routing/ControllerDispatcher.php(46): App/Http/Controllers/Auth/AuthController->login(Object(App/Http/Requests/Auth/LoginRequest))
#11 C:/Users/ALI/Desktop/dar-al-ajneha/backend/vendor/laravel/framework/src/Illuminate/Routing/Route.php(276): Illuminate/Routing/ControllerDispatcher->dispatch(Object(Illuminate/Routing/Route), Object(App/Http/Controllers/Auth/AuthController), 'login')
#12 C:/Users/ALI/Desktop/dar-al-ajneha/backend/vendor/laravel/framework/src/Illuminate/Routing/Route.php(216): Illuminate/Routing/Route->runController()
#13 C:/Users/ALI/Desktop/dar-al-ajneha/backend/vendor/laravel/framework/src/Illuminate/Routing/Router.php(822): Illuminate/Routing/Route->run()
#14 C:/Users/ALI/Desktop/dar-al-ajneha/backend/vendor/laravel/framework/src/Illuminate/Pipeline/Pipeline.php(180): Illuminate/Routing/Router->{closure:Illuminate/Routing/Router::runRouteWithinStack():821}(Object(Illuminate/Http/Request))
#15 C:/Users/ALI/Desktop/dar-al-ajneha/backend/vendor/laravel/framework/src/Illuminate/Routing/Middleware/SubstituteBindings.php(52): Illuminate/Pipeline/Pipeline->{closure:Illuminate/Pipeline/Pipeline::prepareDestination():178}(Object(Illuminate/Http/Request))
#16 C:/Users/ALI/Desktop/dar-al-ajneha/backend/vendor/laravel/framework/src/Illuminate/Pipeline/Pipeline.php(219): Illuminate/Routing/Middleware/SubstituteBindings->handle(Object(Illuminate/Http/Request), Object(Closure))
#17 C:/Users/ALI/Desktop/dar-al-ajneha/backend/vendor/laravel/framework/src/Illuminate/Routing/Middleware/ThrottleRequests.php(168): Illuminate/Pipeline/Pipeline->{closure:{closure:Illuminate/Pipeline/Pipeline::carry():194}:195}(Object(Illuminate/Http/Request))
#18 C:/Users/ALI/Desktop/dar-al-ajneha/backend/vendor/laravel/framework/src/Illuminate/Routing/Middleware/ThrottleRequests.php(93): Illuminate/Routing/Middleware/ThrottleRequests->handleRequest(Object(Illuminate/Http/Request), Object(Closure), Array)
#19 C:/Users/ALI/Desktop/dar-al-ajneha/backend/vendor/laravel/framework/src/Illuminate/Pipeline/Pipeline.php(219): Illuminate/Routing/Middleware/ThrottleRequests->handle(Object(Illuminate/Http/Request), Object(Closure), '5', '1')
#20 C:/Users/ALI/Desktop/dar-al-ajneha/backend/vendor/laravel/framework/src/Illuminate/Pipeline/Pipeline.php(137): Illuminate/Pipeline/Pipeline->{closure:{closure:Illuminate/Pipeline/Pipeline::carry():194}:195}(Object(Illuminate/Http/Request))
#21 C:/Users/ALI/Desktop/dar-al-ajneha/backend/vendor/laravel/framework/src/Illuminate/Routing/Router.php(821): Illuminate/Pipeline/Pipeline->then(Object(Closure))
#22 C:/Users/ALI/Desktop/dar-al-ajneha/backend/vendor/laravel/framework/src/Illuminate/Routing/Router.php(800): Illuminate/Routing/Router->runRouteWithinStack(Object(Illuminate/Routing/Route), Object(Illuminate/Http/Request))
#23 C:/Users/ALI/Desktop/dar-al-ajneha/backend/vendor/laravel/framework/src/Illuminate/Routing/Router.php(764): Illuminate/Routing/Router->runRoute(Object(Illuminate/Http/Request), Object(Illuminate/Routing/Route))
#24 C:/Users/ALI/Desktop/dar-al-ajneha/backend/vendor/laravel/framework/src/Illuminate/Routing/Router.php(753): Illuminate/Routing/Router->dispatchToRoute(Object(Illuminate/Http/Request))
#25 C:/Users/ALI/Desktop/dar-al-ajneha/backend/vendor/laravel/framework/src/Illuminate/Foundation/Http/Kernel.php(200): Illuminate/Routing/Router->dispatch(Object(Illuminate/Http/Request))
#26 C:/Users/ALI/Desktop/dar-al-ajneha/backend/vendor/laravel/framework/src/Illuminate/Pipeline/Pipeline.php(180): Illuminate/Foundation/Http/Kernel->{closure:Illuminate/Foundation/Http/Kernel::dispatchToRouter():197}(Object(Illuminate/Http/Request))
#27 C:/Users/ALI/Desktop/dar-al-ajneha/backend/vendor/laravel/framework/src/Illuminate/Foundation/Http/Middleware/TransformsRequest.php(21): Illuminate/Pipeline/Pipeline->{closure:Illuminate/Pipeline/Pipeline::prepareDestination():178}(Object(Illuminate/Http/Request))
#28 C:/Users/ALI/Desktop/dar-al-ajneha/backend/vendor/laravel/framework/src/Illuminate/Foundation/Http/Middleware/ConvertEmptyStringsToNull.php(31): Illuminate/Foundation/Http/Middleware/TransformsRequest->handle(Object(Illuminate/Http/Request), Object(Closure))
#29 C:/Users/ALI/Desktop/dar-al-ajneha/backend/vendor/laravel/framework/src/Illuminate/Pipeline/Pipeline.php(219): Illuminate/Foundation/Http/Middleware/ConvertEmptyStringsToNull->handle(Object(Illuminate/Http/Request), Object(Closure))
#30 C:/Users/ALI/Desktop/dar-al-ajneha/backend/vendor/laravel/framework/src/Illuminate/Foundation/Http/Middleware/TransformsRequest.php(21): Illuminate/Pipeline/Pipeline->{closure:{closure:Illuminate/Pipeline/Pipeline::carry():194}:195}(Object(Illuminate/Http/Request))
#31 C:/Users/ALI/Desktop/dar-al-ajneha/backend/vendor/laravel/framework/src/Illuminate/Foundation/Http/Middleware/TrimStrings.php(51): Illuminate/Foundation/Http/Middleware/TransformsRequest->handle(Object(Illuminate/Http/Request), Object(Closure))
#32 C:/Users/ALI/Desktop/dar-al-ajneha/backend/vendor/laravel/framework/src/Illuminate/Pipeline/Pipeline.php(219): Illuminate/Foundation/Http/Middleware/TrimStrings->handle(Object(Illuminate/Http/Request), Object(Closure))
#33 C:/Users/ALI/Desktop/dar-al-ajneha/backend/vendor/laravel/framework/src/Illuminate/Http/Middleware/ValidatePostSize.php(27): Illuminate/Pipeline/Pipeline->{closure:{closure:Illuminate/Pipeline/Pipeline::carry():194}:195}(Object(Illuminate/Http/Request))
#34 C:/Users/ALI/Desktop/dar-al-ajneha/backend/vendor/laravel/framework/src/Illuminate/Pipeline/Pipeline.php(219): Illuminate/Http/Middleware/ValidatePostSize->handle(Object(Illuminate/Http/Request), Object(Closure))
#35 C:/Users/ALI/Desktop/dar-al-ajneha/backend/vendor/laravel/framework/src/Illuminate/Foundation/Http/Middleware/PreventRequestsDuringMaintenance.php(110): Illuminate/Pipeline/Pipeline->{closure:{closure:Illuminate/Pipeline/Pipeline::carry():194}:195}(Object(Illuminate/Http/Request))
#36 C:/Users/ALI/Desktop/dar-al-ajneha/backend/vendor/laravel/framework/src/Illuminate/Pipeline/Pipeline.php(219): Illuminate/Foundation/Http/Middleware/PreventRequestsDuringMaintenance->handle(Object(Illuminate/Http/Request), Object(Closure))
#37 C:/Users/ALI/Desktop/dar-al-ajneha/backend/vendor/laravel/framework/src/Illuminate/Http/Middleware/HandleCors.php(74): Illuminate/Pipeline/Pipeline->{closure:{closure:Illuminate/Pipeline/Pipeline::carry():194}:195}(Object(Illuminate/Http/Request))
#38 C:/Users/ALI/Desktop/dar-al-ajneha/backend/vendor/laravel/framework/src/Illuminate/Pipeline/Pipeline.php(219): Illuminate/Http/Middleware/HandleCors->handle(Object(Illuminate/Http/Request), Object(Closure))
#39 C:/Users/ALI/Desktop/dar-al-ajneha/backend/vendor/laravel/framework/src/Illuminate/Http/Middleware/TrustProxies.php(58): Illuminate/Pipeline/Pipeline->{closure:{closure:Illuminate/Pipeline/Pipeline::carry():194}:195}(Object(Illuminate/Http/Request))
#40 C:/Users/ALI/Desktop/dar-al-ajneha/backend/vendor/laravel/framework/src/Illuminate/Pipeline/Pipeline.php(219): Illuminate/Http/Middleware/TrustProxies->handle(Object(Illuminate/Http/Request), Object(Closure))
#41 C:/Users/ALI/Desktop/dar-al-ajneha/backend/vendor/laravel/framework/src/Illuminate/Foundation/Http/Middleware/InvokeDeferredCallbacks.php(22): Illuminate/Pipeline/Pipeline->{closure:{closure:Illuminate/Pipeline/Pipeline::carry():194}:195}(Object(Illuminate/Http/Request))
#42 C:/Users/ALI/Desktop/dar-al-ajneha/backend/vendor/laravel/framework/src/Illuminate/Pipeline/Pipeline.php(219): Illuminate/Foundation/Http/Middleware/InvokeDeferredCallbacks->handle(Object(Illuminate/Http/Request), Object(Closure))
#43 C:/Users/ALI/Desktop/dar-al-ajneha/backend/vendor/laravel/framework/src/Illuminate/Http/Middleware/ValidatePathEncoding.php(28): Illuminate/Pipeline/Pipeline->{closure:{closure:Illuminate/Pipeline/Pipeline::carry():194}:195}(Object(Illuminate/Http/Request))
#44 C:/Users/ALI/Desktop/dar-al-ajneha/backend/vendor/laravel/framework/src/Illuminate/Pipeline/Pipeline.php(219): Illuminate/Http/Middleware/ValidatePathEncoding->handle(Object(Illuminate/Http/Request), Object(Closure))
#45 C:/Users/ALI/Desktop/dar-al-ajneha/backend/vendor/laravel/framework/src/Illuminate/Pipeline/Pipeline.php(137): Illuminate/Pipeline/Pipeline->{closure:{closure:Illuminate/Pipeline/Pipeline::carry():194}:195}(Object(Illuminate/Http/Request))
#46 C:/Users/ALI/Desktop/dar-al-ajneha/backend/vendor/laravel/framework/src/Illuminate/Foundation/Http/Kernel.php(175): Illuminate/Pipeline/Pipeline->then(Object(Closure))
#47 C:/Users/ALI/Desktop/dar-al-ajneha/backend/vendor/laravel/framework/src/Illuminate/Foundation/Http/Kernel.php(144): Illuminate/Foundation/Http/Kernel->sendRequestThroughRouter(Object(Illuminate/Http/Request))
#48 C:/Users/ALI/Desktop/dar-al-ajneha/backend/vendor/laravel/framework/src/Illuminate/Foundation/Testing/Concerns/MakesHttpRequests.php(638): Illuminate/Foundation/Http/Kernel->handle(Object(Illuminate/Http/Request))
#49 C:/Users/ALI/Desktop/dar-al-ajneha/backend/vendor/laravel/framework/src/Illuminate/Foundation/Testing/Concerns/MakesHttpRequests.php(604): Illuminate/Foundation/Testing/TestCase->call('POST', '/api/v1/auth/lo...', Array, Array, Array, Array, '{\"email\":\"nonex...')
#50 C:/Users/ALI/Desktop/dar-al-ajneha/backend/vendor/laravel/framework/src/Illuminate/Foundation/Testing/Concerns/MakesHttpRequests.php(411): Illuminate/Foundation/Testing/TestCase->json('POST', '/api/v1/auth/lo...', Array, Array, 0)
#51 C:/Users/ALI/Desktop/dar-al-ajneha/backend/tests/Feature/Auth/LoginTest.php(23): Illuminate/Foundation/Testing/TestCase->postJson('/api/v1/auth/lo...', Array)
#52 C:/Users/ALI/Desktop/dar-al-ajneha/backend/vendor/pestphp/pest/src/Factories/TestCaseMethodFactory.php(177): P/Tests/Feature/Auth/LoginTest->{closure:C:/Users/ALI/Desktop/dar-al-ajneha/backend/tests/Feature/Auth/LoginTest.php:22}()
#53 [internal function]: P/Tests/Feature/Auth/LoginTest->{closure:Pest/Factories/TestCaseMethodFactory::getClosure():167}()
#54 C:/Users/ALI/Desktop/dar-al-ajneha/backend/vendor/pestphp/pest/src/Concerns/Testable.php(514): call_user_func_array(Object(Closure), Array)
#55 C:/Users/ALI/Desktop/dar-al-ajneha/backend/vendor/pestphp/pest/src/Support/ExceptionTrace.php(26): P/Tests/Feature/Auth/LoginTest->{closure:Pest/Concerns/Testable::__callClosure():514}()
#56 C:/Users/ALI/Desktop/dar-al-ajneha/backend/vendor/pestphp/pest/src/Concerns/Testable.php(514): Pest/Support/ExceptionTrace::ensure(Object(Closure))
#57 C:/Users/ALI/Desktop/dar-al-ajneha/backend/vendor/pestphp/pest/src/Concerns/Testable.php(336): P/Tests/Feature/Auth/LoginTest->__callClosure(Object(Closure), Array)
#58 C:/Users/ALI/Desktop/dar-al-ajneha/backend/vendor/pestphp/pest/src/Factories/TestCaseFactory.php(179) : eval()'d code(35): P/Tests/Feature/Auth/LoginTest->__runTest(Object(Closure))
#59 C:/Users/ALI/Desktop/dar-al-ajneha/backend/vendor/phpunit/phpunit/src/Framework/TestCase.php(1318): P/Tests/Feature/Auth/LoginTest->__pest_evaluable_invalid_email_returns_422()
#60 C:/Users/ALI/Desktop/dar-al-ajneha/backend/vendor/phpunit/phpunit/src/Framework/TestCase.php(1355): PHPUnit/Framework/TestCase->invokeTestMethod('__pest_evaluabl...', Array)
#61 C:/Users/ALI/Desktop/dar-al-ajneha/backend/vendor/phpunit/phpunit/src/Framework/TestCase.php(521): PHPUnit/Framework/TestCase->runTest()
#62 C:/Users/ALI/Desktop/dar-al-ajneha/backend/vendor/phpunit/phpunit/src/Framework/TestRunner/TestRunner.php(99): PHPUnit/Framework/TestCase->runBare()
#63 C:/Users/ALI/Desktop/dar-al-ajneha/backend/vendor/phpunit/phpunit/src/Framework/TestCase.php(361): PHPUnit/Framework/TestRunner->run(Object(P/Tests/Feature/Auth/LoginTest))
#64 C:/Users/ALI/Desktop/dar-al-ajneha/backend/vendor/phpunit/phpunit/src/Framework/TestSuite.php(374): PHPUnit/Framework/TestCase->run()
#65 C:/Users/ALI/Desktop/dar-al-ajneha/backend/vendor/phpunit/phpunit/src/Framework/TestSuite.php(374): PHPUnit/Framework/TestSuite->run()
#66 C:/Users/ALI/Desktop/dar-al-ajneha/backend/vendor/phpunit/phpunit/src/Framework/TestSuite.php(374): PHPUnit/Framework/TestSuite->run()
#67 C:/Users/ALI/Desktop/dar-al-ajneha/backend/vendor/phpunit/phpunit/src/TextUI/TestRunner.php(64): PHPUnit/Framework/TestSuite->run()
#68 C:/Users/ALI/Desktop/dar-al-ajneha/backend/vendor/phpunit/phpunit/src/TextUI/Application.php(229): PHPUnit/TextUI/TestRunner->run(Object(PHPUnit/TextUI/Configuration/Configuration), Object(PHPUnit/Runner/ResultCache/DefaultResultCache), Object(PHPUnit/Framework/TestSuite))
#69 C:/Users/ALI/Desktop/dar-al-ajneha/backend/vendor/pestphp/pest/src/Kernel.php(103): PHPUnit/TextUI/Application->run(Array)
#70 C:/Users/ALI/Desktop/dar-al-ajneha/backend/vendor/pestphp/pest/bin/pest(196): Pest/Kernel->handle(Array, Array)
#71 C:/Users/ALI/Desktop/dar-al-ajneha/backend/vendor/pestphp/pest/bin/pest(204): {closure:C:/Users/ALI/Desktop/dar-al-ajneha/backend/vendor/pestphp/pest/bin/pest:19}()
#72 {main}
"} 
[2026-09-28 15:51:28] testing.ERROR: SQLSTATE[42P01]: Undefined table: 7 ERROR:  relation "personal_access_tokens" does not exist
LINE 1: insert into "personal_access_tokens" ("name", "token", "abil...
                    ^ (Connection: pgsql, Host: 127.0.0.1, Port: 5432, Database: dar_al_ajneha, SQL: insert into "personal_access_tokens" ("name", "token", "abilities", "expires_at", "tokenable_id", "tokenable_type", "updated_at", "created_at") values (auth-token, 2d376a806f494dfad9e2d6f986989eb7de283e1a56485afb909f14d02446911f, ["*"], ?, 1, App\Models\User, 2026-09-28 15:51:28, 2026-09-28 15:51:28) returning "id") {"exception":"[object] (Illuminate\\Database\\QueryException(code: 42P01): SQLSTATE[42P01]: Undefined table: 7 ERROR:  relation \"personal_access_tokens\" does not exist
LINE 1: insert into \"personal_access_tokens\" (\"name\", \"token\", \"abil...
                    ^ (Connection: pgsql, Host: 127.0.0.1, Port: 5432, Database: dar_al_ajneha, SQL: insert into \"personal_access_tokens\" (\"name\", \"token\", \"abilities\", \"expires_at\", \"tokenable_id\", \"tokenable_type\", \"updated_at\", \"created_at\") values (auth-token, 2d376a806f494dfad9e2d6f986989eb7de283e1a56485afb909f14d02446911f, [\"*\"], ?, 1, App\\Models\\User, 2026-09-28 15:51:28, 2026-09-28 15:51:28) returning \"id\") at C:/Users/ALI/Desktop/dar-al-ajneha/backend/vendor/laravel/framework/src/Illuminate/Database/Connection.php:857)
[stacktrace]
#0 C:/Users/ALI/Desktop/dar-al-ajneha/backend/vendor/laravel/framework/src/Illuminate/Database/Connection.php(813): Illuminate/Database/Connection->runQueryCallback('insert into \"pe...', Array, Object(Closure))
#1 C:/Users/ALI/Desktop/dar-al-ajneha/backend/vendor/laravel/framework/src/Illuminate/Database/Connection.php(426): Illuminate/Database/Connection->run('insert into \"pe...', Array, Object(Closure))
#2 C:/Users/ALI/Desktop/dar-al-ajneha/backend/vendor/laravel/framework/src/Illuminate/Database/Connection.php(412): Illuminate/Database/Connection->select('insert into \"pe...', Array, false)
#3 C:/Users/ALI/Desktop/dar-al-ajneha/backend/vendor/laravel/framework/src/Illuminate/Database/Query/Processors/PostgresProcessor.php(24): Illuminate/Database/Connection->selectFromWriteConnection('insert into \"pe...', Array)
#4 C:/Users/ALI/Desktop/dar-al-ajneha/backend/vendor/laravel/framework/src/Illuminate/Database/Query/Builder.php(4315): Illuminate/Database/Query/Processors/PostgresProcessor->processInsertGetId(Object(Illuminate/Database/Query/Builder), 'insert into \"pe...', Array, 'id')
#5 C:/Users/ALI/Desktop/dar-al-ajneha/backend/vendor/laravel/framework/src/Illuminate/Database/Eloquent/Builder.php(2336): Illuminate/Database/Query/Builder->insertGetId(Array, 'id')
#6 C:/Users/ALI/Desktop/dar-al-ajneha/backend/vendor/laravel/framework/src/Illuminate/Database/Eloquent/Model.php(1713): Illuminate/Database/Eloquent/Builder->__call('insertGetId', Array)
#7 C:/Users/ALI/Desktop/dar-al-ajneha/backend/vendor/laravel/framework/src/Illuminate/Database/Eloquent/Model.php(1625): Illuminate/Database/Eloquent/Model->insertAndSetId(Object(Illuminate/Database/Eloquent/Builder), Array)
#8 C:/Users/ALI/Desktop/dar-al-ajneha/backend/vendor/laravel/framework/src/Illuminate/Database/Eloquent/Model.php(1427): Illuminate/Database/Eloquent/Model->performInsert(Object(Illuminate/Database/Eloquent/Builder))
#9 C:/Users/ALI/Desktop/dar-al-ajneha/backend/vendor/laravel/framework/src/Illuminate/Database/Eloquent/Relations/HasOneOrMany.php(393): Illuminate/Database/Eloquent/Model->save()
#10 C:/Users/ALI/Desktop/dar-al-ajneha/backend/vendor/laravel/framework/src/Illuminate/Support/helpers.php(393): Illuminate/Database/Eloquent/Relations/HasOneOrMany->{closure:Illuminate/Database/Eloquent/Relations/HasOneOrMany::create():390}(Object(Laravel/Sanctum/PersonalAccessToken))
#11 C:/Users/ALI/Desktop/dar-al-ajneha/backend/vendor/laravel/framework/src/Illuminate/Database/Eloquent/Relations/HasOneOrMany.php(390): tap(Object(Laravel/Sanctum/PersonalAccessToken), Object(Closure))
#12 C:/Users/ALI/Desktop/dar-al-ajneha/backend/vendor/laravel/sanctum/src/HasApiTokens.php(64): Illuminate/Database/Eloquent/Relations/HasOneOrMany->create(Array)
#13 C:/Users/ALI/Desktop/dar-al-ajneha/backend/app/Http/Controllers/Auth/AuthController.php(46): App/Models/User->createToken('auth-token')
#14 C:/Users/ALI/Desktop/dar-al-ajneha/backend/vendor/laravel/framework/src/Illuminate/Routing/ControllerDispatcher.php(46): App/Http/Controllers/Auth/AuthController->login(Object(App/Http/Requests/Auth/LoginRequest))
#15 C:/Users/ALI/Desktop/dar-al-ajneha/backend/vendor/laravel/framework/src/Illuminate/Routing/Route.php(276): Illuminate/Routing/ControllerDispatcher->dispatch(Object(Illuminate/Routing/Route), Object(App/Http/Controllers/Auth/AuthController), 'login')
#16 C:/Users/ALI/Desktop/dar-al-ajneha/backend/vendor/laravel/framework/src/Illuminate/Routing/Route.php(216): Illuminate/Routing/Route->runController()
#17 C:/Users/ALI/Desktop/dar-al-ajneha/backend/vendor/laravel/framework/src/Illuminate/Routing/Router.php(822): Illuminate/Routing/Route->run()
#18 C:/Users/ALI/Desktop/dar-al-ajneha/backend/vendor/laravel/framework/src/Illuminate/Pipeline/Pipeline.php(180): Illuminate/Routing/Router->{closure:Illuminate/Routing/Router::runRouteWithinStack():821}(Object(Illuminate/Http/Request))
#19 C:/Users/ALI/Desktop/dar-al-ajneha/backend/vendor/laravel/framework/src/Illuminate/Routing/Middleware/SubstituteBindings.php(52): Illuminate/Pipeline/Pipeline->{closure:Illuminate/Pipeline/Pipeline::prepareDestination():178}(Object(Illuminate/Http/Request))
#20 C:/Users/ALI/Desktop/dar-al-ajneha/backend/vendor/laravel/framework/src/Illuminate/Pipeline/Pipeline.php(219): Illuminate/Routing/Middleware/SubstituteBindings->handle(Object(Illuminate/Http/Request), Object(Closure))
#21 C:/Users/ALI/Desktop/dar-al-ajneha/backend/vendor/laravel/framework/src/Illuminate/Routing/Middleware/ThrottleRequests.php(168): Illuminate/Pipeline/Pipeline->{closure:{closure:Illuminate/Pipeline/Pipeline::carry():194}:195}(Object(Illuminate/Http/Request))
#22 C:/Users/ALI/Desktop/dar-al-ajneha/backend/vendor/laravel/framework/src/Illuminate/Routing/Middleware/ThrottleRequests.php(93): Illuminate/Routing/Middleware/ThrottleRequests->handleRequest(Object(Illuminate/Http/Request), Object(Closure), Array)
#23 C:/Users/ALI/Desktop/dar-al-ajneha/backend/vendor/laravel/framework/src/Illuminate/Pipeline/Pipeline.php(219): Illuminate/Routing/Middleware/ThrottleRequests->handle(Object(Illuminate/Http/Request), Object(Closure), '5', '1')
#24 C:/Users/ALI/Desktop/dar-al-ajneha/backend/vendor/laravel/framework/src/Illuminate/Pipeline/Pipeline.php(137): Illuminate/Pipeline/Pipeline->{closure:{closure:Illuminate/Pipeline/Pipeline::carry():194}:195}(Object(Illuminate/Http/Request))
#25 C:/Users/ALI/Desktop/dar-al-ajneha/backend/vendor/laravel/framework/src/Illuminate/Routing/Router.php(821): Illuminate/Pipeline/Pipeline->then(Object(Closure))
#26 C:/Users/ALI/Desktop/dar-al-ajneha/backend/vendor/laravel/framework/src/Illuminate/Routing/Router.php(800): Illuminate/Routing/Router->runRouteWithinStack(Object(Illuminate/Routing/Route), Object(Illuminate/Http/Request))
#27 C:/Users/ALI/Desktop/dar-al-ajneha/backend/vendor/laravel/framework/src/Illuminate/Routing/Router.php(764): Illuminate/Routing/Router->runRoute(Object(Illuminate/Http/Request), Object(Illuminate/Routing/Route))
#28 C:/Users/ALI/Desktop/dar-al-ajneha/backend/vendor/laravel/framework/src/Illuminate/Routing/Router.php(753): Illuminate/Routing/Router->dispatchToRoute(Object(Illuminate/Http/Request))
#29 C:/Users/ALI/Desktop/dar-al-ajneha/backend/vendor/laravel/framework/src/Illuminate/Foundation/Http/Kernel.php(200): Illuminate/Routing/Router->dispatch(Object(Illuminate/Http/Request))
#30 C:/Users/ALI/Desktop/dar-al-ajneha/backend/vendor/laravel/framework/src/Illuminate/Pipeline/Pipeline.php(180): Illuminate/Foundation/Http/Kernel->{closure:Illuminate/Foundation/Http/Kernel::dispatchToRouter():197}(Object(Illuminate/Http/Request))
#31 C:/Users/ALI/Desktop/dar-al-ajneha/backend/vendor/laravel/framework/src/Illuminate/Foundation/Http/Middleware/TransformsRequest.php(21): Illuminate/Pipeline/Pipeline->{closure:Illuminate/Pipeline/Pipeline::prepareDestination():178}(Object(Illuminate/Http/Request))
#32 C:/Users/ALI/Desktop/dar-al-ajneha/backend/vendor/laravel/framework/src/Illuminate/Foundation/Http/Middleware/ConvertEmptyStringsToNull.php(31): Illuminate/Foundation/Http/Middleware/TransformsRequest->handle(Object(Illuminate/Http/Request), Object(Closure))
#33 C:/Users/ALI/Desktop/dar-al-ajneha/backend/vendor/laravel/framework/src/Illuminate/Pipeline/Pipeline.php(219): Illuminate/Foundation/Http/Middleware/ConvertEmptyStringsToNull->handle(Object(Illuminate/Http/Request), Object(Closure))
#34 C:/Users/ALI/Desktop/dar-al-ajneha/backend/vendor/laravel/framework/src/Illuminate/Foundation/Http/Middleware/TransformsRequest.php(21): Illuminate/Pipeline/Pipeline->{closure:{closure:Illuminate/Pipeline/Pipeline::carry():194}:195}(Object(Illuminate/Http/Request))
#35 C:/Users/ALI/Desktop/dar-al-ajneha/backend/vendor/laravel/framework/src/Illuminate/Foundation/Http/Middleware/TrimStrings.php(51): Illuminate/Foundation/Http/Middleware/TransformsRequest->handle(Object(Illuminate/Http/Request), Object(Closure))
#36 C:/Users/ALI/Desktop/dar-al-ajneha/backend/vendor/laravel/framework/src/Illuminate/Pipeline/Pipeline.php(219): Illuminate/Foundation/Http/Middleware/TrimStrings->handle(Object(Illuminate/Http/Request), Object(Closure))
#37 C:/Users/ALI/Desktop/dar-al-ajneha/backend/vendor/laravel/framework/src/Illuminate/Http/Middleware/ValidatePostSize.php(27): Illuminate/Pipeline/Pipeline->{closure:{closure:Illuminate/Pipeline/Pipeline::carry():194}:195}(Object(Illuminate/Http/Request))
#38 C:/Users/ALI/Desktop/dar-al-ajneha/backend/vendor/laravel/framework/src/Illuminate/Pipeline/Pipeline.php(219): Illuminate/Http/Middleware/ValidatePostSize->handle(Object(Illuminate/Http/Request), Object(Closure))
#39 C:/Users/ALI/Desktop/dar-al-ajneha/backend/vendor/laravel/framework/src/Illuminate/Foundation/Http/Middleware/PreventRequestsDuringMaintenance.php(110): Illuminate/Pipeline/Pipeline->{closure:{closure:Illuminate/Pipeline/Pipeline::carry():194}:195}(Object(Illuminate/Http/Request))
#40 C:/Users/ALI/Desktop/dar-al-ajneha/backend/vendor/laravel/framework/src/Illuminate/Pipeline/Pipeline.php(219): Illuminate/Foundation/Http/Middleware/PreventRequestsDuringMaintenance->handle(Object(Illuminate/Http/Request), Object(Closure))
#41 C:/Users/ALI/Desktop/dar-al-ajneha/backend/vendor/laravel/framework/src/Illuminate/Http/Middleware/HandleCors.php(74): Illuminate/Pipeline/Pipeline->{closure:{closure:Illuminate/Pipeline/Pipeline::carry():194}:195}(Object(Illuminate/Http/Request))
#42 C:/Users/ALI/Desktop/dar-al-ajneha/backend/vendor/laravel/framework/src/Illuminate/Pipeline/Pipeline.php(219): Illuminate/Http/Middleware/HandleCors->handle(Object(Illuminate/Http/Request), Object(Closure))
#43 C:/Users/ALI/Desktop/dar-al-ajneha/backend/vendor/laravel/framework/src/Illuminate/Http/Middleware/TrustProxies.php(58): Illuminate/Pipeline/Pipeline->{closure:{closure:Illuminate/Pipeline/Pipeline::carry():194}:195}(Object(Illuminate/Http/Request))
#44 C:/Users/ALI/Desktop/dar-al-ajneha/backend/vendor/laravel/framework/src/Illuminate/Pipeline/Pipeline.php(219): Illuminate/Http/Middleware/TrustProxies->handle(Object(Illuminate/Http/Request), Object(Closure))
#45 C:/Users/ALI/Desktop/dar-al-ajneha/backend/vendor/laravel/framework/src/Illuminate/Foundation/Http/Middleware/InvokeDeferredCallbacks.php(22): Illuminate/Pipeline/Pipeline->{closure:{closure:Illuminate/Pipeline/Pipeline::carry():194}:195}(Object(Illuminate/Http/Request))
#46 C:/Users/ALI/Desktop/dar-al-ajneha/backend/vendor/laravel/framework/src/Illuminate/Pipeline/Pipeline.php(219): Illuminate/Foundation/Http/Middleware/InvokeDeferredCallbacks->handle(Object(Illuminate/Http/Request), Object(Closure))
#47 C:/Users/ALI/Desktop/dar-al-ajneha/backend/vendor/laravel/framework/src/Illuminate/Http/Middleware/ValidatePathEncoding.php(28): Illuminate/Pipeline/Pipeline->{closure:{closure:Illuminate/Pipeline/Pipeline::carry():194}:195}(Object(Illuminate/Http/Request))
#48 C:/Users/ALI/Desktop/dar-al-ajneha/backend/vendor/laravel/framework/src/Illuminate/Pipeline/Pipeline.php(219): Illuminate/Http/Middleware/ValidatePathEncoding->handle(Object(Illuminate/Http/Request), Object(Closure))
#49 C:/Users/ALI/Desktop/dar-al-ajneha/backend/vendor/laravel/framework/src/Illuminate/Pipeline/Pipeline.php(137): Illuminate/Pipeline/Pipeline->{closure:{closure:Illuminate/Pipeline/Pipeline::carry():194}:195}(Object(Illuminate/Http/Request))
#50 C:/Users/ALI/Desktop/dar-al-ajneha/backend/vendor/laravel/framework/src/Illuminate/Foundation/Http/Kernel.php(175): Illuminate/Pipeline/Pipeline->then(Object(Closure))
#51 C:/Users/ALI/Desktop/dar-al-ajneha/backend/vendor/laravel/framework/src/Illuminate/Foundation/Http/Kernel.php(144): Illuminate/Foundation/Http/Kernel->sendRequestThroughRouter(Object(Illuminate/Http/Request))
#52 C:/Users/ALI/Desktop/dar-al-ajneha/backend/vendor/laravel/framework/src/Illuminate/Foundation/Testing/Concerns/MakesHttpRequests.php(638): Illuminate/Foundation/Http/Kernel->handle(Object(Illuminate/Http/Request))
#53 C:/Users/ALI/Desktop/dar-al-ajneha/backend/vendor/laravel/framework/src/Illuminate/Foundation/Testing/Concerns/MakesHttpRequests.php(604): Illuminate/Foundation/Testing/TestCase->call('POST', '/api/v1/auth/lo...', Array, Array, Array, Array, '{\"email\":\"test@...')
#54 C:/Users/ALI/Desktop/dar-al-ajneha/backend/vendor/laravel/framework/src/Illuminate/Foundation/Testing/Concerns/MakesHttpRequests.php(411): Illuminate/Foundation/Testing/TestCase->json('POST', '/api/v1/auth/lo...', Array, Array, 0)
#55 C:/Users/ALI/Desktop/dar-al-ajneha/backend/tests/Feature/ActivityLogTest.php(13): Illuminate/Foundation/Testing/TestCase->postJson('/api/v1/auth/lo...', Array)
#56 C:/Users/ALI/Desktop/dar-al-ajneha/backend/vendor/pestphp/pest/src/Factories/TestCaseMethodFactory.php(177): P/Tests/Feature/ActivityLogTest->{closure:C:/Users/ALI/Desktop/dar-al-ajneha/backend/tests/Feature/ActivityLogTest.php:7}()
#57 [internal function]: P/Tests/Feature/ActivityLogTest->{closure:Pest/Factories/TestCaseMethodFactory::getClosure():167}()
#58 C:/Users/ALI/Desktop/dar-al-ajneha/backend/vendor/pestphp/pest/src/Concerns/Testable.php(514): call_user_func_array(Object(Closure), Array)
#59 C:/Users/ALI/Desktop/dar-al-ajneha/backend/vendor/pestphp/pest/src/Support/ExceptionTrace.php(26): P/Tests/Feature/ActivityLogTest->{closure:Pest/Concerns/Testable::__callClosure():514}()
#60 C:/Users/ALI/Desktop/dar-al-ajneha/backend/vendor/pestphp/pest/src/Concerns/Testable.php(514): Pest/Support/ExceptionTrace::ensure(Object(Closure))
#61 C:/Users/ALI/Desktop/dar-al-ajneha/backend/vendor/pestphp/pest/src/Concerns/Testable.php(336): P/Tests/Feature/ActivityLogTest->__callClosure(Object(Closure), Array)
#62 C:/Users/ALI/Desktop/dar-al-ajneha/backend/vendor/pestphp/pest/src/Factories/TestCaseFactory.php(179) : eval()'d code(22): P/Tests/Feature/ActivityLogTest->__runTest(Object(Closure))
#63 C:/Users/ALI/Desktop/dar-al-ajneha/backend/vendor/phpunit/phpunit/src/Framework/TestCase.php(1318): P/Tests/Feature/ActivityLogTest->__pest_evaluable_login_writes_user_login_activity_log_row()
#64 C:/Users/ALI/Desktop/dar-al-ajneha/backend/vendor/phpunit/phpunit/src/Framework/TestCase.php(1355): PHPUnit/Framework/TestCase->invokeTestMethod('__pest_evaluabl...', Array)
#65 C:/Users/ALI/Desktop/dar-al-ajneha/backend/vendor/phpunit/phpunit/src/Framework/TestCase.php(521): PHPUnit/Framework/TestCase->runTest()
#66 C:/Users/ALI/Desktop/dar-al-ajneha/backend/vendor/phpunit/phpunit/src/Framework/TestRunner/TestRunner.php(99): PHPUnit/Framework/TestCase->runBare()
#67 C:/Users/ALI/Desktop/dar-al-ajneha/backend/vendor/phpunit/phpunit/src/Framework/TestCase.php(361): PHPUnit/Framework/TestRunner->run(Object(P/Tests/Feature/ActivityLogTest))
#68 C:/Users/ALI/Desktop/dar-al-ajneha/backend/vendor/phpunit/phpunit/src/Framework/TestSuite.php(374): PHPUnit/Framework/TestCase->run()
#69 C:/Users/ALI/Desktop/dar-al-ajneha/backend/vendor/phpunit/phpunit/src/Framework/TestSuite.php(374): PHPUnit/Framework/TestSuite->run()
#70 C:/Users/ALI/Desktop/dar-al-ajneha/backend/vendor/phpunit/phpunit/src/Framework/TestSuite.php(374): PHPUnit/Framework/TestSuite->run()
#71 C:/Users/ALI/Desktop/dar-al-ajneha/backend/vendor/phpunit/phpunit/src/TextUI/TestRunner.php(64): PHPUnit/Framework/TestSuite->run()
#72 C:/Users/ALI/Desktop/dar-al-ajneha/backend/vendor/phpunit/phpunit/src/TextUI/Application.php(229): PHPUnit/TextUI/TestRunner->run(Object(PHPUnit/TextUI/Configuration/Configuration), Object(PHPUnit/Runner/ResultCache/DefaultResultCache), Object(PHPUnit/Framework/TestSuite))
#73 C:/Users/ALI/Desktop/dar-al-ajneha/backend/vendor/pestphp/pest/src/Kernel.php(103): PHPUnit/TextUI/Application->run(Array)
#74 C:/Users/ALI/Desktop/dar-al-ajneha/backend/vendor/pestphp/pest/bin/pest(196): Pest/Kernel->handle(Array, Array)
#75 C:/Users/ALI/Desktop/dar-al-ajneha/backend/vendor/pestphp/pest/bin/pest(204): {closure:C:/Users/ALI/Desktop/dar-al-ajneha/backend/vendor/pestphp/pest/bin/pest:19}()
#76 {main}

[previous exception] [object] (PDOException(code: 42P01): SQLSTATE[42P01]: Undefined table: 7 ERROR:  relation \"personal_access_tokens\" does not exist
LINE 1: insert into \"personal_access_tokens\" (\"name\", \"token\", \"abil...
                    ^ at C:/Users/ALI/Desktop/dar-al-ajneha/backend/vendor/laravel/framework/src/Illuminate/Database/Connection.php:440)
[stacktrace]
#0 C:/Users/ALI/Desktop/dar-al-ajneha/backend/vendor/laravel/framework/src/Illuminate/Database/Connection.php(440): PDOStatement->execute()
#1 C:/Users/ALI/Desktop/dar-al-ajneha/backend/vendor/laravel/framework/src/Illuminate/Database/Connection.php(846): Illuminate/Database/Connection->{closure:Illuminate/Database/Connection::select():426}('insert into \"pe...', Array)
#2 C:/Users/ALI/Desktop/dar-al-ajneha/backend/vendor/laravel/framework/src/Illuminate/Database/Connection.php(813): Illuminate/Database/Connection->runQueryCallback('insert into \"pe...', Array, Object(Closure))
#3 C:/Users/ALI/Desktop/dar-al-ajneha/backend/vendor/laravel/framework/src/Illuminate/Database/Connection.php(426): Illuminate/Database/Connection->run('insert into \"pe...', Array, Object(Closure))
#4 C:/Users/ALI/Desktop/dar-al-ajneha/backend/vendor/laravel/framework/src/Illuminate/Database/Connection.php(412): Illuminate/Database/Connection->select('insert into \"pe...', Array, false)
#5 C:/Users/ALI/Desktop/dar-al-ajneha/backend/vendor/laravel/framework/src/Illuminate/Database/Query/Processors/PostgresProcessor.php(24): Illuminate/Database/Connection->selectFromWriteConnection('insert into \"pe...', Array)
#6 C:/Users/ALI/Desktop/dar-al-ajneha/backend/vendor/laravel/framework/src/Illuminate/Database/Query/Builder.php(4315): Illuminate/Database/Query/Processors/PostgresProcessor->processInsertGetId(Object(Illuminate/Database/Query/Builder), 'insert into \"pe...', Array, 'id')
#7 C:/Users/ALI/Desktop/dar-al-ajneha/backend/vendor/laravel/framework/src/Illuminate/Database/Eloquent/Builder.php(2336): Illuminate/Database/Query/Builder->insertGetId(Array, 'id')
#8 C:/Users/ALI/Desktop/dar-al-ajneha/backend/vendor/laravel/framework/src/Illuminate/Database/Eloquent/Model.php(1713): Illuminate/Database/Eloquent/Builder->__call('insertGetId', Array)
#9 C:/Users/ALI/Desktop/dar-al-ajneha/backend/vendor/laravel/framework/src/Illuminate/Database/Eloquent/Model.php(1625): Illuminate/Database/Eloquent/Model->insertAndSetId(Object(Illuminate/Database/Eloquent/Builder), Array)
#10 C:/Users/ALI/Desktop/dar-al-ajneha/backend/vendor/laravel/framework/src/Illuminate/Database/Eloquent/Model.php(1427): Illuminate/Database/Eloquent/Model->performInsert(Object(Illuminate/Database/Eloquent/Builder))
#11 C:/Users/ALI/Desktop/dar-al-ajneha/backend/vendor/laravel/framework/src/Illuminate/Database/Eloquent/Relations/HasOneOrMany.php(393): Illuminate/Database/Eloquent/Model->save()
#12 C:/Users/ALI/Desktop/dar-al-ajneha/backend/vendor/laravel/framework/src/Illuminate/Support/helpers.php(393): Illuminate/Database/Eloquent/Relations/HasOneOrMany->{closure:Illuminate/Database/Eloquent/Relations/HasOneOrMany::create():390}(Object(Laravel/Sanctum/PersonalAccessToken))
#13 C:/Users/ALI/Desktop/dar-al-ajneha/backend/vendor/laravel/framework/src/Illuminate/Database/Eloquent/Relations/HasOneOrMany.php(390): tap(Object(Laravel/Sanctum/PersonalAccessToken), Object(Closure))
#14 C:/Users/ALI/Desktop/dar-al-ajneha/backend/vendor/laravel/sanctum/src/HasApiTokens.php(64): Illuminate/Database/Eloquent/Relations/HasOneOrMany->create(Array)
#15 C:/Users/ALI/Desktop/dar-al-ajneha/backend/app/Http/Controllers/Auth/AuthController.php(46): App/Models/User->createToken('auth-token')
#16 C:/Users/ALI/Desktop/dar-al-ajneha/backend/vendor/laravel/framework/src/Illuminate/Routing/ControllerDispatcher.php(46): App/Http/Controllers/Auth/AuthController->login(Object(App/Http/Requests/Auth/LoginRequest))
#17 C:/Users/ALI/Desktop/dar-al-ajneha/backend/vendor/laravel/framework/src/Illuminate/Routing/Route.php(276): Illuminate/Routing/ControllerDispatcher->dispatch(Object(Illuminate/Routing/Route), Object(App/Http/Controllers/Auth/AuthController), 'login')
#18 C:/Users/ALI/Desktop/dar-al-ajneha/backend/vendor/laravel/framework/src/Illuminate/Routing/Route.php(216): Illuminate/Routing/Route->runController()
#19 C:/Users/ALI/Desktop/dar-al-ajneha/backend/vendor/laravel/framework/src/Illuminate/Routing/Router.php(822): Illuminate/Routing/Route->run()
#20 C:/Users/ALI/Desktop/dar-al-ajneha/backend/vendor/laravel/framework/src/Illuminate/Pipeline/Pipeline.php(180): Illuminate/Routing/Router->{closure:Illuminate/Routing/Router::runRouteWithinStack():821}(Object(Illuminate/Http/Request))
#21 C:/Users/ALI/Desktop/dar-al-ajneha/backend/vendor/laravel/framework/src/Illuminate/Routing/Middleware/SubstituteBindings.php(52): Illuminate/Pipeline/Pipeline->{closure:Illuminate/Pipeline/Pipeline::prepareDestination():178}(Object(Illuminate/Http/Request))
#22 C:/Users/ALI/Desktop/dar-al-ajneha/backend/vendor/laravel/framework/src/Illuminate/Pipeline/Pipeline.php(219): Illuminate/Routing/Middleware/SubstituteBindings->handle(Object(Illuminate/Http/Request), Object(Closure))
#23 C:/Users/ALI/Desktop/dar-al-ajneha/backend/vendor/laravel/framework/src/Illuminate/Routing/Middleware/ThrottleRequests.php(168): Illuminate/Pipeline/Pipeline->{closure:{closure:Illuminate/Pipeline/Pipeline::carry():194}:195}(Object(Illuminate/Http/Request))
#24 C:/Users/ALI/Desktop/dar-al-ajneha/backend/vendor/laravel/framework/src/Illuminate/Routing/Middleware/ThrottleRequests.php(93): Illuminate/Routing/Middleware/ThrottleRequests->handleRequest(Object(Illuminate/Http/Request), Object(Closure), Array)
#25 C:/Users/ALI/Desktop/dar-al-ajneha/backend/vendor/laravel/framework/src/Illuminate/Pipeline/Pipeline.php(219): Illuminate/Routing/Middleware/ThrottleRequests->handle(Object(Illuminate/Http/Request), Object(Closure), '5', '1')
#26 C:/Users/ALI/Desktop/dar-al-ajneha/backend/vendor/laravel/framework/src/Illuminate/Pipeline/Pipeline.php(137): Illuminate/Pipeline/Pipeline->{closure:{closure:Illuminate/Pipeline/Pipeline::carry():194}:195}(Object(Illuminate/Http/Request))
#27 C:/Users/ALI/Desktop/dar-al-ajneha/backend/vendor/laravel/framework/src/Illuminate/Routing/Router.php(821): Illuminate/Pipeline/Pipeline->then(Object(Closure))
#28 C:/Users/ALI/Desktop/dar-al-ajneha/backend/vendor/laravel/framework/src/Illuminate/Routing/Router.php(800): Illuminate/Routing/Router->runRouteWithinStack(Object(Illuminate/Routing/Route), Object(Illuminate/Http/Request))
#29 C:/Users/ALI/Desktop/dar-al-ajneha/backend/vendor/laravel/framework/src/Illuminate/Routing/Router.php(764): Illuminate/Routing/Router->runRoute(Object(Illuminate/Http/Request), Object(Illuminate/Routing/Route))
#30 C:/Users/ALI/Desktop/dar-al-ajneha/backend/vendor/laravel/framework/src/Illuminate/Routing/Router.php(753): Illuminate/Routing/Router->dispatchToRoute(Object(Illuminate/Http/Request))
#31 C:/Users/ALI/Desktop/dar-al-ajneha/backend/vendor/laravel/framework/src/Illuminate/Foundation/Http/Kernel.php(200): Illuminate/Routing/Router->dispatch(Object(Illuminate/Http/Request))
#32 C:/Users/ALI/Desktop/dar-al-ajneha/backend/vendor/laravel/framework/src/Illuminate/Pipeline/Pipeline.php(180): Illuminate/Foundation/Http/Kernel->{closure:Illuminate/Foundation/Http/Kernel::dispatchToRouter():197}(Object(Illuminate/Http/Request))
#33 C:/Users/ALI/Desktop/dar-al-ajneha/backend/vendor/laravel/framework/src/Illuminate/Foundation/Http/Middleware/TransformsRequest.php(21): Illuminate/Pipeline/Pipeline->{closure:Illuminate/Pipeline/Pipeline::prepareDestination():178}(Object(Illuminate/Http/Request))
#34 C:/Users/ALI/Desktop/dar-al-ajneha/backend/vendor/laravel/framework/src/Illuminate/Foundation/Http/Middleware/ConvertEmptyStringsToNull.php(31): Illuminate/Foundation/Http/Middleware/TransformsRequest->handle(Object(Illuminate/Http/Request), Object(Closure))
#35 C:/Users/ALI/Desktop/dar-al-ajneha/backend/vendor/laravel/framework/src/Illuminate/Pipeline/Pipeline.php(219): Illuminate/Foundation/Http/Middleware/ConvertEmptyStringsToNull->handle(Object(Illuminate/Http/Request), Object(Closure))
#36 C:/Users/ALI/Desktop/dar-al-ajneha/backend/vendor/laravel/framework/src/Illuminate/Foundation/Http/Middleware/TransformsRequest.php(21): Illuminate/Pipeline/Pipeline->{closure:{closure:Illuminate/Pipeline/Pipeline::carry():194}:195}(Object(Illuminate/Http/Request))
#37 C:/Users/ALI/Desktop/dar-al-ajneha/backend/vendor/laravel/framework/src/Illuminate/Foundation/Http/Middleware/TrimStrings.php(51): Illuminate/Foundation/Http/Middleware/TransformsRequest->handle(Object(Illuminate/Http/Request), Object(Closure))
#38 C:/Users/ALI/Desktop/dar-al-ajneha/backend/vendor/laravel/framework/src/Illuminate/Pipeline/Pipeline.php(219): Illuminate/Foundation/Http/Middleware/TrimStrings->handle(Object(Illuminate/Http/Request), Object(Closure))
#39 C:/Users/ALI/Desktop/dar-al-ajneha/backend/vendor/laravel/framework/src/Illuminate/Http/Middleware/ValidatePostSize.php(27): Illuminate/Pipeline/Pipeline->{closure:{closure:Illuminate/Pipeline/Pipeline::carry():194}:195}(Object(Illuminate/Http/Request))
#40 C:/Users/ALI/Desktop/dar-al-ajneha/backend/vendor/laravel/framework/src/Illuminate/Pipeline/Pipeline.php(219): Illuminate/Http/Middleware/ValidatePostSize->handle(Object(Illuminate/Http/Request), Object(Closure))
#41 C:/Users/ALI/Desktop/dar-al-ajneha/backend/vendor/laravel/framework/src/Illuminate/Foundation/Http/Middleware/PreventRequestsDuringMaintenance.php(110): Illuminate/Pipeline/Pipeline->{closure:{closure:Illuminate/Pipeline/Pipeline::carry():194}:195}(Object(Illuminate/Http/Request))
#42 C:/Users/ALI/Desktop/dar-al-ajneha/backend/vendor/laravel/framework/src/Illuminate/Pipeline/Pipeline.php(219): Illuminate/Foundation/Http/Middleware/PreventRequestsDuringMaintenance->handle(Object(Illuminate/Http/Request), Object(Closure))
#43 C:/Users/ALI/Desktop/dar-al-ajneha/backend/vendor/laravel/framework/src/Illuminate/Http/Middleware/HandleCors.php(74): Illuminate/Pipeline/Pipeline->{closure:{closure:Illuminate/Pipeline/Pipeline::carry():194}:195}(Object(Illuminate/Http/Request))
#44 C:/Users/ALI/Desktop/dar-al-ajneha/backend/vendor/laravel/framework/src/Illuminate/Pipeline/Pipeline.php(219): Illuminate/Http/Middleware/HandleCors->handle(Object(Illuminate/Http/Request), Object(Closure))
#45 C:/Users/ALI/Desktop/dar-al-ajneha/backend/vendor/laravel/framework/src/Illuminate/Http/Middleware/TrustProxies.php(58): Illuminate/Pipeline/Pipeline->{closure:{closure:Illuminate/Pipeline/Pipeline::carry():194}:195}(Object(Illuminate/Http/Request))
#46 C:/Users/ALI/Desktop/dar-al-ajneha/backend/vendor/laravel/framework/src/Illuminate/Pipeline/Pipeline.php(219): Illuminate/Http/Middleware/TrustProxies->handle(Object(Illuminate/Http/Request), Object(Closure))
#47 C:/Users/ALI/Desktop/dar-al-ajneha/backend/vendor/laravel/framework/src/Illuminate/Foundation/Http/Middleware/InvokeDeferredCallbacks.php(22): Illuminate/Pipeline/Pipeline->{closure:{closure:Illuminate/Pipeline/Pipeline::carry():194}:195}(Object(Illuminate/Http/Request))
#48 C:/Users/ALI/Desktop/dar-al-ajneha/backend/vendor/laravel/framework/src/Illuminate/Pipeline/Pipeline.php(219): Illuminate/Foundation/Http/Middleware/InvokeDeferredCallbacks->handle(Object(Illuminate/Http/Request), Object(Closure))
#49 C:/Users/ALI/Desktop/dar-al-ajneha/backend/vendor/laravel/framework/src/Illuminate/Http/Middleware/ValidatePathEncoding.php(28): Illuminate/Pipeline/Pipeline->{closure:{closure:Illuminate/Pipeline/Pipeline::carry():194}:195}(Object(Illuminate/Http/Request))
#50 C:/Users/ALI/Desktop/dar-al-ajneha/backend/vendor/laravel/framework/src/Illuminate/Pipeline/Pipeline.php(219): Illuminate/Http/Middleware/ValidatePathEncoding->handle(Object(Illuminate/Http/Request), Object(Closure))
#51 C:/Users/ALI/Desktop/dar-al-ajneha/backend/vendor/laravel/framework/src/Illuminate/Pipeline/Pipeline.php(137): Illuminate/Pipeline/Pipeline->{closure:{closure:Illuminate/Pipeline/Pipeline::carry():194}:195}(Object(Illuminate/Http/Request))
#52 C:/Users/ALI/Desktop/dar-al-ajneha/backend/vendor/laravel/framework/src/Illuminate/Foundation/Http/Kernel.php(175): Illuminate/Pipeline/Pipeline->then(Object(Closure))
#53 C:/Users/ALI/Desktop/dar-al-ajneha/backend/vendor/laravel/framework/src/Illuminate/Foundation/Http/Kernel.php(144): Illuminate/Foundation/Http/Kernel->sendRequestThroughRouter(Object(Illuminate/Http/Request))
#54 C:/Users/ALI/Desktop/dar-al-ajneha/backend/vendor/laravel/framework/src/Illuminate/Foundation/Testing/Concerns/MakesHttpRequests.php(638): Illuminate/Foundation/Http/Kernel->handle(Object(Illuminate/Http/Request))
#55 C:/Users/ALI/Desktop/dar-al-ajneha/backend/vendor/laravel/framework/src/Illuminate/Foundation/Testing/Concerns/MakesHttpRequests.php(604): Illuminate/Foundation/Testing/TestCase->call('POST', '/api/v1/auth/lo...', Array, Array, Array, Array, '{\"email\":\"test@...')
#56 C:/Users/ALI/Desktop/dar-al-ajneha/backend/vendor/laravel/framework/src/Illuminate/Foundation/Testing/Concerns/MakesHttpRequests.php(411): Illuminate/Foundation/Testing/TestCase->json('POST', '/api/v1/auth/lo...', Array, Array, 0)
#57 C:/Users/ALI/Desktop/dar-al-ajneha/backend/tests/Feature/ActivityLogTest.php(13): Illuminate/Foundation/Testing/TestCase->postJson('/api/v1/auth/lo...', Array)
#58 C:/Users/ALI/Desktop/dar-al-ajneha/backend/vendor/pestphp/pest/src/Factories/TestCaseMethodFactory.php(177): P/Tests/Feature/ActivityLogTest->{closure:C:/Users/ALI/Desktop/dar-al-ajneha/backend/tests/Feature/ActivityLogTest.php:7}()
#59 [internal function]: P/Tests/Feature/ActivityLogTest->{closure:Pest/Factories/TestCaseMethodFactory::getClosure():167}()
#60 C:/Users/ALI/Desktop/dar-al-ajneha/backend/vendor/pestphp/pest/src/Concerns/Testable.php(514): call_user_func_array(Object(Closure), Array)
#61 C:/Users/ALI/Desktop/dar-al-ajneha/backend/vendor/pestphp/pest/src/Support/ExceptionTrace.php(26): P/Tests/Feature/ActivityLogTest->{closure:Pest/Concerns/Testable::__callClosure():514}()
#62 C:/Users/ALI/Desktop/dar-al-ajneha/backend/vendor/pestphp/pest/src/Concerns/Testable.php(514): Pest/Support/ExceptionTrace::ensure(Object(Closure))
#63 C:/Users/ALI/Desktop/dar-al-ajneha/backend/vendor/pestphp/pest/src/Concerns/Testable.php(336): P/Tests/Feature/ActivityLogTest->__callClosure(Object(Closure), Array)
#64 C:/Users/ALI/Desktop/dar-al-ajneha/backend/vendor/pestphp/pest/src/Factories/TestCaseFactory.php(179) : eval()'d code(22): P/Tests/Feature/ActivityLogTest->__runTest(Object(Closure))
#65 C:/Users/ALI/Desktop/dar-al-ajneha/backend/vendor/phpunit/phpunit/src/Framework/TestCase.php(1318): P/Tests/Feature/ActivityLogTest->__pest_evaluable_login_writes_user_login_activity_log_row()
#66 C:/Users/ALI/Desktop/dar-al-ajneha/backend/vendor/phpunit/phpunit/src/Framework/TestCase.php(1355): PHPUnit/Framework/TestCase->invokeTestMethod('__pest_evaluabl...', Array)
#67 C:/Users/ALI/Desktop/dar-al-ajneha/backend/vendor/phpunit/phpunit/src/Framework/TestCase.php(521): PHPUnit/Framework/TestCase->runTest()
#68 C:/Users/ALI/Desktop/dar-al-ajneha/backend/vendor/phpunit/phpunit/src/Framework/TestRunner/TestRunner.php(99): PHPUnit/Framework/TestCase->runBare()
#69 C:/Users/ALI/Desktop/dar-al-ajneha/backend/vendor/phpunit/phpunit/src/Framework/TestCase.php(361): PHPUnit/Framework/TestRunner->run(Object(P/Tests/Feature/ActivityLogTest))
#70 C:/Users/ALI/Desktop/dar-al-ajneha/backend/vendor/phpunit/phpunit/src/Framework/TestSuite.php(374): PHPUnit/Framework/TestCase->run()
#71 C:/Users/ALI/Desktop/dar-al-ajneha/backend/vendor/phpunit/phpunit/src/Framework/TestSuite.php(374): PHPUnit/Framework/TestSuite->run()
#72 C:/Users/ALI/Desktop/dar-al-ajneha/backend/vendor/phpunit/phpunit/src/Framework/TestSuite.php(374): PHPUnit/Framework/TestSuite->run()
#73 C:/Users/ALI/Desktop/dar-al-ajneha/backend/vendor/phpunit/phpunit/src/TextUI/TestRunner.php(64): PHPUnit/Framework/TestSuite->run()
#74 C:/Users/ALI/Desktop/dar-al-ajneha/backend/vendor/phpunit/phpunit/src/TextUI/Application.php(229): PHPUnit/TextUI/TestRunner->run(Object(PHPUnit/TextUI/Configuration/Configuration), Object(PHPUnit/Runner/ResultCache/DefaultResultCache), Object(PHPUnit/Framework/TestSuite))
#75 C:/Users/ALI/Desktop/dar-al-ajneha/backend/vendor/pestphp/pest/src/Kernel.php(103): PHPUnit/TextUI/Application->run(Array)
#76 C:/Users/ALI/Desktop/dar-al-ajneha/backend/vendor/pestphp/pest/bin/pest(196): Pest/Kernel->handle(Array, Array)
#77 C:/Users/ALI/Desktop/dar-al-ajneha/backend/vendor/pestphp/pest/bin/pest(204): {closure:C:/Users/ALI/Desktop/dar-al-ajneha/backend/vendor/pestphp/pest/bin/pest:19}()
#78 {main}
"} 
[2026-09-28 15:51:28] testing.ERROR: SQLSTATE[42P01]: Undefined table: 7 ERROR:  relation "personal_access_tokens" does not exist
LINE 1: insert into "personal_access_tokens" ("name", "token", "abil...
                    ^ (Connection: pgsql, Host: 127.0.0.1, Port: 5432, Database: dar_al_ajneha, SQL: insert into "personal_access_tokens" ("name", "token", "abilities", "expires_at", "tokenable_id", "tokenable_type", "updated_at", "created_at") values (auth-token, 0dd983ceed1c64969ad928766206362354c6f16740b71807459858dbd52980d4, ["*"], ?, 3, App\Models\User, 2026-09-28 15:51:28, 2026-09-28 15:51:28) returning "id") {"exception":"[object] (Illuminate\\Database\\QueryException(code: 42P01): SQLSTATE[42P01]: Undefined table: 7 ERROR:  relation \"personal_access_tokens\" does not exist
LINE 1: insert into \"personal_access_tokens\" (\"name\", \"token\", \"abil...
                    ^ (Connection: pgsql, Host: 127.0.0.1, Port: 5432, Database: dar_al_ajneha, SQL: insert into \"personal_access_tokens\" (\"name\", \"token\", \"abilities\", \"expires_at\", \"tokenable_id\", \"tokenable_type\", \"updated_at\", \"created_at\") values (auth-token, 0dd983ceed1c64969ad928766206362354c6f16740b71807459858dbd52980d4, [\"*\"], ?, 3, App\\Models\\User, 2026-09-28 15:51:28, 2026-09-28 15:51:28) returning \"id\") at C:/Users/ALI/Desktop/dar-al-ajneha/backend/vendor/laravel/framework/src/Illuminate/Database/Connection.php:857)
[stacktrace]
#0 C:/Users/ALI/Desktop/dar-al-ajneha/backend/vendor/laravel/framework/src/Illuminate/Database/Connection.php(813): Illuminate/Database/Connection->runQueryCallback('insert into \"pe...', Array, Object(Closure))
#1 C:/Users/ALI/Desktop/dar-al-ajneha/backend/vendor/laravel/framework/src/Illuminate/Database/Connection.php(426): Illuminate/Database/Connection->run('insert into \"pe...', Array, Object(Closure))
#2 C:/Users/ALI/Desktop/dar-al-ajneha/backend/vendor/laravel/framework/src/Illuminate/Database/Connection.php(412): Illuminate/Database/Connection->select('insert into \"pe...', Array, false)
#3 C:/Users/ALI/Desktop/dar-al-ajneha/backend/vendor/laravel/framework/src/Illuminate/Database/Query/Processors/PostgresProcessor.php(24): Illuminate/Database/Connection->selectFromWriteConnection('insert into \"pe...', Array)
#4 C:/Users/ALI/Desktop/dar-al-ajneha/backend/vendor/laravel/framework/src/Illuminate/Database/Query/Builder.php(4315): Illuminate/Database/Query/Processors/PostgresProcessor->processInsertGetId(Object(Illuminate/Database/Query/Builder), 'insert into \"pe...', Array, 'id')
#5 C:/Users/ALI/Desktop/dar-al-ajneha/backend/vendor/laravel/framework/src/Illuminate/Database/Eloquent/Builder.php(2336): Illuminate/Database/Query/Builder->insertGetId(Array, 'id')
#6 C:/Users/ALI/Desktop/dar-al-ajneha/backend/vendor/laravel/framework/src/Illuminate/Database/Eloquent/Model.php(1713): Illuminate/Database/Eloquent/Builder->__call('insertGetId', Array)
#7 C:/Users/ALI/Desktop/dar-al-ajneha/backend/vendor/laravel/framework/src/Illuminate/Database/Eloquent/Model.php(1625): Illuminate/Database/Eloquent/Model->insertAndSetId(Object(Illuminate/Database/Eloquent/Builder), Array)
#8 C:/Users/ALI/Desktop/dar-al-ajneha/backend/vendor/laravel/framework/src/Illuminate/Database/Eloquent/Model.php(1427): Illuminate/Database/Eloquent/Model->performInsert(Object(Illuminate/Database/Eloquent/Builder))
#9 C:/Users/ALI/Desktop/dar-al-ajneha/backend/vendor/laravel/framework/src/Illuminate/Database/Eloquent/Relations/HasOneOrMany.php(393): Illuminate/Database/Eloquent/Model->save()
#10 C:/Users/ALI/Desktop/dar-al-ajneha/backend/vendor/laravel/framework/src/Illuminate/Support/helpers.php(393): Illuminate/Database/Eloquent/Relations/HasOneOrMany->{closure:Illuminate/Database/Eloquent/Relations/HasOneOrMany::create():390}(Object(Laravel/Sanctum/PersonalAccessToken))
#11 C:/Users/ALI/Desktop/dar-al-ajneha/backend/vendor/laravel/framework/src/Illuminate/Database/Eloquent/Relations/HasOneOrMany.php(390): tap(Object(Laravel/Sanctum/PersonalAccessToken), Object(Closure))
#12 C:/Users/ALI/Desktop/dar-al-ajneha/backend/vendor/laravel/sanctum/src/HasApiTokens.php(64): Illuminate/Database/Eloquent/Relations/HasOneOrMany->create(Array)
#13 C:/Users/ALI/Desktop/dar-al-ajneha/backend/app/Http/Controllers/Auth/AuthController.php(46): App/Models/User->createToken('auth-token')
#14 C:/Users/ALI/Desktop/dar-al-ajneha/backend/vendor/laravel/framework/src/Illuminate/Routing/ControllerDispatcher.php(46): App/Http/Controllers/Auth/AuthController->login(Object(App/Http/Requests/Auth/LoginRequest))
#15 C:/Users/ALI/Desktop/dar-al-ajneha/backend/vendor/laravel/framework/src/Illuminate/Routing/Route.php(276): Illuminate/Routing/ControllerDispatcher->dispatch(Object(Illuminate/Routing/Route), Object(App/Http/Controllers/Auth/AuthController), 'login')
#16 C:/Users/ALI/Desktop/dar-al-ajneha/backend/vendor/laravel/framework/src/Illuminate/Routing/Route.php(216): Illuminate/Routing/Route->runController()
#17 C:/Users/ALI/Desktop/dar-al-ajneha/backend/vendor/laravel/framework/src/Illuminate/Routing/Router.php(822): Illuminate/Routing/Route->run()
#18 C:/Users/ALI/Desktop/dar-al-ajneha/backend/vendor/laravel/framework/src/Illuminate/Pipeline/Pipeline.php(180): Illuminate/Routing/Router->{closure:Illuminate/Routing/Router::runRouteWithinStack():821}(Object(Illuminate/Http/Request))
#19 C:/Users/ALI/Desktop/dar-al-ajneha/backend/vendor/laravel/framework/src/Illuminate/Routing/Middleware/SubstituteBindings.php(52): Illuminate/Pipeline/Pipeline->{closure:Illuminate/Pipeline/Pipeline::prepareDestination():178}(Object(Illuminate/Http/Request))
#20 C:/Users/ALI/Desktop/dar-al-ajneha/backend/vendor/laravel/framework/src/Illuminate/Pipeline/Pipeline.php(219): Illuminate/Routing/Middleware/SubstituteBindings->handle(Object(Illuminate/Http/Request), Object(Closure))
#21 C:/Users/ALI/Desktop/dar-al-ajneha/backend/vendor/laravel/framework/src/Illuminate/Routing/Middleware/ThrottleRequests.php(168): Illuminate/Pipeline/Pipeline->{closure:{closure:Illuminate/Pipeline/Pipeline::carry():194}:195}(Object(Illuminate/Http/Request))
#22 C:/Users/ALI/Desktop/dar-al-ajneha/backend/vendor/laravel/framework/src/Illuminate/Routing/Middleware/ThrottleRequests.php(93): Illuminate/Routing/Middleware/ThrottleRequests->handleRequest(Object(Illuminate/Http/Request), Object(Closure), Array)
#23 C:/Users/ALI/Desktop/dar-al-ajneha/backend/vendor/laravel/framework/src/Illuminate/Pipeline/Pipeline.php(219): Illuminate/Routing/Middleware/ThrottleRequests->handle(Object(Illuminate/Http/Request), Object(Closure), '5', '1')
#24 C:/Users/ALI/Desktop/dar-al-ajneha/backend/vendor/laravel/framework/src/Illuminate/Pipeline/Pipeline.php(137): Illuminate/Pipeline/Pipeline->{closure:{closure:Illuminate/Pipeline/Pipeline::carry():194}:195}(Object(Illuminate/Http/Request))
#25 C:/Users/ALI/Desktop/dar-al-ajneha/backend/vendor/laravel/framework/src/Illuminate/Routing/Router.php(821): Illuminate/Pipeline/Pipeline->then(Object(Closure))
#26 C:/Users/ALI/Desktop/dar-al-ajneha/backend/vendor/laravel/framework/src/Illuminate/Routing/Router.php(800): Illuminate/Routing/Router->runRouteWithinStack(Object(Illuminate/Routing/Route), Object(Illuminate/Http/Request))
#27 C:/Users/ALI/Desktop/dar-al-ajneha/backend/vendor/laravel/framework/src/Illuminate/Routing/Router.php(764): Illuminate/Routing/Router->runRoute(Object(Illuminate/Http/Request), Object(Illuminate/Routing/Route))
#28 C:/Users/ALI/Desktop/dar-al-ajneha/backend/vendor/laravel/framework/src/Illuminate/Routing/Router.php(753): Illuminate/Routing/Router->dispatchToRoute(Object(Illuminate/Http/Request))
#29 C:/Users/ALI/Desktop/dar-al-ajneha/backend/vendor/laravel/framework/src/Illuminate/Foundation/Http/Kernel.php(200): Illuminate/Routing/Router->dispatch(Object(Illuminate/Http/Request))
#30 C:/Users/ALI/Desktop/dar-al-ajneha/backend/vendor/laravel/framework/src/Illuminate/Pipeline/Pipeline.php(180): Illuminate/Foundation/Http/Kernel->{closure:Illuminate/Foundation/Http/Kernel::dispatchToRouter():197}(Object(Illuminate/Http/Request))
#31 C:/Users/ALI/Desktop/dar-al-ajneha/backend/vendor/laravel/framework/src/Illuminate/Foundation/Http/Middleware/TransformsRequest.php(21): Illuminate/Pipeline/Pipeline->{closure:Illuminate/Pipeline/Pipeline::prepareDestination():178}(Object(Illuminate/Http/Request))
#32 C:/Users/ALI/Desktop/dar-al-ajneha/backend/vendor/laravel/framework/src/Illuminate/Foundation/Http/Middleware/ConvertEmptyStringsToNull.php(31): Illuminate/Foundation/Http/Middleware/TransformsRequest->handle(Object(Illuminate/Http/Request), Object(Closure))
#33 C:/Users/ALI/Desktop/dar-al-ajneha/backend/vendor/laravel/framework/src/Illuminate/Pipeline/Pipeline.php(219): Illuminate/Foundation/Http/Middleware/ConvertEmptyStringsToNull->handle(Object(Illuminate/Http/Request), Object(Closure))
#34 C:/Users/ALI/Desktop/dar-al-ajneha/backend/vendor/laravel/framework/src/Illuminate/Foundation/Http/Middleware/TransformsRequest.php(21): Illuminate/Pipeline/Pipeline->{closure:{closure:Illuminate/Pipeline/Pipeline::carry():194}:195}(Object(Illuminate/Http/Request))
#35 C:/Users/ALI/Desktop/dar-al-ajneha/backend/vendor/laravel/framework/src/Illuminate/Foundation/Http/Middleware/TrimStrings.php(51): Illuminate/Foundation/Http/Middleware/TransformsRequest->handle(Object(Illuminate/Http/Request), Object(Closure))
#36 C:/Users/ALI/Desktop/dar-al-ajneha/backend/vendor/laravel/framework/src/Illuminate/Pipeline/Pipeline.php(219): Illuminate/Foundation/Http/Middleware/TrimStrings->handle(Object(Illuminate/Http/Request), Object(Closure))
#37 C:/Users/ALI/Desktop/dar-al-ajneha/backend/vendor/laravel/framework/src/Illuminate/Http/Middleware/ValidatePostSize.php(27): Illuminate/Pipeline/Pipeline->{closure:{closure:Illuminate/Pipeline/Pipeline::carry():194}:195}(Object(Illuminate/Http/Request))
#38 C:/Users/ALI/Desktop/dar-al-ajneha/backend/vendor/laravel/framework/src/Illuminate/Pipeline/Pipeline.php(219): Illuminate/Http/Middleware/ValidatePostSize->handle(Object(Illuminate/Http/Request), Object(Closure))
#39 C:/Users/ALI/Desktop/dar-al-ajneha/backend/vendor/laravel/framework/src/Illuminate/Foundation/Http/Middleware/PreventRequestsDuringMaintenance.php(110): Illuminate/Pipeline/Pipeline->{closure:{closure:Illuminate/Pipeline/Pipeline::carry():194}:195}(Object(Illuminate/Http/Request))
#40 C:/Users/ALI/Desktop/dar-al-ajneha/backend/vendor/laravel/framework/src/Illuminate/Pipeline/Pipeline.php(219): Illuminate/Foundation/Http/Middleware/PreventRequestsDuringMaintenance->handle(Object(Illuminate/Http/Request), Object(Closure))
#41 C:/Users/ALI/Desktop/dar-al-ajneha/backend/vendor/laravel/framework/src/Illuminate/Http/Middleware/HandleCors.php(74): Illuminate/Pipeline/Pipeline->{closure:{closure:Illuminate/Pipeline/Pipeline::carry():194}:195}(Object(Illuminate/Http/Request))
#42 C:/Users/ALI/Desktop/dar-al-ajneha/backend/vendor/laravel/framework/src/Illuminate/Pipeline/Pipeline.php(219): Illuminate/Http/Middleware/HandleCors->handle(Object(Illuminate/Http/Request), Object(Closure))
#43 C:/Users/ALI/Desktop/dar-al-ajneha/backend/vendor/laravel/framework/src/Illuminate/Http/Middleware/TrustProxies.php(58): Illuminate/Pipeline/Pipeline->{closure:{closure:Illuminate/Pipeline/Pipeline::carry():194}:195}(Object(Illuminate/Http/Request))
#44 C:/Users/ALI/Desktop/dar-al-ajneha/backend/vendor/laravel/framework/src/Illuminate/Pipeline/Pipeline.php(219): Illuminate/Http/Middleware/TrustProxies->handle(Object(Illuminate/Http/Request), Object(Closure))
#45 C:/Users/ALI/Desktop/dar-al-ajneha/backend/vendor/laravel/framework/src/Illuminate/Foundation/Http/Middleware/InvokeDeferredCallbacks.php(22): Illuminate/Pipeline/Pipeline->{closure:{closure:Illuminate/Pipeline/Pipeline::carry():194}:195}(Object(Illuminate/Http/Request))
#46 C:/Users/ALI/Desktop/dar-al-ajneha/backend/vendor/laravel/framework/src/Illuminate/Pipeline/Pipeline.php(219): Illuminate/Foundation/Http/Middleware/InvokeDeferredCallbacks->handle(Object(Illuminate/Http/Request), Object(Closure))
#47 C:/Users/ALI/Desktop/dar-al-ajneha/backend/vendor/laravel/framework/src/Illuminate/Http/Middleware/ValidatePathEncoding.php(28): Illuminate/Pipeline/Pipeline->{closure:{closure:Illuminate/Pipeline/Pipeline::carry():194}:195}(Object(Illuminate/Http/Request))
#48 C:/Users/ALI/Desktop/dar-al-ajneha/backend/vendor/laravel/framework/src/Illuminate/Pipeline/Pipeline.php(219): Illuminate/Http/Middleware/ValidatePathEncoding->handle(Object(Illuminate/Http/Request), Object(Closure))
#49 C:/Users/ALI/Desktop/dar-al-ajneha/backend/vendor/laravel/framework/src/Illuminate/Pipeline/Pipeline.php(137): Illuminate/Pipeline/Pipeline->{closure:{closure:Illuminate/Pipeline/Pipeline::carry():194}:195}(Object(Illuminate/Http/Request))
#50 C:/Users/ALI/Desktop/dar-al-ajneha/backend/vendor/laravel/framework/src/Illuminate/Foundation/Http/Kernel.php(175): Illuminate/Pipeline/Pipeline->then(Object(Closure))
#51 C:/Users/ALI/Desktop/dar-al-ajneha/backend/vendor/laravel/framework/src/Illuminate/Foundation/Http/Kernel.php(144): Illuminate/Foundation/Http/Kernel->sendRequestThroughRouter(Object(Illuminate/Http/Request))
#52 C:/Users/ALI/Desktop/dar-al-ajneha/backend/vendor/laravel/framework/src/Illuminate/Foundation/Testing/Concerns/MakesHttpRequests.php(638): Illuminate/Foundation/Http/Kernel->handle(Object(Illuminate/Http/Request))
#53 C:/Users/ALI/Desktop/dar-al-ajneha/backend/vendor/laravel/framework/src/Illuminate/Foundation/Testing/Concerns/MakesHttpRequests.php(604): Illuminate/Foundation/Testing/TestCase->call('POST', '/api/v1/auth/lo...', Array, Array, Array, Array, '{\"email\":\"test@...')
#54 C:/Users/ALI/Desktop/dar-al-ajneha/backend/vendor/laravel/framework/src/Illuminate/Foundation/Testing/Concerns/MakesHttpRequests.php(411): Illuminate/Foundation/Testing/TestCase->json('POST', '/api/v1/auth/lo...', Array, Array, 0)
#55 C:/Users/ALI/Desktop/dar-al-ajneha/backend/tests/Feature/Auth/LoginTest.php(13): Illuminate/Foundation/Testing/TestCase->postJson('/api/v1/auth/lo...', Array)
#56 C:/Users/ALI/Desktop/dar-al-ajneha/backend/vendor/pestphp/pest/src/Factories/TestCaseMethodFactory.php(177): P/Tests/Feature/Auth/LoginTest->{closure:C:/Users/ALI/Desktop/dar-al-ajneha/backend/tests/Feature/Auth/LoginTest.php:6}()
#57 [internal function]: P/Tests/Feature/Auth/LoginTest->{closure:Pest/Factories/TestCaseMethodFactory::getClosure():167}()
#58 C:/Users/ALI/Desktop/dar-al-ajneha/backend/vendor/pestphp/pest/src/Concerns/Testable.php(514): call_user_func_array(Object(Closure), Array)
#59 C:/Users/ALI/Desktop/dar-al-ajneha/backend/vendor/pestphp/pest/src/Support/ExceptionTrace.php(26): P/Tests/Feature/Auth/LoginTest->{closure:Pest/Concerns/Testable::__callClosure():514}()
#60 C:/Users/ALI/Desktop/dar-al-ajneha/backend/vendor/pestphp/pest/src/Concerns/Testable.php(514): Pest/Support/ExceptionTrace::ensure(Object(Closure))
#61 C:/Users/ALI/Desktop/dar-al-ajneha/backend/vendor/pestphp/pest/src/Concerns/Testable.php(336): P/Tests/Feature/Auth/LoginTest->__callClosure(Object(Closure), Array)
#62 C:/Users/ALI/Desktop/dar-al-ajneha/backend/vendor/pestphp/pest/src/Factories/TestCaseFactory.php(179) : eval()'d code(22): P/Tests/Feature/Auth/LoginTest->__runTest(Object(Closure))
#63 C:/Users/ALI/Desktop/dar-al-ajneha/backend/vendor/phpunit/phpunit/src/Framework/TestCase.php(1318): P/Tests/Feature/Auth/LoginTest->__pest_evaluable_valid_credentials_return_200_and_user()
#64 C:/Users/ALI/Desktop/dar-al-ajneha/backend/vendor/phpunit/phpunit/src/Framework/TestCase.php(1355): PHPUnit/Framework/TestCase->invokeTestMethod('__pest_evaluabl...', Array)
#65 C:/Users/ALI/Desktop/dar-al-ajneha/backend/vendor/phpunit/phpunit/src/Framework/TestCase.php(521): PHPUnit/Framework/TestCase->runTest()
#66 C:/Users/ALI/Desktop/dar-al-ajneha/backend/vendor/phpunit/phpunit/src/Framework/TestRunner/TestRunner.php(99): PHPUnit/Framework/TestCase->runBare()
#67 C:/Users/ALI/Desktop/dar-al-ajneha/backend/vendor/phpunit/phpunit/src/Framework/TestCase.php(361): PHPUnit/Framework/TestRunner->run(Object(P/Tests/Feature/Auth/LoginTest))
#68 C:/Users/ALI/Desktop/dar-al-ajneha/backend/vendor/phpunit/phpunit/src/Framework/TestSuite.php(374): PHPUnit/Framework/TestCase->run()
#69 C:/Users/ALI/Desktop/dar-al-ajneha/backend/vendor/phpunit/phpunit/src/Framework/TestSuite.php(374): PHPUnit/Framework/TestSuite->run()
#70 C:/Users/ALI/Desktop/dar-al-ajneha/backend/vendor/phpunit/phpunit/src/Framework/TestSuite.php(374): PHPUnit/Framework/TestSuite->run()
#71 C:/Users/ALI/Desktop/dar-al-ajneha/backend/vendor/phpunit/phpunit/src/TextUI/TestRunner.php(64): PHPUnit/Framework/TestSuite->run()
#72 C:/Users/ALI/Desktop/dar-al-ajneha/backend/vendor/phpunit/phpunit/src/TextUI/Application.php(229): PHPUnit/TextUI/TestRunner->run(Object(PHPUnit/TextUI/Configuration/Configuration), Object(PHPUnit/Runner/ResultCache/DefaultResultCache), Object(PHPUnit/Framework/TestSuite))
#73 C:/Users/ALI/Desktop/dar-al-ajneha/backend/vendor/pestphp/pest/src/Kernel.php(103): PHPUnit/TextUI/Application->run(Array)
#74 C:/Users/ALI/Desktop/dar-al-ajneha/backend/vendor/pestphp/pest/bin/pest(196): Pest/Kernel->handle(Array, Array)
#75 C:/Users/ALI/Desktop/dar-al-ajneha/backend/vendor/pestphp/pest/bin/pest(204): {closure:C:/Users/ALI/Desktop/dar-al-ajneha/backend/vendor/pestphp/pest/bin/pest:19}()
#76 {main}

[previous exception] [object] (PDOException(code: 42P01): SQLSTATE[42P01]: Undefined table: 7 ERROR:  relation \"personal_access_tokens\" does not exist
LINE 1: insert into \"personal_access_tokens\" (\"name\", \"token\", \"abil...
                    ^ at C:/Users/ALI/Desktop/dar-al-ajneha/backend/vendor/laravel/framework/src/Illuminate/Database/Connection.php:440)
[stacktrace]
#0 C:/Users/ALI/Desktop/dar-al-ajneha/backend/vendor/laravel/framework/src/Illuminate/Database/Connection.php(440): PDOStatement->execute()
#1 C:/Users/ALI/Desktop/dar-al-ajneha/backend/vendor/laravel/framework/src/Illuminate/Database/Connection.php(846): Illuminate/Database/Connection->{closure:Illuminate/Database/Connection::select():426}('insert into \"pe...', Array)
#2 C:/Users/ALI/Desktop/dar-al-ajneha/backend/vendor/laravel/framework/src/Illuminate/Database/Connection.php(813): Illuminate/Database/Connection->runQueryCallback('insert into \"pe...', Array, Object(Closure))
#3 C:/Users/ALI/Desktop/dar-al-ajneha/backend/vendor/laravel/framework/src/Illuminate/Database/Connection.php(426): Illuminate/Database/Connection->run('insert into \"pe...', Array, Object(Closure))
#4 C:/Users/ALI/Desktop/dar-al-ajneha/backend/vendor/laravel/framework/src/Illuminate/Database/Connection.php(412): Illuminate/Database/Connection->select('insert into \"pe...', Array, false)
#5 C:/Users/ALI/Desktop/dar-al-ajneha/backend/vendor/laravel/framework/src/Illuminate/Database/Query/Processors/PostgresProcessor.php(24): Illuminate/Database/Connection->selectFromWriteConnection('insert into \"pe...', Array)
#6 C:/Users/ALI/Desktop/dar-al-ajneha/backend/vendor/laravel/framework/src/Illuminate/Database/Query/Builder.php(4315): Illuminate/Database/Query/Processors/PostgresProcessor->processInsertGetId(Object(Illuminate/Database/Query/Builder), 'insert into \"pe...', Array, 'id')
#7 C:/Users/ALI/Desktop/dar-al-ajneha/backend/vendor/laravel/framework/src/Illuminate/Database/Eloquent/Builder.php(2336): Illuminate/Database/Query/Builder->insertGetId(Array, 'id')
#8 C:/Users/ALI/Desktop/dar-al-ajneha/backend/vendor/laravel/framework/src/Illuminate/Database/Eloquent/Model.php(1713): Illuminate/Database/Eloquent/Builder->__call('insertGetId', Array)
#9 C:/Users/ALI/Desktop/dar-al-ajneha/backend/vendor/laravel/framework/src/Illuminate/Database/Eloquent/Model.php(1625): Illuminate/Database/Eloquent/Model->insertAndSetId(Object(Illuminate/Database/Eloquent/Builder), Array)
#10 C:/Users/ALI/Desktop/dar-al-ajneha/backend/vendor/laravel/framework/src/Illuminate/Database/Eloquent/Model.php(1427): Illuminate/Database/Eloquent/Model->performInsert(Object(Illuminate/Database/Eloquent/Builder))
#11 C:/Users/ALI/Desktop/dar-al-ajneha/backend/vendor/laravel/framework/src/Illuminate/Database/Eloquent/Relations/HasOneOrMany.php(393): Illuminate/Database/Eloquent/Model->save()
#12 C:/Users/ALI/Desktop/dar-al-ajneha/backend/vendor/laravel/framework/src/Illuminate/Support/helpers.php(393): Illuminate/Database/Eloquent/Relations/HasOneOrMany->{closure:Illuminate/Database/Eloquent/Relations/HasOneOrMany::create():390}(Object(Laravel/Sanctum/PersonalAccessToken))
#13 C:/Users/ALI/Desktop/dar-al-ajneha/backend/vendor/laravel/framework/src/Illuminate/Database/Eloquent/Relations/HasOneOrMany.php(390): tap(Object(Laravel/Sanctum/PersonalAccessToken), Object(Closure))
#14 C:/Users/ALI/Desktop/dar-al-ajneha/backend/vendor/laravel/sanctum/src/HasApiTokens.php(64): Illuminate/Database/Eloquent/Relations/HasOneOrMany->create(Array)
#15 C:/Users/ALI/Desktop/dar-al-ajneha/backend/app/Http/Controllers/Auth/AuthController.php(46): App/Models/User->createToken('auth-token')
#16 C:/Users/ALI/Desktop/dar-al-ajneha/backend/vendor/laravel/framework/src/Illuminate/Routing/ControllerDispatcher.php(46): App/Http/Controllers/Auth/AuthController->login(Object(App/Http/Requests/Auth/LoginRequest))
#17 C:/Users/ALI/Desktop/dar-al-ajneha/backend/vendor/laravel/framework/src/Illuminate/Routing/Route.php(276): Illuminate/Routing/ControllerDispatcher->dispatch(Object(Illuminate/Routing/Route), Object(App/Http/Controllers/Auth/AuthController), 'login')
#18 C:/Users/ALI/Desktop/dar-al-ajneha/backend/vendor/laravel/framework/src/Illuminate/Routing/Route.php(216): Illuminate/Routing/Route->runController()
#19 C:/Users/ALI/Desktop/dar-al-ajneha/backend/vendor/laravel/framework/src/Illuminate/Routing/Router.php(822): Illuminate/Routing/Route->run()
#20 C:/Users/ALI/Desktop/dar-al-ajneha/backend/vendor/laravel/framework/src/Illuminate/Pipeline/Pipeline.php(180): Illuminate/Routing/Router->{closure:Illuminate/Routing/Router::runRouteWithinStack():821}(Object(Illuminate/Http/Request))
#21 C:/Users/ALI/Desktop/dar-al-ajneha/backend/vendor/laravel/framework/src/Illuminate/Routing/Middleware/SubstituteBindings.php(52): Illuminate/Pipeline/Pipeline->{closure:Illuminate/Pipeline/Pipeline::prepareDestination():178}(Object(Illuminate/Http/Request))
#22 C:/Users/ALI/Desktop/dar-al-ajneha/backend/vendor/laravel/framework/src/Illuminate/Pipeline/Pipeline.php(219): Illuminate/Routing/Middleware/SubstituteBindings->handle(Object(Illuminate/Http/Request), Object(Closure))
#23 C:/Users/ALI/Desktop/dar-al-ajneha/backend/vendor/laravel/framework/src/Illuminate/Routing/Middleware/ThrottleRequests.php(168): Illuminate/Pipeline/Pipeline->{closure:{closure:Illuminate/Pipeline/Pipeline::carry():194}:195}(Object(Illuminate/Http/Request))
#24 C:/Users/ALI/Desktop/dar-al-ajneha/backend/vendor/laravel/framework/src/Illuminate/Routing/Middleware/ThrottleRequests.php(93): Illuminate/Routing/Middleware/ThrottleRequests->handleRequest(Object(Illuminate/Http/Request), Object(Closure), Array)
#25 C:/Users/ALI/Desktop/dar-al-ajneha/backend/vendor/laravel/framework/src/Illuminate/Pipeline/Pipeline.php(219): Illuminate/Routing/Middleware/ThrottleRequests->handle(Object(Illuminate/Http/Request), Object(Closure), '5', '1')
#26 C:/Users/ALI/Desktop/dar-al-ajneha/backend/vendor/laravel/framework/src/Illuminate/Pipeline/Pipeline.php(137): Illuminate/Pipeline/Pipeline->{closure:{closure:Illuminate/Pipeline/Pipeline::carry():194}:195}(Object(Illuminate/Http/Request))
#27 C:/Users/ALI/Desktop/dar-al-ajneha/backend/vendor/laravel/framework/src/Illuminate/Routing/Router.php(821): Illuminate/Pipeline/Pipeline->then(Object(Closure))
#28 C:/Users/ALI/Desktop/dar-al-ajneha/backend/vendor/laravel/framework/src/Illuminate/Routing/Router.php(800): Illuminate/Routing/Router->runRouteWithinStack(Object(Illuminate/Routing/Route), Object(Illuminate/Http/Request))
#29 C:/Users/ALI/Desktop/dar-al-ajneha/backend/vendor/laravel/framework/src/Illuminate/Routing/Router.php(764): Illuminate/Routing/Router->runRoute(Object(Illuminate/Http/Request), Object(Illuminate/Routing/Route))
#30 C:/Users/ALI/Desktop/dar-al-ajneha/backend/vendor/laravel/framework/src/Illuminate/Routing/Router.php(753): Illuminate/Routing/Router->dispatchToRoute(Object(Illuminate/Http/Request))
#31 C:/Users/ALI/Desktop/dar-al-ajneha/backend/vendor/laravel/framework/src/Illuminate/Foundation/Http/Kernel.php(200): Illuminate/Routing/Router->dispatch(Object(Illuminate/Http/Request))
#32 C:/Users/ALI/Desktop/dar-al-ajneha/backend/vendor/laravel/framework/src/Illuminate/Pipeline/Pipeline.php(180): Illuminate/Foundation/Http/Kernel->{closure:Illuminate/Foundation/Http/Kernel::dispatchToRouter():197}(Object(Illuminate/Http/Request))
#33 C:/Users/ALI/Desktop/dar-al-ajneha/backend/vendor/laravel/framework/src/Illuminate/Foundation/Http/Middleware/TransformsRequest.php(21): Illuminate/Pipeline/Pipeline->{closure:Illuminate/Pipeline/Pipeline::prepareDestination():178}(Object(Illuminate/Http/Request))
#34 C:/Users/ALI/Desktop/dar-al-ajneha/backend/vendor/laravel/framework/src/Illuminate/Foundation/Http/Middleware/ConvertEmptyStringsToNull.php(31): Illuminate/Foundation/Http/Middleware/TransformsRequest->handle(Object(Illuminate/Http/Request), Object(Closure))
#35 C:/Users/ALI/Desktop/dar-al-ajneha/backend/vendor/laravel/framework/src/Illuminate/Pipeline/Pipeline.php(219): Illuminate/Foundation/Http/Middleware/ConvertEmptyStringsToNull->handle(Object(Illuminate/Http/Request), Object(Closure))
#36 C:/Users/ALI/Desktop/dar-al-ajneha/backend/vendor/laravel/framework/src/Illuminate/Foundation/Http/Middleware/TransformsRequest.php(21): Illuminate/Pipeline/Pipeline->{closure:{closure:Illuminate/Pipeline/Pipeline::carry():194}:195}(Object(Illuminate/Http/Request))
#37 C:/Users/ALI/Desktop/dar-al-ajneha/backend/vendor/laravel/framework/src/Illuminate/Foundation/Http/Middleware/TrimStrings.php(51): Illuminate/Foundation/Http/Middleware/TransformsRequest->handle(Object(Illuminate/Http/Request), Object(Closure))
#38 C:/Users/ALI/Desktop/dar-al-ajneha/backend/vendor/laravel/framework/src/Illuminate/Pipeline/Pipeline.php(219): Illuminate/Foundation/Http/Middleware/TrimStrings->handle(Object(Illuminate/Http/Request), Object(Closure))
#39 C:/Users/ALI/Desktop/dar-al-ajneha/backend/vendor/laravel/framework/src/Illuminate/Http/Middleware/ValidatePostSize.php(27): Illuminate/Pipeline/Pipeline->{closure:{closure:Illuminate/Pipeline/Pipeline::carry():194}:195}(Object(Illuminate/Http/Request))
#40 C:/Users/ALI/Desktop/dar-al-ajneha/backend/vendor/laravel/framework/src/Illuminate/Pipeline/Pipeline.php(219): Illuminate/Http/Middleware/ValidatePostSize->handle(Object(Illuminate/Http/Request), Object(Closure))
#41 C:/Users/ALI/Desktop/dar-al-ajneha/backend/vendor/laravel/framework/src/Illuminate/Foundation/Http/Middleware/PreventRequestsDuringMaintenance.php(110): Illuminate/Pipeline/Pipeline->{closure:{closure:Illuminate/Pipeline/Pipeline::carry():194}:195}(Object(Illuminate/Http/Request))
#42 C:/Users/ALI/Desktop/dar-al-ajneha/backend/vendor/laravel/framework/src/Illuminate/Pipeline/Pipeline.php(219): Illuminate/Foundation/Http/Middleware/PreventRequestsDuringMaintenance->handle(Object(Illuminate/Http/Request), Object(Closure))
#43 C:/Users/ALI/Desktop/dar-al-ajneha/backend/vendor/laravel/framework/src/Illuminate/Http/Middleware/HandleCors.php(74): Illuminate/Pipeline/Pipeline->{closure:{closure:Illuminate/Pipeline/Pipeline::carry():194}:195}(Object(Illuminate/Http/Request))
#44 C:/Users/ALI/Desktop/dar-al-ajneha/backend/vendor/laravel/framework/src/Illuminate/Pipeline/Pipeline.php(219): Illuminate/Http/Middleware/HandleCors->handle(Object(Illuminate/Http/Request), Object(Closure))
#45 C:/Users/ALI/Desktop/dar-al-ajneha/backend/vendor/laravel/framework/src/Illuminate/Http/Middleware/TrustProxies.php(58): Illuminate/Pipeline/Pipeline->{closure:{closure:Illuminate/Pipeline/Pipeline::carry():194}:195}(Object(Illuminate/Http/Request))
#46 C:/Users/ALI/Desktop/dar-al-ajneha/backend/vendor/laravel/framework/src/Illuminate/Pipeline/Pipeline.php(219): Illuminate/Http/Middleware/TrustProxies->handle(Object(Illuminate/Http/Request), Object(Closure))
#47 C:/Users/ALI/Desktop/dar-al-ajneha/backend/vendor/laravel/framework/src/Illuminate/Foundation/Http/Middleware/InvokeDeferredCallbacks.php(22): Illuminate/Pipeline/Pipeline->{closure:{closure:Illuminate/Pipeline/Pipeline::carry():194}:195}(Object(Illuminate/Http/Request))
#48 C:/Users/ALI/Desktop/dar-al-ajneha/backend/vendor/laravel/framework/src/Illuminate/Pipeline/Pipeline.php(219): Illuminate/Foundation/Http/Middleware/InvokeDeferredCallbacks->handle(Object(Illuminate/Http/Request), Object(Closure))
#49 C:/Users/ALI/Desktop/dar-al-ajneha/backend/vendor/laravel/framework/src/Illuminate/Http/Middleware/ValidatePathEncoding.php(28): Illuminate/Pipeline/Pipeline->{closure:{closure:Illuminate/Pipeline/Pipeline::carry():194}:195}(Object(Illuminate/Http/Request))
#50 C:/Users/ALI/Desktop/dar-al-ajneha/backend/vendor/laravel/framework/src/Illuminate/Pipeline/Pipeline.php(219): Illuminate/Http/Middleware/ValidatePathEncoding->handle(Object(Illuminate/Http/Request), Object(Closure))
#51 C:/Users/ALI/Desktop/dar-al-ajneha/backend/vendor/laravel/framework/src/Illuminate/Pipeline/Pipeline.php(137): Illuminate/Pipeline/Pipeline->{closure:{closure:Illuminate/Pipeline/Pipeline::carry():194}:195}(Object(Illuminate/Http/Request))
#52 C:/Users/ALI/Desktop/dar-al-ajneha/backend/vendor/laravel/framework/src/Illuminate/Foundation/Http/Kernel.php(175): Illuminate/Pipeline/Pipeline->then(Object(Closure))
#53 C:/Users/ALI/Desktop/dar-al-ajneha/backend/vendor/laravel/framework/src/Illuminate/Foundation/Http/Kernel.php(144): Illuminate/Foundation/Http/Kernel->sendRequestThroughRouter(Object(Illuminate/Http/Request))
#54 C:/Users/ALI/Desktop/dar-al-ajneha/backend/vendor/laravel/framework/src/Illuminate/Foundation/Testing/Concerns/MakesHttpRequests.php(638): Illuminate/Foundation/Http/Kernel->handle(Object(Illuminate/Http/Request))
#55 C:/Users/ALI/Desktop/dar-al-ajneha/backend/vendor/laravel/framework/src/Illuminate/Foundation/Testing/Concerns/MakesHttpRequests.php(604): Illuminate/Foundation/Testing/TestCase->call('POST', '/api/v1/auth/lo...', Array, Array, Array, Array, '{\"email\":\"test@...')
#56 C:/Users/ALI/Desktop/dar-al-ajneha/backend/vendor/laravel/framework/src/Illuminate/Foundation/Testing/Concerns/MakesHttpRequests.php(411): Illuminate/Foundation/Testing/TestCase->json('POST', '/api/v1/auth/lo...', Array, Array, 0)
#57 C:/Users/ALI/Desktop/dar-al-ajneha/backend/tests/Feature/Auth/LoginTest.php(13): Illuminate/Foundation/Testing/TestCase->postJson('/api/v1/auth/lo...', Array)
#58 C:/Users/ALI/Desktop/dar-al-ajneha/backend/vendor/pestphp/pest/src/Factories/TestCaseMethodFactory.php(177): P/Tests/Feature/Auth/LoginTest->{closure:C:/Users/ALI/Desktop/dar-al-ajneha/backend/tests/Feature/Auth/LoginTest.php:6}()
#59 [internal function]: P/Tests/Feature/Auth/LoginTest->{closure:Pest/Factories/TestCaseMethodFactory::getClosure():167}()
#60 C:/Users/ALI/Desktop/dar-al-ajneha/backend/vendor/pestphp/pest/src/Concerns/Testable.php(514): call_user_func_array(Object(Closure), Array)
#61 C:/Users/ALI/Desktop/dar-al-ajneha/backend/vendor/pestphp/pest/src/Support/ExceptionTrace.php(26): P/Tests/Feature/Auth/LoginTest->{closure:Pest/Concerns/Testable::__callClosure():514}()
#62 C:/Users/ALI/Desktop/dar-al-ajneha/backend/vendor/pestphp/pest/src/Concerns/Testable.php(514): Pest/Support/ExceptionTrace::ensure(Object(Closure))
#63 C:/Users/ALI/Desktop/dar-al-ajneha/backend/vendor/pestphp/pest/src/Concerns/Testable.php(336): P/Tests/Feature/Auth/LoginTest->__callClosure(Object(Closure), Array)
#64 C:/Users/ALI/Desktop/dar-al-ajneha/backend/vendor/pestphp/pest/src/Factories/TestCaseFactory.php(179) : eval()'d code(22): P/Tests/Feature/Auth/LoginTest->__runTest(Object(Closure))
#65 C:/Users/ALI/Desktop/dar-al-ajneha/backend/vendor/phpunit/phpunit/src/Framework/TestCase.php(1318): P/Tests/Feature/Auth/LoginTest->__pest_evaluable_valid_credentials_return_200_and_user()
#66 C:/Users/ALI/Desktop/dar-al-ajneha/backend/vendor/phpunit/phpunit/src/Framework/TestCase.php(1355): PHPUnit/Framework/TestCase->invokeTestMethod('__pest_evaluabl...', Array)
#67 C:/Users/ALI/Desktop/dar-al-ajneha/backend/vendor/phpunit/phpunit/src/Framework/TestCase.php(521): PHPUnit/Framework/TestCase->runTest()
#68 C:/Users/ALI/Desktop/dar-al-ajneha/backend/vendor/phpunit/phpunit/src/Framework/TestRunner/TestRunner.php(99): PHPUnit/Framework/TestCase->runBare()
#69 C:/Users/ALI/Desktop/dar-al-ajneha/backend/vendor/phpunit/phpunit/src/Framework/TestCase.php(361): PHPUnit/Framework/TestRunner->run(Object(P/Tests/Feature/Auth/LoginTest))
#70 C:/Users/ALI/Desktop/dar-al-ajneha/backend/vendor/phpunit/phpunit/src/Framework/TestSuite.php(374): PHPUnit/Framework/TestCase->run()
#71 C:/Users/ALI/Desktop/dar-al-ajneha/backend/vendor/phpunit/phpunit/src/Framework/TestSuite.php(374): PHPUnit/Framework/TestSuite->run()
#72 C:/Users/ALI/Desktop/dar-al-ajneha/backend/vendor/phpunit/phpunit/src/Framework/TestSuite.php(374): PHPUnit/Framework/TestSuite->run()
#73 C:/Users/ALI/Desktop/dar-al-ajneha/backend/vendor/phpunit/phpunit/src/TextUI/TestRunner.php(64): PHPUnit/Framework/TestSuite->run()
#74 C:/Users/ALI/Desktop/dar-al-ajneha/backend/vendor/phpunit/phpunit/src/TextUI/Application.php(229): PHPUnit/TextUI/TestRunner->run(Object(PHPUnit/TextUI/Configuration/Configuration), Object(PHPUnit/Runner/ResultCache/DefaultResultCache), Object(PHPUnit/Framework/TestSuite))
#75 C:/Users/ALI/Desktop/dar-al-ajneha/backend/vendor/pestphp/pest/src/Kernel.php(103): PHPUnit/TextUI/Application->run(Array)
#76 C:/Users/ALI/Desktop/dar-al-ajneha/backend/vendor/pestphp/pest/bin/pest(196): Pest/Kernel->handle(Array, Array)
#77 C:/Users/ALI/Desktop/dar-al-ajneha/backend/vendor/pestphp/pest/bin/pest(204): {closure:C:/Users/ALI/Desktop/dar-al-ajneha/backend/vendor/pestphp/pest/bin/pest:19}()
#78 {main}
"} 
[2026-09-28 15:51:30] testing.ERROR: Call to undefined method App\Http\Controllers\User\UserController::authorize() {"userId":12,"exception":"[object] (Error(code: 0): Call to undefined method App\\Http\\Controllers\\User\\UserController::authorize() at C:/Users/ALI/Desktop/dar-al-ajneha/backend/app/Http/Controllers/User/UserController.php:20)
[stacktrace]
#0 C:/Users/ALI/Desktop/dar-al-ajneha/backend/vendor/laravel/framework/src/Illuminate/Routing/ControllerDispatcher.php(46): App/Http/Controllers/User/UserController->index(Object(Illuminate/Http/Request))
#1 C:/Users/ALI/Desktop/dar-al-ajneha/backend/vendor/laravel/framework/src/Illuminate/Routing/Route.php(276): Illuminate/Routing/ControllerDispatcher->dispatch(Object(Illuminate/Routing/Route), Object(App/Http/Controllers/User/UserController), 'index')
#2 C:/Users/ALI/Desktop/dar-al-ajneha/backend/vendor/laravel/framework/src/Illuminate/Routing/Route.php(216): Illuminate/Routing/Route->runController()
#3 C:/Users/ALI/Desktop/dar-al-ajneha/backend/vendor/laravel/framework/src/Illuminate/Routing/Router.php(822): Illuminate/Routing/Route->run()
#4 C:/Users/ALI/Desktop/dar-al-ajneha/backend/vendor/laravel/framework/src/Illuminate/Pipeline/Pipeline.php(180): Illuminate/Routing/Router->{closure:Illuminate/Routing/Router::runRouteWithinStack():821}(Object(Illuminate/Http/Request))
#5 C:/Users/ALI/Desktop/dar-al-ajneha/backend/vendor/laravel/framework/src/Illuminate/Routing/Middleware/SubstituteBindings.php(52): Illuminate/Pipeline/Pipeline->{closure:Illuminate/Pipeline/Pipeline::prepareDestination():178}(Object(Illuminate/Http/Request))
#6 C:/Users/ALI/Desktop/dar-al-ajneha/backend/vendor/laravel/framework/src/Illuminate/Pipeline/Pipeline.php(219): Illuminate/Routing/Middleware/SubstituteBindings->handle(Object(Illuminate/Http/Request), Object(Closure))
#7 C:/Users/ALI/Desktop/dar-al-ajneha/backend/vendor/laravel/framework/src/Illuminate/Auth/Middleware/Authenticate.php(63): Illuminate/Pipeline/Pipeline->{closure:{closure:Illuminate/Pipeline/Pipeline::carry():194}:195}(Object(Illuminate/Http/Request))
#8 C:/Users/ALI/Desktop/dar-al-ajneha/backend/vendor/laravel/framework/src/Illuminate/Pipeline/Pipeline.php(219): Illuminate/Auth/Middleware/Authenticate->handle(Object(Illuminate/Http/Request), Object(Closure), 'sanctum')
#9 C:/Users/ALI/Desktop/dar-al-ajneha/backend/vendor/laravel/framework/src/Illuminate/Pipeline/Pipeline.php(137): Illuminate/Pipeline/Pipeline->{closure:{closure:Illuminate/Pipeline/Pipeline::carry():194}:195}(Object(Illuminate/Http/Request))
#10 C:/Users/ALI/Desktop/dar-al-ajneha/backend/vendor/laravel/framework/src/Illuminate/Routing/Router.php(821): Illuminate/Pipeline/Pipeline->then(Object(Closure))
#11 C:/Users/ALI/Desktop/dar-al-ajneha/backend/vendor/laravel/framework/src/Illuminate/Routing/Router.php(800): Illuminate/Routing/Router->runRouteWithinStack(Object(Illuminate/Routing/Route), Object(Illuminate/Http/Request))
#12 C:/Users/ALI/Desktop/dar-al-ajneha/backend/vendor/laravel/framework/src/Illuminate/Routing/Router.php(764): Illuminate/Routing/Router->runRoute(Object(Illuminate/Http/Request), Object(Illuminate/Routing/Route))
#13 C:/Users/ALI/Desktop/dar-al-ajneha/backend/vendor/laravel/framework/src/Illuminate/Routing/Router.php(753): Illuminate/Routing/Router->dispatchToRoute(Object(Illuminate/Http/Request))
#14 C:/Users/ALI/Desktop/dar-al-ajneha/backend/vendor/laravel/framework/src/Illuminate/Foundation/Http/Kernel.php(200): Illuminate/Routing/Router->dispatch(Object(Illuminate/Http/Request))
#15 C:/Users/ALI/Desktop/dar-al-ajneha/backend/vendor/laravel/framework/src/Illuminate/Pipeline/Pipeline.php(180): Illuminate/Foundation/Http/Kernel->{closure:Illuminate/Foundation/Http/Kernel::dispatchToRouter():197}(Object(Illuminate/Http/Request))
#16 C:/Users/ALI/Desktop/dar-al-ajneha/backend/vendor/laravel/framework/src/Illuminate/Foundation/Http/Middleware/TransformsRequest.php(21): Illuminate/Pipeline/Pipeline->{closure:Illuminate/Pipeline/Pipeline::prepareDestination():178}(Object(Illuminate/Http/Request))
#17 C:/Users/ALI/Desktop/dar-al-ajneha/backend/vendor/laravel/framework/src/Illuminate/Foundation/Http/Middleware/ConvertEmptyStringsToNull.php(31): Illuminate/Foundation/Http/Middleware/TransformsRequest->handle(Object(Illuminate/Http/Request), Object(Closure))
#18 C:/Users/ALI/Desktop/dar-al-ajneha/backend/vendor/laravel/framework/src/Illuminate/Pipeline/Pipeline.php(219): Illuminate/Foundation/Http/Middleware/ConvertEmptyStringsToNull->handle(Object(Illuminate/Http/Request), Object(Closure))
#19 C:/Users/ALI/Desktop/dar-al-ajneha/backend/vendor/laravel/framework/src/Illuminate/Foundation/Http/Middleware/TransformsRequest.php(21): Illuminate/Pipeline/Pipeline->{closure:{closure:Illuminate/Pipeline/Pipeline::carry():194}:195}(Object(Illuminate/Http/Request))
#20 C:/Users/ALI/Desktop/dar-al-ajneha/backend/vendor/laravel/framework/src/Illuminate/Foundation/Http/Middleware/TrimStrings.php(51): Illuminate/Foundation/Http/Middleware/TransformsRequest->handle(Object(Illuminate/Http/Request), Object(Closure))
#21 C:/Users/ALI/Desktop/dar-al-ajneha/backend/vendor/laravel/framework/src/Illuminate/Pipeline/Pipeline.php(219): Illuminate/Foundation/Http/Middleware/TrimStrings->handle(Object(Illuminate/Http/Request), Object(Closure))
#22 C:/Users/ALI/Desktop/dar-al-ajneha/backend/vendor/laravel/framework/src/Illuminate/Http/Middleware/ValidatePostSize.php(27): Illuminate/Pipeline/Pipeline->{closure:{closure:Illuminate/Pipeline/Pipeline::carry():194}:195}(Object(Illuminate/Http/Request))
#23 C:/Users/ALI/Desktop/dar-al-ajneha/backend/vendor/laravel/framework/src/Illuminate/Pipeline/Pipeline.php(219): Illuminate/Http/Middleware/ValidatePostSize->handle(Object(Illuminate/Http/Request), Object(Closure))
#24 C:/Users/ALI/Desktop/dar-al-ajneha/backend/vendor/laravel/framework/src/Illuminate/Foundation/Http/Middleware/PreventRequestsDuringMaintenance.php(110): Illuminate/Pipeline/Pipeline->{closure:{closure:Illuminate/Pipeline/Pipeline::carry():194}:195}(Object(Illuminate/Http/Request))
#25 C:/Users/ALI/Desktop/dar-al-ajneha/backend/vendor/laravel/framework/src/Illuminate/Pipeline/Pipeline.php(219): Illuminate/Foundation/Http/Middleware/PreventRequestsDuringMaintenance->handle(Object(Illuminate/Http/Request), Object(Closure))
#26 C:/Users/ALI/Desktop/dar-al-ajneha/backend/vendor/laravel/framework/src/Illuminate/Http/Middleware/HandleCors.php(74): Illuminate/Pipeline/Pipeline->{closure:{closure:Illuminate/Pipeline/Pipeline::carry():194}:195}(Object(Illuminate/Http/Request))
#27 C:/Users/ALI/Desktop/dar-al-ajneha/backend/vendor/laravel/framework/src/Illuminate/Pipeline/Pipeline.php(219): Illuminate/Http/Middleware/HandleCors->handle(Object(Illuminate/Http/Request), Object(Closure))
#28 C:/Users/ALI/Desktop/dar-al-ajneha/backend/vendor/laravel/framework/src/Illuminate/Http/Middleware/TrustProxies.php(58): Illuminate/Pipeline/Pipeline->{closure:{closure:Illuminate/Pipeline/Pipeline::carry():194}:195}(Object(Illuminate/Http/Request))
#29 C:/Users/ALI/Desktop/dar-al-ajneha/backend/vendor/laravel/framework/src/Illuminate/Pipeline/Pipeline.php(219): Illuminate/Http/Middleware/TrustProxies->handle(Object(Illuminate/Http/Request), Object(Closure))
#30 C:/Users/ALI/Desktop/dar-al-ajneha/backend/vendor/laravel/framework/src/Illuminate/Foundation/Http/Middleware/InvokeDeferredCallbacks.php(22): Illuminate/Pipeline/Pipeline->{closure:{closure:Illuminate/Pipeline/Pipeline::carry():194}:195}(Object(Illuminate/Http/Request))
#31 C:/Users/ALI/Desktop/dar-al-ajneha/backend/vendor/laravel/framework/src/Illuminate/Pipeline/Pipeline.php(219): Illuminate/Foundation/Http/Middleware/InvokeDeferredCallbacks->handle(Object(Illuminate/Http/Request), Object(Closure))
#32 C:/Users/ALI/Desktop/dar-al-ajneha/backend/vendor/laravel/framework/src/Illuminate/Http/Middleware/ValidatePathEncoding.php(28): Illuminate/Pipeline/Pipeline->{closure:{closure:Illuminate/Pipeline/Pipeline::carry():194}:195}(Object(Illuminate/Http/Request))
#33 C:/Users/ALI/Desktop/dar-al-ajneha/backend/vendor/laravel/framework/src/Illuminate/Pipeline/Pipeline.php(219): Illuminate/Http/Middleware/ValidatePathEncoding->handle(Object(Illuminate/Http/Request), Object(Closure))
#34 C:/Users/ALI/Desktop/dar-al-ajneha/backend/vendor/laravel/framework/src/Illuminate/Pipeline/Pipeline.php(137): Illuminate/Pipeline/Pipeline->{closure:{closure:Illuminate/Pipeline/Pipeline::carry():194}:195}(Object(Illuminate/Http/Request))
#35 C:/Users/ALI/Desktop/dar-al-ajneha/backend/vendor/laravel/framework/src/Illuminate/Foundation/Http/Kernel.php(175): Illuminate/Pipeline/Pipeline->then(Object(Closure))
#36 C:/Users/ALI/Desktop/dar-al-ajneha/backend/vendor/laravel/framework/src/Illuminate/Foundation/Http/Kernel.php(144): Illuminate/Foundation/Http/Kernel->sendRequestThroughRouter(Object(Illuminate/Http/Request))
#37 C:/Users/ALI/Desktop/dar-al-ajneha/backend/vendor/laravel/framework/src/Illuminate/Foundation/Testing/Concerns/MakesHttpRequests.php(638): Illuminate/Foundation/Http/Kernel->handle(Object(Illuminate/Http/Request))
#38 C:/Users/ALI/Desktop/dar-al-ajneha/backend/vendor/laravel/framework/src/Illuminate/Foundation/Testing/Concerns/MakesHttpRequests.php(604): Illuminate/Foundation/Testing/TestCase->call('GET', '/api/v1/users', Array, Array, Array, Array, '[]')
#39 C:/Users/ALI/Desktop/dar-al-ajneha/backend/vendor/laravel/framework/src/Illuminate/Foundation/Testing/Concerns/MakesHttpRequests.php(381): Illuminate/Foundation/Testing/TestCase->json('GET', '/api/v1/users', Array, Array, 0)
#40 C:/Users/ALI/Desktop/dar-al-ajneha/backend/tests/Feature/User/UserCrudTest.php(12): Illuminate/Foundation/Testing/TestCase->getJson('/api/v1/users')
#41 C:/Users/ALI/Desktop/dar-al-ajneha/backend/vendor/pestphp/pest/src/Factories/TestCaseMethodFactory.php(177): P/Tests/Feature/User/UserCrudTest->{closure:C:/Users/ALI/Desktop/dar-al-ajneha/backend/tests/Feature/User/UserCrudTest.php:7}()
#42 [internal function]: P/Tests/Feature/User/UserCrudTest->{closure:Pest/Factories/TestCaseMethodFactory::getClosure():167}()
#43 C:/Users/ALI/Desktop/dar-al-ajneha/backend/vendor/pestphp/pest/src/Concerns/Testable.php(514): call_user_func_array(Object(Closure), Array)
#44 C:/Users/ALI/Desktop/dar-al-ajneha/backend/vendor/pestphp/pest/src/Support/ExceptionTrace.php(26): P/Tests/Feature/User/UserCrudTest->{closure:Pest/Concerns/Testable::__callClosure():514}()
#45 C:/Users/ALI/Desktop/dar-al-ajneha/backend/vendor/pestphp/pest/src/Concerns/Testable.php(514): Pest/Support/ExceptionTrace::ensure(Object(Closure))
#46 C:/Users/ALI/Desktop/dar-al-ajneha/backend/vendor/pestphp/pest/src/Concerns/Testable.php(336): P/Tests/Feature/User/UserCrudTest->__callClosure(Object(Closure), Array)
#47 C:/Users/ALI/Desktop/dar-al-ajneha/backend/vendor/pestphp/pest/src/Factories/TestCaseFactory.php(179) : eval()'d code(22): P/Tests/Feature/User/UserCrudTest->__runTest(Object(Closure))
#48 C:/Users/ALI/Desktop/dar-al-ajneha/backend/vendor/phpunit/phpunit/src/Framework/TestCase.php(1318): P/Tests/Feature/User/UserCrudTest->__pest_evaluable_any_auth_user_can_list_users()
#49 C:/Users/ALI/Desktop/dar-al-ajneha/backend/vendor/phpunit/phpunit/src/Framework/TestCase.php(1355): PHPUnit/Framework/TestCase->invokeTestMethod('__pest_evaluabl...', Array)
#50 C:/Users/ALI/Desktop/dar-al-ajneha/backend/vendor/phpunit/phpunit/src/Framework/TestCase.php(521): PHPUnit/Framework/TestCase->runTest()
#51 C:/Users/ALI/Desktop/dar-al-ajneha/backend/vendor/phpunit/phpunit/src/Framework/TestRunner/TestRunner.php(99): PHPUnit/Framework/TestCase->runBare()
#52 C:/Users/ALI/Desktop/dar-al-ajneha/backend/vendor/phpunit/phpunit/src/Framework/TestCase.php(361): PHPUnit/Framework/TestRunner->run(Object(P/Tests/Feature/User/UserCrudTest))
#53 C:/Users/ALI/Desktop/dar-al-ajneha/backend/vendor/phpunit/phpunit/src/Framework/TestSuite.php(374): PHPUnit/Framework/TestCase->run()
#54 C:/Users/ALI/Desktop/dar-al-ajneha/backend/vendor/phpunit/phpunit/src/Framework/TestSuite.php(374): PHPUnit/Framework/TestSuite->run()
#55 C:/Users/ALI/Desktop/dar-al-ajneha/backend/vendor/phpunit/phpunit/src/Framework/TestSuite.php(374): PHPUnit/Framework/TestSuite->run()
#56 C:/Users/ALI/Desktop/dar-al-ajneha/backend/vendor/phpunit/phpunit/src/TextUI/TestRunner.php(64): PHPUnit/Framework/TestSuite->run()
#57 C:/Users/ALI/Desktop/dar-al-ajneha/backend/vendor/phpunit/phpunit/src/TextUI/Application.php(229): PHPUnit/TextUI/TestRunner->run(Object(PHPUnit/TextUI/Configuration/Configuration), Object(PHPUnit/Runner/ResultCache/DefaultResultCache), Object(PHPUnit/Framework/TestSuite))
#58 C:/Users/ALI/Desktop/dar-al-ajneha/backend/vendor/pestphp/pest/src/Kernel.php(103): PHPUnit/TextUI/Application->run(Array)
#59 C:/Users/ALI/Desktop/dar-al-ajneha/backend/vendor/pestphp/pest/bin/pest(196): Pest/Kernel->handle(Array, Array)
#60 C:/Users/ALI/Desktop/dar-al-ajneha/backend/vendor/pestphp/pest/bin/pest(204): {closure:C:/Users/ALI/Desktop/dar-al-ajneha/backend/vendor/pestphp/pest/bin/pest:19}()
#61 {main}
"} 
[2026-09-28 15:51:30] testing.ERROR: Call to undefined method App\Http\Controllers\User\UserController::authorize() {"userId":18,"exception":"[object] (Error(code: 0): Call to undefined method App\\Http\\Controllers\\User\\UserController::authorize() at C:/Users/ALI/Desktop/dar-al-ajneha/backend/app/Http/Controllers/User/UserController.php:59)
[stacktrace]
#0 C:/Users/ALI/Desktop/dar-al-ajneha/backend/vendor/laravel/framework/src/Illuminate/Routing/ControllerDispatcher.php(46): App/Http/Controllers/User/UserController->update(Object(App/Http/Requests/User/UpdateUserRequest), Object(App/Models/User))
#1 C:/Users/ALI/Desktop/dar-al-ajneha/backend/vendor/laravel/framework/src/Illuminate/Routing/Route.php(276): Illuminate/Routing/ControllerDispatcher->dispatch(Object(Illuminate/Routing/Route), Object(App/Http/Controllers/User/UserController), 'update')
#2 C:/Users/ALI/Desktop/dar-al-ajneha/backend/vendor/laravel/framework/src/Illuminate/Routing/Route.php(216): Illuminate/Routing/Route->runController()
#3 C:/Users/ALI/Desktop/dar-al-ajneha/backend/vendor/laravel/framework/src/Illuminate/Routing/Router.php(822): Illuminate/Routing/Route->run()
#4 C:/Users/ALI/Desktop/dar-al-ajneha/backend/vendor/laravel/framework/src/Illuminate/Pipeline/Pipeline.php(180): Illuminate/Routing/Router->{closure:Illuminate/Routing/Router::runRouteWithinStack():821}(Object(Illuminate/Http/Request))
#5 C:/Users/ALI/Desktop/dar-al-ajneha/backend/vendor/laravel/framework/src/Illuminate/Routing/Middleware/SubstituteBindings.php(52): Illuminate/Pipeline/Pipeline->{closure:Illuminate/Pipeline/Pipeline::prepareDestination():178}(Object(Illuminate/Http/Request))
#6 C:/Users/ALI/Desktop/dar-al-ajneha/backend/vendor/laravel/framework/src/Illuminate/Pipeline/Pipeline.php(219): Illuminate/Routing/Middleware/SubstituteBindings->handle(Object(Illuminate/Http/Request), Object(Closure))
#7 C:/Users/ALI/Desktop/dar-al-ajneha/backend/vendor/laravel/framework/src/Illuminate/Auth/Middleware/Authenticate.php(63): Illuminate/Pipeline/Pipeline->{closure:{closure:Illuminate/Pipeline/Pipeline::carry():194}:195}(Object(Illuminate/Http/Request))
#8 C:/Users/ALI/Desktop/dar-al-ajneha/backend/vendor/laravel/framework/src/Illuminate/Pipeline/Pipeline.php(219): Illuminate/Auth/Middleware/Authenticate->handle(Object(Illuminate/Http/Request), Object(Closure), 'sanctum')
#9 C:/Users/ALI/Desktop/dar-al-ajneha/backend/vendor/laravel/framework/src/Illuminate/Pipeline/Pipeline.php(137): Illuminate/Pipeline/Pipeline->{closure:{closure:Illuminate/Pipeline/Pipeline::carry():194}:195}(Object(Illuminate/Http/Request))
#10 C:/Users/ALI/Desktop/dar-al-ajneha/backend/vendor/laravel/framework/src/Illuminate/Routing/Router.php(821): Illuminate/Pipeline/Pipeline->then(Object(Closure))
#11 C:/Users/ALI/Desktop/dar-al-ajneha/backend/vendor/laravel/framework/src/Illuminate/Routing/Router.php(800): Illuminate/Routing/Router->runRouteWithinStack(Object(Illuminate/Routing/Route), Object(Illuminate/Http/Request))
#12 C:/Users/ALI/Desktop/dar-al-ajneha/backend/vendor/laravel/framework/src/Illuminate/Routing/Router.php(764): Illuminate/Routing/Router->runRoute(Object(Illuminate/Http/Request), Object(Illuminate/Routing/Route))
#13 C:/Users/ALI/Desktop/dar-al-ajneha/backend/vendor/laravel/framework/src/Illuminate/Routing/Router.php(753): Illuminate/Routing/Router->dispatchToRoute(Object(Illuminate/Http/Request))
#14 C:/Users/ALI/Desktop/dar-al-ajneha/backend/vendor/laravel/framework/src/Illuminate/Foundation/Http/Kernel.php(200): Illuminate/Routing/Router->dispatch(Object(Illuminate/Http/Request))
#15 C:/Users/ALI/Desktop/dar-al-ajneha/backend/vendor/laravel/framework/src/Illuminate/Pipeline/Pipeline.php(180): Illuminate/Foundation/Http/Kernel->{closure:Illuminate/Foundation/Http/Kernel::dispatchToRouter():197}(Object(Illuminate/Http/Request))
#16 C:/Users/ALI/Desktop/dar-al-ajneha/backend/vendor/laravel/framework/src/Illuminate/Foundation/Http/Middleware/TransformsRequest.php(21): Illuminate/Pipeline/Pipeline->{closure:Illuminate/Pipeline/Pipeline::prepareDestination():178}(Object(Illuminate/Http/Request))
#17 C:/Users/ALI/Desktop/dar-al-ajneha/backend/vendor/laravel/framework/src/Illuminate/Foundation/Http/Middleware/ConvertEmptyStringsToNull.php(31): Illuminate/Foundation/Http/Middleware/TransformsRequest->handle(Object(Illuminate/Http/Request), Object(Closure))
#18 C:/Users/ALI/Desktop/dar-al-ajneha/backend/vendor/laravel/framework/src/Illuminate/Pipeline/Pipeline.php(219): Illuminate/Foundation/Http/Middleware/ConvertEmptyStringsToNull->handle(Object(Illuminate/Http/Request), Object(Closure))
#19 C:/Users/ALI/Desktop/dar-al-ajneha/backend/vendor/laravel/framework/src/Illuminate/Foundation/Http/Middleware/TransformsRequest.php(21): Illuminate/Pipeline/Pipeline->{closure:{closure:Illuminate/Pipeline/Pipeline::carry():194}:195}(Object(Illuminate/Http/Request))
#20 C:/Users/ALI/Desktop/dar-al-ajneha/backend/vendor/laravel/framework/src/Illuminate/Foundation/Http/Middleware/TrimStrings.php(51): Illuminate/Foundation/Http/Middleware/TransformsRequest->handle(Object(Illuminate/Http/Request), Object(Closure))
#21 C:/Users/ALI/Desktop/dar-al-ajneha/backend/vendor/laravel/framework/src/Illuminate/Pipeline/Pipeline.php(219): Illuminate/Foundation/Http/Middleware/TrimStrings->handle(Object(Illuminate/Http/Request), Object(Closure))
#22 C:/Users/ALI/Desktop/dar-al-ajneha/backend/vendor/laravel/framework/src/Illuminate/Http/Middleware/ValidatePostSize.php(27): Illuminate/Pipeline/Pipeline->{closure:{closure:Illuminate/Pipeline/Pipeline::carry():194}:195}(Object(Illuminate/Http/Request))
#23 C:/Users/ALI/Desktop/dar-al-ajneha/backend/vendor/laravel/framework/src/Illuminate/Pipeline/Pipeline.php(219): Illuminate/Http/Middleware/ValidatePostSize->handle(Object(Illuminate/Http/Request), Object(Closure))
#24 C:/Users/ALI/Desktop/dar-al-ajneha/backend/vendor/laravel/framework/src/Illuminate/Foundation/Http/Middleware/PreventRequestsDuringMaintenance.php(110): Illuminate/Pipeline/Pipeline->{closure:{closure:Illuminate/Pipeline/Pipeline::carry():194}:195}(Object(Illuminate/Http/Request))
#25 C:/Users/ALI/Desktop/dar-al-ajneha/backend/vendor/laravel/framework/src/Illuminate/Pipeline/Pipeline.php(219): Illuminate/Foundation/Http/Middleware/PreventRequestsDuringMaintenance->handle(Object(Illuminate/Http/Request), Object(Closure))
#26 C:/Users/ALI/Desktop/dar-al-ajneha/backend/vendor/laravel/framework/src/Illuminate/Http/Middleware/HandleCors.php(74): Illuminate/Pipeline/Pipeline->{closure:{closure:Illuminate/Pipeline/Pipeline::carry():194}:195}(Object(Illuminate/Http/Request))
#27 C:/Users/ALI/Desktop/dar-al-ajneha/backend/vendor/laravel/framework/src/Illuminate/Pipeline/Pipeline.php(219): Illuminate/Http/Middleware/HandleCors->handle(Object(Illuminate/Http/Request), Object(Closure))
#28 C:/Users/ALI/Desktop/dar-al-ajneha/backend/vendor/laravel/framework/src/Illuminate/Http/Middleware/TrustProxies.php(58): Illuminate/Pipeline/Pipeline->{closure:{closure:Illuminate/Pipeline/Pipeline::carry():194}:195}(Object(Illuminate/Http/Request))
#29 C:/Users/ALI/Desktop/dar-al-ajneha/backend/vendor/laravel/framework/src/Illuminate/Pipeline/Pipeline.php(219): Illuminate/Http/Middleware/TrustProxies->handle(Object(Illuminate/Http/Request), Object(Closure))
#30 C:/Users/ALI/Desktop/dar-al-ajneha/backend/vendor/laravel/framework/src/Illuminate/Foundation/Http/Middleware/InvokeDeferredCallbacks.php(22): Illuminate/Pipeline/Pipeline->{closure:{closure:Illuminate/Pipeline/Pipeline::carry():194}:195}(Object(Illuminate/Http/Request))
#31 C:/Users/ALI/Desktop/dar-al-ajneha/backend/vendor/laravel/framework/src/Illuminate/Pipeline/Pipeline.php(219): Illuminate/Foundation/Http/Middleware/InvokeDeferredCallbacks->handle(Object(Illuminate/Http/Request), Object(Closure))
#32 C:/Users/ALI/Desktop/dar-al-ajneha/backend/vendor/laravel/framework/src/Illuminate/Http/Middleware/ValidatePathEncoding.php(28): Illuminate/Pipeline/Pipeline->{closure:{closure:Illuminate/Pipeline/Pipeline::carry():194}:195}(Object(Illuminate/Http/Request))
#33 C:/Users/ALI/Desktop/dar-al-ajneha/backend/vendor/laravel/framework/src/Illuminate/Pipeline/Pipeline.php(219): Illuminate/Http/Middleware/ValidatePathEncoding->handle(Object(Illuminate/Http/Request), Object(Closure))
#34 C:/Users/ALI/Desktop/dar-al-ajneha/backend/vendor/laravel/framework/src/Illuminate/Pipeline/Pipeline.php(137): Illuminate/Pipeline/Pipeline->{closure:{closure:Illuminate/Pipeline/Pipeline::carry():194}:195}(Object(Illuminate/Http/Request))
#35 C:/Users/ALI/Desktop/dar-al-ajneha/backend/vendor/laravel/framework/src/Illuminate/Foundation/Http/Kernel.php(175): Illuminate/Pipeline/Pipeline->then(Object(Closure))
#36 C:/Users/ALI/Desktop/dar-al-ajneha/backend/vendor/laravel/framework/src/Illuminate/Foundation/Http/Kernel.php(144): Illuminate/Foundation/Http/Kernel->sendRequestThroughRouter(Object(Illuminate/Http/Request))
#37 C:/Users/ALI/Desktop/dar-al-ajneha/backend/vendor/laravel/framework/src/Illuminate/Foundation/Testing/Concerns/MakesHttpRequests.php(638): Illuminate/Foundation/Http/Kernel->handle(Object(Illuminate/Http/Request))
#38 C:/Users/ALI/Desktop/dar-al-ajneha/backend/vendor/laravel/framework/src/Illuminate/Foundation/Testing/Concerns/MakesHttpRequests.php(604): Illuminate/Foundation/Testing/TestCase->call('PUT', '/api/v1/users/1...', Array, Array, Array, Array, '{\"name\":\"Update...')
#39 C:/Users/ALI/Desktop/dar-al-ajneha/backend/vendor/laravel/framework/src/Illuminate/Foundation/Testing/Concerns/MakesHttpRequests.php(441): Illuminate/Foundation/Testing/TestCase->json('PUT', '/api/v1/users/1...', Array, Array, 0)
#40 C:/Users/ALI/Desktop/dar-al-ajneha/backend/tests/Feature/User/UserCrudTest.php(54): Illuminate/Foundation/Testing/TestCase->putJson('/api/v1/users/1...', Array)
#41 C:/Users/ALI/Desktop/dar-al-ajneha/backend/vendor/pestphp/pest/src/Factories/TestCaseMethodFactory.php(177): P/Tests/Feature/User/UserCrudTest->{closure:C:/Users/ALI/Desktop/dar-al-ajneha/backend/tests/Feature/User/UserCrudTest.php:48}()
#42 [internal function]: P/Tests/Feature/User/UserCrudTest->{closure:Pest/Factories/TestCaseMethodFactory::getClosure():167}()
#43 C:/Users/ALI/Desktop/dar-al-ajneha/backend/vendor/pestphp/pest/src/Concerns/Testable.php(514): call_user_func_array(Object(Closure), Array)
#44 C:/Users/ALI/Desktop/dar-al-ajneha/backend/vendor/pestphp/pest/src/Support/ExceptionTrace.php(26): P/Tests/Feature/User/UserCrudTest->{closure:Pest/Concerns/Testable::__callClosure():514}()
#45 C:/Users/ALI/Desktop/dar-al-ajneha/backend/vendor/pestphp/pest/src/Concerns/Testable.php(514): Pest/Support/ExceptionTrace::ensure(Object(Closure))
#46 C:/Users/ALI/Desktop/dar-al-ajneha/backend/vendor/pestphp/pest/src/Concerns/Testable.php(336): P/Tests/Feature/User/UserCrudTest->__callClosure(Object(Closure), Array)
#47 C:/Users/ALI/Desktop/dar-al-ajneha/backend/vendor/pestphp/pest/src/Factories/TestCaseFactory.php(179) : eval()'d code(61): P/Tests/Feature/User/UserCrudTest->__runTest(Object(Closure))
#48 C:/Users/ALI/Desktop/dar-al-ajneha/backend/vendor/phpunit/phpunit/src/Framework/TestCase.php(1318): P/Tests/Feature/User/UserCrudTest->__pest_evaluable_self_update_without_users_edit_returns_200()
#49 C:/Users/ALI/Desktop/dar-al-ajneha/backend/vendor/phpunit/phpunit/src/Framework/TestCase.php(1355): PHPUnit/Framework/TestCase->invokeTestMethod('__pest_evaluabl...', Array)
#50 C:/Users/ALI/Desktop/dar-al-ajneha/backend/vendor/phpunit/phpunit/src/Framework/TestCase.php(521): PHPUnit/Framework/TestCase->runTest()
#51 C:/Users/ALI/Desktop/dar-al-ajneha/backend/vendor/phpunit/phpunit/src/Framework/TestRunner/TestRunner.php(99): PHPUnit/Framework/TestCase->runBare()
#52 C:/Users/ALI/Desktop/dar-al-ajneha/backend/vendor/phpunit/phpunit/src/Framework/TestCase.php(361): PHPUnit/Framework/TestRunner->run(Object(P/Tests/Feature/User/UserCrudTest))
#53 C:/Users/ALI/Desktop/dar-al-ajneha/backend/vendor/phpunit/phpunit/src/Framework/TestSuite.php(374): PHPUnit/Framework/TestCase->run()
#54 C:/Users/ALI/Desktop/dar-al-ajneha/backend/vendor/phpunit/phpunit/src/Framework/TestSuite.php(374): PHPUnit/Framework/TestSuite->run()
#55 C:/Users/ALI/Desktop/dar-al-ajneha/backend/vendor/phpunit/phpunit/src/Framework/TestSuite.php(374): PHPUnit/Framework/TestSuite->run()
#56 C:/Users/ALI/Desktop/dar-al-ajneha/backend/vendor/phpunit/phpunit/src/TextUI/TestRunner.php(64): PHPUnit/Framework/TestSuite->run()
#57 C:/Users/ALI/Desktop/dar-al-ajneha/backend/vendor/phpunit/phpunit/src/TextUI/Application.php(229): PHPUnit/TextUI/TestRunner->run(Object(PHPUnit/TextUI/Configuration/Configuration), Object(PHPUnit/Runner/ResultCache/DefaultResultCache), Object(PHPUnit/Framework/TestSuite))
#58 C:/Users/ALI/Desktop/dar-al-ajneha/backend/vendor/pestphp/pest/src/Kernel.php(103): PHPUnit/TextUI/Application->run(Array)
#59 C:/Users/ALI/Desktop/dar-al-ajneha/backend/vendor/pestphp/pest/bin/pest(196): Pest/Kernel->handle(Array, Array)
#60 C:/Users/ALI/Desktop/dar-al-ajneha/backend/vendor/pestphp/pest/bin/pest(204): {closure:C:/Users/ALI/Desktop/dar-al-ajneha/backend/vendor/pestphp/pest/bin/pest:19}()
#61 {main}
"} 
[2026-09-28 15:51:30] testing.ERROR: Call to undefined method App\Http\Controllers\User\UserController::authorize() {"userId":19,"exception":"[object] (Error(code: 0): Call to undefined method App\\Http\\Controllers\\User\\UserController::authorize() at C:/Users/ALI/Desktop/dar-al-ajneha/backend/app/Http/Controllers/User/UserController.php:77)
[stacktrace]
#0 C:/Users/ALI/Desktop/dar-al-ajneha/backend/vendor/laravel/framework/src/Illuminate/Routing/ControllerDispatcher.php(46): App/Http/Controllers/User/UserController->disable(Object(Illuminate/Http/Request), Object(App/Models/User))
#1 C:/Users/ALI/Desktop/dar-al-ajneha/backend/vendor/laravel/framework/src/Illuminate/Routing/Route.php(276): Illuminate/Routing/ControllerDispatcher->dispatch(Object(Illuminate/Routing/Route), Object(App/Http/Controllers/User/UserController), 'disable')
#2 C:/Users/ALI/Desktop/dar-al-ajneha/backend/vendor/laravel/framework/src/Illuminate/Routing/Route.php(216): Illuminate/Routing/Route->runController()
#3 C:/Users/ALI/Desktop/dar-al-ajneha/backend/vendor/laravel/framework/src/Illuminate/Routing/Router.php(822): Illuminate/Routing/Route->run()
#4 C:/Users/ALI/Desktop/dar-al-ajneha/backend/vendor/laravel/framework/src/Illuminate/Pipeline/Pipeline.php(180): Illuminate/Routing/Router->{closure:Illuminate/Routing/Router::runRouteWithinStack():821}(Object(Illuminate/Http/Request))
#5 C:/Users/ALI/Desktop/dar-al-ajneha/backend/vendor/laravel/framework/src/Illuminate/Routing/Middleware/SubstituteBindings.php(52): Illuminate/Pipeline/Pipeline->{closure:Illuminate/Pipeline/Pipeline::prepareDestination():178}(Object(Illuminate/Http/Request))
#6 C:/Users/ALI/Desktop/dar-al-ajneha/backend/vendor/laravel/framework/src/Illuminate/Pipeline/Pipeline.php(219): Illuminate/Routing/Middleware/SubstituteBindings->handle(Object(Illuminate/Http/Request), Object(Closure))
#7 C:/Users/ALI/Desktop/dar-al-ajneha/backend/vendor/laravel/framework/src/Illuminate/Auth/Middleware/Authenticate.php(63): Illuminate/Pipeline/Pipeline->{closure:{closure:Illuminate/Pipeline/Pipeline::carry():194}:195}(Object(Illuminate/Http/Request))
#8 C:/Users/ALI/Desktop/dar-al-ajneha/backend/vendor/laravel/framework/src/Illuminate/Pipeline/Pipeline.php(219): Illuminate/Auth/Middleware/Authenticate->handle(Object(Illuminate/Http/Request), Object(Closure), 'sanctum')
#9 C:/Users/ALI/Desktop/dar-al-ajneha/backend/vendor/laravel/framework/src/Illuminate/Pipeline/Pipeline.php(137): Illuminate/Pipeline/Pipeline->{closure:{closure:Illuminate/Pipeline/Pipeline::carry():194}:195}(Object(Illuminate/Http/Request))
#10 C:/Users/ALI/Desktop/dar-al-ajneha/backend/vendor/laravel/framework/src/Illuminate/Routing/Router.php(821): Illuminate/Pipeline/Pipeline->then(Object(Closure))
#11 C:/Users/ALI/Desktop/dar-al-ajneha/backend/vendor/laravel/framework/src/Illuminate/Routing/Router.php(800): Illuminate/Routing/Router->runRouteWithinStack(Object(Illuminate/Routing/Route), Object(Illuminate/Http/Request))
#12 C:/Users/ALI/Desktop/dar-al-ajneha/backend/vendor/laravel/framework/src/Illuminate/Routing/Router.php(764): Illuminate/Routing/Router->runRoute(Object(Illuminate/Http/Request), Object(Illuminate/Routing/Route))
#13 C:/Users/ALI/Desktop/dar-al-ajneha/backend/vendor/laravel/framework/src/Illuminate/Routing/Router.php(753): Illuminate/Routing/Router->dispatchToRoute(Object(Illuminate/Http/Request))
#14 C:/Users/ALI/Desktop/dar-al-ajneha/backend/vendor/laravel/framework/src/Illuminate/Foundation/Http/Kernel.php(200): Illuminate/Routing/Router->dispatch(Object(Illuminate/Http/Request))
#15 C:/Users/ALI/Desktop/dar-al-ajneha/backend/vendor/laravel/framework/src/Illuminate/Pipeline/Pipeline.php(180): Illuminate/Foundation/Http/Kernel->{closure:Illuminate/Foundation/Http/Kernel::dispatchToRouter():197}(Object(Illuminate/Http/Request))
#16 C:/Users/ALI/Desktop/dar-al-ajneha/backend/vendor/laravel/framework/src/Illuminate/Foundation/Http/Middleware/TransformsRequest.php(21): Illuminate/Pipeline/Pipeline->{closure:Illuminate/Pipeline/Pipeline::prepareDestination():178}(Object(Illuminate/Http/Request))
#17 C:/Users/ALI/Desktop/dar-al-ajneha/backend/vendor/laravel/framework/src/Illuminate/Foundation/Http/Middleware/ConvertEmptyStringsToNull.php(31): Illuminate/Foundation/Http/Middleware/TransformsRequest->handle(Object(Illuminate/Http/Request), Object(Closure))
#18 C:/Users/ALI/Desktop/dar-al-ajneha/backend/vendor/laravel/framework/src/Illuminate/Pipeline/Pipeline.php(219): Illuminate/Foundation/Http/Middleware/ConvertEmptyStringsToNull->handle(Object(Illuminate/Http/Request), Object(Closure))
#19 C:/Users/ALI/Desktop/dar-al-ajneha/backend/vendor/laravel/framework/src/Illuminate/Foundation/Http/Middleware/TransformsRequest.php(21): Illuminate/Pipeline/Pipeline->{closure:{closure:Illuminate/Pipeline/Pipeline::carry():194}:195}(Object(Illuminate/Http/Request))
#20 C:/Users/ALI/Desktop/dar-al-ajneha/backend/vendor/laravel/framework/src/Illuminate/Foundation/Http/Middleware/TrimStrings.php(51): Illuminate/Foundation/Http/Middleware/TransformsRequest->handle(Object(Illuminate/Http/Request), Object(Closure))
#21 C:/Users/ALI/Desktop/dar-al-ajneha/backend/vendor/laravel/framework/src/Illuminate/Pipeline/Pipeline.php(219): Illuminate/Foundation/Http/Middleware/TrimStrings->handle(Object(Illuminate/Http/Request), Object(Closure))
#22 C:/Users/ALI/Desktop/dar-al-ajneha/backend/vendor/laravel/framework/src/Illuminate/Http/Middleware/ValidatePostSize.php(27): Illuminate/Pipeline/Pipeline->{closure:{closure:Illuminate/Pipeline/Pipeline::carry():194}:195}(Object(Illuminate/Http/Request))
#23 C:/Users/ALI/Desktop/dar-al-ajneha/backend/vendor/laravel/framework/src/Illuminate/Pipeline/Pipeline.php(219): Illuminate/Http/Middleware/ValidatePostSize->handle(Object(Illuminate/Http/Request), Object(Closure))
#24 C:/Users/ALI/Desktop/dar-al-ajneha/backend/vendor/laravel/framework/src/Illuminate/Foundation/Http/Middleware/PreventRequestsDuringMaintenance.php(110): Illuminate/Pipeline/Pipeline->{closure:{closure:Illuminate/Pipeline/Pipeline::carry():194}:195}(Object(Illuminate/Http/Request))
#25 C:/Users/ALI/Desktop/dar-al-ajneha/backend/vendor/laravel/framework/src/Illuminate/Pipeline/Pipeline.php(219): Illuminate/Foundation/Http/Middleware/PreventRequestsDuringMaintenance->handle(Object(Illuminate/Http/Request), Object(Closure))
#26 C:/Users/ALI/Desktop/dar-al-ajneha/backend/vendor/laravel/framework/src/Illuminate/Http/Middleware/HandleCors.php(74): Illuminate/Pipeline/Pipeline->{closure:{closure:Illuminate/Pipeline/Pipeline::carry():194}:195}(Object(Illuminate/Http/Request))
#27 C:/Users/ALI/Desktop/dar-al-ajneha/backend/vendor/laravel/framework/src/Illuminate/Pipeline/Pipeline.php(219): Illuminate/Http/Middleware/HandleCors->handle(Object(Illuminate/Http/Request), Object(Closure))
#28 C:/Users/ALI/Desktop/dar-al-ajneha/backend/vendor/laravel/framework/src/Illuminate/Http/Middleware/TrustProxies.php(58): Illuminate/Pipeline/Pipeline->{closure:{closure:Illuminate/Pipeline/Pipeline::carry():194}:195}(Object(Illuminate/Http/Request))
#29 C:/Users/ALI/Desktop/dar-al-ajneha/backend/vendor/laravel/framework/src/Illuminate/Pipeline/Pipeline.php(219): Illuminate/Http/Middleware/TrustProxies->handle(Object(Illuminate/Http/Request), Object(Closure))
#30 C:/Users/ALI/Desktop/dar-al-ajneha/backend/vendor/laravel/framework/src/Illuminate/Foundation/Http/Middleware/InvokeDeferredCallbacks.php(22): Illuminate/Pipeline/Pipeline->{closure:{closure:Illuminate/Pipeline/Pipeline::carry():194}:195}(Object(Illuminate/Http/Request))
#31 C:/Users/ALI/Desktop/dar-al-ajneha/backend/vendor/laravel/framework/src/Illuminate/Pipeline/Pipeline.php(219): Illuminate/Foundation/Http/Middleware/InvokeDeferredCallbacks->handle(Object(Illuminate/Http/Request), Object(Closure))
#32 C:/Users/ALI/Desktop/dar-al-ajneha/backend/vendor/laravel/framework/src/Illuminate/Http/Middleware/ValidatePathEncoding.php(28): Illuminate/Pipeline/Pipeline->{closure:{closure:Illuminate/Pipeline/Pipeline::carry():194}:195}(Object(Illuminate/Http/Request))
#33 C:/Users/ALI/Desktop/dar-al-ajneha/backend/vendor/laravel/framework/src/Illuminate/Pipeline/Pipeline.php(219): Illuminate/Http/Middleware/ValidatePathEncoding->handle(Object(Illuminate/Http/Request), Object(Closure))
#34 C:/Users/ALI/Desktop/dar-al-ajneha/backend/vendor/laravel/framework/src/Illuminate/Pipeline/Pipeline.php(137): Illuminate/Pipeline/Pipeline->{closure:{closure:Illuminate/Pipeline/Pipeline::carry():194}:195}(Object(Illuminate/Http/Request))
#35 C:/Users/ALI/Desktop/dar-al-ajneha/backend/vendor/laravel/framework/src/Illuminate/Foundation/Http/Kernel.php(175): Illuminate/Pipeline/Pipeline->then(Object(Closure))
#36 C:/Users/ALI/Desktop/dar-al-ajneha/backend/vendor/laravel/framework/src/Illuminate/Foundation/Http/Kernel.php(144): Illuminate/Foundation/Http/Kernel->sendRequestThroughRouter(Object(Illuminate/Http/Request))
#37 C:/Users/ALI/Desktop/dar-al-ajneha/backend/vendor/laravel/framework/src/Illuminate/Foundation/Testing/Concerns/MakesHttpRequests.php(638): Illuminate/Foundation/Http/Kernel->handle(Object(Illuminate/Http/Request))
#38 C:/Users/ALI/Desktop/dar-al-ajneha/backend/vendor/laravel/framework/src/Illuminate/Foundation/Testing/Concerns/MakesHttpRequests.php(604): Illuminate/Foundation/Testing/TestCase->call('POST', '/api/v1/users/1...', Array, Array, Array, Array, '[]')
#39 C:/Users/ALI/Desktop/dar-al-ajneha/backend/vendor/laravel/framework/src/Illuminate/Foundation/Testing/Concerns/MakesHttpRequests.php(411): Illuminate/Foundation/Testing/TestCase->json('POST', '/api/v1/users/1...', Array, Array, 0)
#40 C:/Users/ALI/Desktop/dar-al-ajneha/backend/tests/Feature/User/UserCrudTest.php(67): Illuminate/Foundation/Testing/TestCase->postJson('/api/v1/users/1...')
#41 C:/Users/ALI/Desktop/dar-al-ajneha/backend/vendor/pestphp/pest/src/Factories/TestCaseMethodFactory.php(177): P/Tests/Feature/User/UserCrudTest->{closure:C:/Users/ALI/Desktop/dar-al-ajneha/backend/tests/Feature/User/UserCrudTest.php:61}()
#42 [internal function]: P/Tests/Feature/User/UserCrudTest->{closure:Pest/Factories/TestCaseMethodFactory::getClosure():167}()
#43 C:/Users/ALI/Desktop/dar-al-ajneha/backend/vendor/pestphp/pest/src/Concerns/Testable.php(514): call_user_func_array(Object(Closure), Array)
#44 C:/Users/ALI/Desktop/dar-al-ajneha/backend/vendor/pestphp/pest/src/Support/ExceptionTrace.php(26): P/Tests/Feature/User/UserCrudTest->{closure:Pest/Concerns/Testable::__callClosure():514}()
#45 C:/Users/ALI/Desktop/dar-al-ajneha/backend/vendor/pestphp/pest/src/Concerns/Testable.php(514): Pest/Support/ExceptionTrace::ensure(Object(Closure))
#46 C:/Users/ALI/Desktop/dar-al-ajneha/backend/vendor/pestphp/pest/src/Concerns/Testable.php(336): P/Tests/Feature/User/UserCrudTest->__callClosure(Object(Closure), Array)
#47 C:/Users/ALI/Desktop/dar-al-ajneha/backend/vendor/pestphp/pest/src/Factories/TestCaseFactory.php(179) : eval()'d code(74): P/Tests/Feature/User/UserCrudTest->__runTest(Object(Closure))
#48 C:/Users/ALI/Desktop/dar-al-ajneha/backend/vendor/phpunit/phpunit/src/Framework/TestCase.php(1318): P/Tests/Feature/User/UserCrudTest->__pest_evaluable_disable_self_returns_403()
#49 C:/Users/ALI/Desktop/dar-al-ajneha/backend/vendor/phpunit/phpunit/src/Framework/TestCase.php(1355): PHPUnit/Framework/TestCase->invokeTestMethod('__pest_evaluabl...', Array)
#50 C:/Users/ALI/Desktop/dar-al-ajneha/backend/vendor/phpunit/phpunit/src/Framework/TestCase.php(521): PHPUnit/Framework/TestCase->runTest()
#51 C:/Users/ALI/Desktop/dar-al-ajneha/backend/vendor/phpunit/phpunit/src/Framework/TestRunner/TestRunner.php(99): PHPUnit/Framework/TestCase->runBare()
#52 C:/Users/ALI/Desktop/dar-al-ajneha/backend/vendor/phpunit/phpunit/src/Framework/TestCase.php(361): PHPUnit/Framework/TestRunner->run(Object(P/Tests/Feature/User/UserCrudTest))
#53 C:/Users/ALI/Desktop/dar-al-ajneha/backend/vendor/phpunit/phpunit/src/Framework/TestSuite.php(374): PHPUnit/Framework/TestCase->run()
#54 C:/Users/ALI/Desktop/dar-al-ajneha/backend/vendor/phpunit/phpunit/src/Framework/TestSuite.php(374): PHPUnit/Framework/TestSuite->run()
#55 C:/Users/ALI/Desktop/dar-al-ajneha/backend/vendor/phpunit/phpunit/src/Framework/TestSuite.php(374): PHPUnit/Framework/TestSuite->run()
#56 C:/Users/ALI/Desktop/dar-al-ajneha/backend/vendor/phpunit/phpunit/src/TextUI/TestRunner.php(64): PHPUnit/Framework/TestSuite->run()
#57 C:/Users/ALI/Desktop/dar-al-ajneha/backend/vendor/phpunit/phpunit/src/TextUI/Application.php(229): PHPUnit/TextUI/TestRunner->run(Object(PHPUnit/TextUI/Configuration/Configuration), Object(PHPUnit/Runner/ResultCache/DefaultResultCache), Object(PHPUnit/Framework/TestSuite))
#58 C:/Users/ALI/Desktop/dar-al-ajneha/backend/vendor/pestphp/pest/src/Kernel.php(103): PHPUnit/TextUI/Application->run(Array)
#59 C:/Users/ALI/Desktop/dar-al-ajneha/backend/vendor/pestphp/pest/bin/pest(196): Pest/Kernel->handle(Array, Array)
#60 C:/Users/ALI/Desktop/dar-al-ajneha/backend/vendor/pestphp/pest/bin/pest(204): {closure:C:/Users/ALI/Desktop/dar-al-ajneha/backend/vendor/pestphp/pest/bin/pest:19}()
#61 {main}
"} 
[2026-09-28 15:51:30] testing.ERROR: Call to undefined method App\Http\Controllers\User\UserController::authorize() {"userId":20,"exception":"[object] (Error(code: 0): Call to undefined method App\\Http\\Controllers\\User\\UserController::authorize() at C:/Users/ALI/Desktop/dar-al-ajneha/backend/app/Http/Controllers/User/UserController.php:77)
[stacktrace]
#0 C:/Users/ALI/Desktop/dar-al-ajneha/backend/vendor/laravel/framework/src/Illuminate/Routing/ControllerDispatcher.php(46): App/Http/Controllers/User/UserController->disable(Object(Illuminate/Http/Request), Object(App/Models/User))
#1 C:/Users/ALI/Desktop/dar-al-ajneha/backend/vendor/laravel/framework/src/Illuminate/Routing/Route.php(276): Illuminate/Routing/ControllerDispatcher->dispatch(Object(Illuminate/Routing/Route), Object(App/Http/Controllers/User/UserController), 'disable')
#2 C:/Users/ALI/Desktop/dar-al-ajneha/backend/vendor/laravel/framework/src/Illuminate/Routing/Route.php(216): Illuminate/Routing/Route->runController()
#3 C:/Users/ALI/Desktop/dar-al-ajneha/backend/vendor/laravel/framework/src/Illuminate/Routing/Router.php(822): Illuminate/Routing/Route->run()
#4 C:/Users/ALI/Desktop/dar-al-ajneha/backend/vendor/laravel/framework/src/Illuminate/Pipeline/Pipeline.php(180): Illuminate/Routing/Router->{closure:Illuminate/Routing/Router::runRouteWithinStack():821}(Object(Illuminate/Http/Request))
#5 C:/Users/ALI/Desktop/dar-al-ajneha/backend/vendor/laravel/framework/src/Illuminate/Routing/Middleware/SubstituteBindings.php(52): Illuminate/Pipeline/Pipeline->{closure:Illuminate/Pipeline/Pipeline::prepareDestination():178}(Object(Illuminate/Http/Request))
#6 C:/Users/ALI/Desktop/dar-al-ajneha/backend/vendor/laravel/framework/src/Illuminate/Pipeline/Pipeline.php(219): Illuminate/Routing/Middleware/SubstituteBindings->handle(Object(Illuminate/Http/Request), Object(Closure))
#7 C:/Users/ALI/Desktop/dar-al-ajneha/backend/vendor/laravel/framework/src/Illuminate/Auth/Middleware/Authenticate.php(63): Illuminate/Pipeline/Pipeline->{closure:{closure:Illuminate/Pipeline/Pipeline::carry():194}:195}(Object(Illuminate/Http/Request))
#8 C:/Users/ALI/Desktop/dar-al-ajneha/backend/vendor/laravel/framework/src/Illuminate/Pipeline/Pipeline.php(219): Illuminate/Auth/Middleware/Authenticate->handle(Object(Illuminate/Http/Request), Object(Closure), 'sanctum')
#9 C:/Users/ALI/Desktop/dar-al-ajneha/backend/vendor/laravel/framework/src/Illuminate/Pipeline/Pipeline.php(137): Illuminate/Pipeline/Pipeline->{closure:{closure:Illuminate/Pipeline/Pipeline::carry():194}:195}(Object(Illuminate/Http/Request))
#10 C:/Users/ALI/Desktop/dar-al-ajneha/backend/vendor/laravel/framework/src/Illuminate/Routing/Router.php(821): Illuminate/Pipeline/Pipeline->then(Object(Closure))
#11 C:/Users/ALI/Desktop/dar-al-ajneha/backend/vendor/laravel/framework/src/Illuminate/Routing/Router.php(800): Illuminate/Routing/Router->runRouteWithinStack(Object(Illuminate/Routing/Route), Object(Illuminate/Http/Request))
#12 C:/Users/ALI/Desktop/dar-al-ajneha/backend/vendor/laravel/framework/src/Illuminate/Routing/Router.php(764): Illuminate/Routing/Router->runRoute(Object(Illuminate/Http/Request), Object(Illuminate/Routing/Route))
#13 C:/Users/ALI/Desktop/dar-al-ajneha/backend/vendor/laravel/framework/src/Illuminate/Routing/Router.php(753): Illuminate/Routing/Router->dispatchToRoute(Object(Illuminate/Http/Request))
#14 C:/Users/ALI/Desktop/dar-al-ajneha/backend/vendor/laravel/framework/src/Illuminate/Foundation/Http/Kernel.php(200): Illuminate/Routing/Router->dispatch(Object(Illuminate/Http/Request))
#15 C:/Users/ALI/Desktop/dar-al-ajneha/backend/vendor/laravel/framework/src/Illuminate/Pipeline/Pipeline.php(180): Illuminate/Foundation/Http/Kernel->{closure:Illuminate/Foundation/Http/Kernel::dispatchToRouter():197}(Object(Illuminate/Http/Request))
#16 C:/Users/ALI/Desktop/dar-al-ajneha/backend/vendor/laravel/framework/src/Illuminate/Foundation/Http/Middleware/TransformsRequest.php(21): Illuminate/Pipeline/Pipeline->{closure:Illuminate/Pipeline/Pipeline::prepareDestination():178}(Object(Illuminate/Http/Request))
#17 C:/Users/ALI/Desktop/dar-al-ajneha/backend/vendor/laravel/framework/src/Illuminate/Foundation/Http/Middleware/ConvertEmptyStringsToNull.php(31): Illuminate/Foundation/Http/Middleware/TransformsRequest->handle(Object(Illuminate/Http/Request), Object(Closure))
#18 C:/Users/ALI/Desktop/dar-al-ajneha/backend/vendor/laravel/framework/src/Illuminate/Pipeline/Pipeline.php(219): Illuminate/Foundation/Http/Middleware/ConvertEmptyStringsToNull->handle(Object(Illuminate/Http/Request), Object(Closure))
#19 C:/Users/ALI/Desktop/dar-al-ajneha/backend/vendor/laravel/framework/src/Illuminate/Foundation/Http/Middleware/TransformsRequest.php(21): Illuminate/Pipeline/Pipeline->{closure:{closure:Illuminate/Pipeline/Pipeline::carry():194}:195}(Object(Illuminate/Http/Request))
#20 C:/Users/ALI/Desktop/dar-al-ajneha/backend/vendor/laravel/framework/src/Illuminate/Foundation/Http/Middleware/TrimStrings.php(51): Illuminate/Foundation/Http/Middleware/TransformsRequest->handle(Object(Illuminate/Http/Request), Object(Closure))
#21 C:/Users/ALI/Desktop/dar-al-ajneha/backend/vendor/laravel/framework/src/Illuminate/Pipeline/Pipeline.php(219): Illuminate/Foundation/Http/Middleware/TrimStrings->handle(Object(Illuminate/Http/Request), Object(Closure))
#22 C:/Users/ALI/Desktop/dar-al-ajneha/backend/vendor/laravel/framework/src/Illuminate/Http/Middleware/ValidatePostSize.php(27): Illuminate/Pipeline/Pipeline->{closure:{closure:Illuminate/Pipeline/Pipeline::carry():194}:195}(Object(Illuminate/Http/Request))
#23 C:/Users/ALI/Desktop/dar-al-ajneha/backend/vendor/laravel/framework/src/Illuminate/Pipeline/Pipeline.php(219): Illuminate/Http/Middleware/ValidatePostSize->handle(Object(Illuminate/Http/Request), Object(Closure))
#24 C:/Users/ALI/Desktop/dar-al-ajneha/backend/vendor/laravel/framework/src/Illuminate/Foundation/Http/Middleware/PreventRequestsDuringMaintenance.php(110): Illuminate/Pipeline/Pipeline->{closure:{closure:Illuminate/Pipeline/Pipeline::carry():194}:195}(Object(Illuminate/Http/Request))
#25 C:/Users/ALI/Desktop/dar-al-ajneha/backend/vendor/laravel/framework/src/Illuminate/Pipeline/Pipeline.php(219): Illuminate/Foundation/Http/Middleware/PreventRequestsDuringMaintenance->handle(Object(Illuminate/Http/Request), Object(Closure))
#26 C:/Users/ALI/Desktop/dar-al-ajneha/backend/vendor/laravel/framework/src/Illuminate/Http/Middleware/HandleCors.php(74): Illuminate/Pipeline/Pipeline->{closure:{closure:Illuminate/Pipeline/Pipeline::carry():194}:195}(Object(Illuminate/Http/Request))
#27 C:/Users/ALI/Desktop/dar-al-ajneha/backend/vendor/laravel/framework/src/Illuminate/Pipeline/Pipeline.php(219): Illuminate/Http/Middleware/HandleCors->handle(Object(Illuminate/Http/Request), Object(Closure))
#28 C:/Users/ALI/Desktop/dar-al-ajneha/backend/vendor/laravel/framework/src/Illuminate/Http/Middleware/TrustProxies.php(58): Illuminate/Pipeline/Pipeline->{closure:{closure:Illuminate/Pipeline/Pipeline::carry():194}:195}(Object(Illuminate/Http/Request))
#29 C:/Users/ALI/Desktop/dar-al-ajneha/backend/vendor/laravel/framework/src/Illuminate/Pipeline/Pipeline.php(219): Illuminate/Http/Middleware/TrustProxies->handle(Object(Illuminate/Http/Request), Object(Closure))
#30 C:/Users/ALI/Desktop/dar-al-ajneha/backend/vendor/laravel/framework/src/Illuminate/Foundation/Http/Middleware/InvokeDeferredCallbacks.php(22): Illuminate/Pipeline/Pipeline->{closure:{closure:Illuminate/Pipeline/Pipeline::carry():194}:195}(Object(Illuminate/Http/Request))
#31 C:/Users/ALI/Desktop/dar-al-ajneha/backend/vendor/laravel/framework/src/Illuminate/Pipeline/Pipeline.php(219): Illuminate/Foundation/Http/Middleware/InvokeDeferredCallbacks->handle(Object(Illuminate/Http/Request), Object(Closure))
#32 C:/Users/ALI/Desktop/dar-al-ajneha/backend/vendor/laravel/framework/src/Illuminate/Http/Middleware/ValidatePathEncoding.php(28): Illuminate/Pipeline/Pipeline->{closure:{closure:Illuminate/Pipeline/Pipeline::carry():194}:195}(Object(Illuminate/Http/Request))
#33 C:/Users/ALI/Desktop/dar-al-ajneha/backend/vendor/laravel/framework/src/Illuminate/Pipeline/Pipeline.php(219): Illuminate/Http/Middleware/ValidatePathEncoding->handle(Object(Illuminate/Http/Request), Object(Closure))
#34 C:/Users/ALI/Desktop/dar-al-ajneha/backend/vendor/laravel/framework/src/Illuminate/Pipeline/Pipeline.php(137): Illuminate/Pipeline/Pipeline->{closure:{closure:Illuminate/Pipeline/Pipeline::carry():194}:195}(Object(Illuminate/Http/Request))
#35 C:/Users/ALI/Desktop/dar-al-ajneha/backend/vendor/laravel/framework/src/Illuminate/Foundation/Http/Kernel.php(175): Illuminate/Pipeline/Pipeline->then(Object(Closure))
#36 C:/Users/ALI/Desktop/dar-al-ajneha/backend/vendor/laravel/framework/src/Illuminate/Foundation/Http/Kernel.php(144): Illuminate/Foundation/Http/Kernel->sendRequestThroughRouter(Object(Illuminate/Http/Request))
#37 C:/Users/ALI/Desktop/dar-al-ajneha/backend/vendor/laravel/framework/src/Illuminate/Foundation/Testing/Concerns/MakesHttpRequests.php(638): Illuminate/Foundation/Http/Kernel->handle(Object(Illuminate/Http/Request))
#38 C:/Users/ALI/Desktop/dar-al-ajneha/backend/vendor/laravel/framework/src/Illuminate/Foundation/Testing/Concerns/MakesHttpRequests.php(604): Illuminate/Foundation/Testing/TestCase->call('POST', '/api/v1/users/2...', Array, Array, Array, Array, '[]')
#39 C:/Users/ALI/Desktop/dar-al-ajneha/backend/vendor/laravel/framework/src/Illuminate/Foundation/Testing/Concerns/MakesHttpRequests.php(411): Illuminate/Foundation/Testing/TestCase->json('POST', '/api/v1/users/2...', Array, Array, 0)
#40 C:/Users/ALI/Desktop/dar-al-ajneha/backend/tests/Feature/User/UserCrudTest.php(79): Illuminate/Foundation/Testing/TestCase->postJson('/api/v1/users/2...')
#41 C:/Users/ALI/Desktop/dar-al-ajneha/backend/vendor/pestphp/pest/src/Factories/TestCaseMethodFactory.php(177): P/Tests/Feature/User/UserCrudTest->{closure:C:/Users/ALI/Desktop/dar-al-ajneha/backend/tests/Feature/User/UserCrudTest.php:71}()
#42 [internal function]: P/Tests/Feature/User/UserCrudTest->{closure:Pest/Factories/TestCaseMethodFactory::getClosure():167}()
#43 C:/Users/ALI/Desktop/dar-al-ajneha/backend/vendor/pestphp/pest/src/Concerns/Testable.php(514): call_user_func_array(Object(Closure), Array)
#44 C:/Users/ALI/Desktop/dar-al-ajneha/backend/vendor/pestphp/pest/src/Support/ExceptionTrace.php(26): P/Tests/Feature/User/UserCrudTest->{closure:Pest/Concerns/Testable::__callClosure():514}()
#45 C:/Users/ALI/Desktop/dar-al-ajneha/backend/vendor/pestphp/pest/src/Concerns/Testable.php(514): Pest/Support/ExceptionTrace::ensure(Object(Closure))
#46 C:/Users/ALI/Desktop/dar-al-ajneha/backend/vendor/pestphp/pest/src/Concerns/Testable.php(336): P/Tests/Feature/User/UserCrudTest->__callClosure(Object(Closure), Array)
#47 C:/Users/ALI/Desktop/dar-al-ajneha/backend/vendor/pestphp/pest/src/Factories/TestCaseFactory.php(179) : eval()'d code(87): P/Tests/Feature/User/UserCrudTest->__runTest(Object(Closure))
#48 C:/Users/ALI/Desktop/dar-al-ajneha/backend/vendor/phpunit/phpunit/src/Framework/TestCase.php(1318): P/Tests/Feature/User/UserCrudTest->__pest_evaluable_disable_other_with_users_disable_returns_200()
#49 C:/Users/ALI/Desktop/dar-al-ajneha/backend/vendor/phpunit/phpunit/src/Framework/TestCase.php(1355): PHPUnit/Framework/TestCase->invokeTestMethod('__pest_evaluabl...', Array)
#50 C:/Users/ALI/Desktop/dar-al-ajneha/backend/vendor/phpunit/phpunit/src/Framework/TestCase.php(521): PHPUnit/Framework/TestCase->runTest()
#51 C:/Users/ALI/Desktop/dar-al-ajneha/backend/vendor/phpunit/phpunit/src/Framework/TestRunner/TestRunner.php(99): PHPUnit/Framework/TestCase->runBare()
#52 C:/Users/ALI/Desktop/dar-al-ajneha/backend/vendor/phpunit/phpunit/src/Framework/TestCase.php(361): PHPUnit/Framework/TestRunner->run(Object(P/Tests/Feature/User/UserCrudTest))
#53 C:/Users/ALI/Desktop/dar-al-ajneha/backend/vendor/phpunit/phpunit/src/Framework/TestSuite.php(374): PHPUnit/Framework/TestCase->run()
#54 C:/Users/ALI/Desktop/dar-al-ajneha/backend/vendor/phpunit/phpunit/src/Framework/TestSuite.php(374): PHPUnit/Framework/TestSuite->run()
#55 C:/Users/ALI/Desktop/dar-al-ajneha/backend/vendor/phpunit/phpunit/src/Framework/TestSuite.php(374): PHPUnit/Framework/TestSuite->run()
#56 C:/Users/ALI/Desktop/dar-al-ajneha/backend/vendor/phpunit/phpunit/src/TextUI/TestRunner.php(64): PHPUnit/Framework/TestSuite->run()
#57 C:/Users/ALI/Desktop/dar-al-ajneha/backend/vendor/phpunit/phpunit/src/TextUI/Application.php(229): PHPUnit/TextUI/TestRunner->run(Object(PHPUnit/TextUI/Configuration/Configuration), Object(PHPUnit/Runner/ResultCache/DefaultResultCache), Object(PHPUnit/Framework/TestSuite))
#58 C:/Users/ALI/Desktop/dar-al-ajneha/backend/vendor/pestphp/pest/src/Kernel.php(103): PHPUnit/TextUI/Application->run(Array)
#59 C:/Users/ALI/Desktop/dar-al-ajneha/backend/vendor/pestphp/pest/bin/pest(196): Pest/Kernel->handle(Array, Array)
#60 C:/Users/ALI/Desktop/dar-al-ajneha/backend/vendor/pestphp/pest/bin/pest(204): {closure:C:/Users/ALI/Desktop/dar-al-ajneha/backend/vendor/pestphp/pest/bin/pest:19}()
#61 {main}
"} 
[2026-09-28 15:51:30] testing.ERROR: Call to undefined method App\Http\Controllers\User\UserController::authorize() {"userId":22,"exception":"[object] (Error(code: 0): Call to undefined method App\\Http\\Controllers\\User\\UserController::authorize() at C:/Users/ALI/Desktop/dar-al-ajneha/backend/app/Http/Controllers/User/UserController.php:95)
[stacktrace]
#0 C:/Users/ALI/Desktop/dar-al-ajneha/backend/vendor/laravel/framework/src/Illuminate/Routing/ControllerDispatcher.php(46): App/Http/Controllers/User/UserController->destroy(Object(Illuminate/Http/Request), Object(App/Models/User))
#1 C:/Users/ALI/Desktop/dar-al-ajneha/backend/vendor/laravel/framework/src/Illuminate/Routing/Route.php(276): Illuminate/Routing/ControllerDispatcher->dispatch(Object(Illuminate/Routing/Route), Object(App/Http/Controllers/User/UserController), 'destroy')
#2 C:/Users/ALI/Desktop/dar-al-ajneha/backend/vendor/laravel/framework/src/Illuminate/Routing/Route.php(216): Illuminate/Routing/Route->runController()
#3 C:/Users/ALI/Desktop/dar-al-ajneha/backend/vendor/laravel/framework/src/Illuminate/Routing/Router.php(822): Illuminate/Routing/Route->run()
#4 C:/Users/ALI/Desktop/dar-al-ajneha/backend/vendor/laravel/framework/src/Illuminate/Pipeline/Pipeline.php(180): Illuminate/Routing/Router->{closure:Illuminate/Routing/Router::runRouteWithinStack():821}(Object(Illuminate/Http/Request))
#5 C:/Users/ALI/Desktop/dar-al-ajneha/backend/vendor/laravel/framework/src/Illuminate/Routing/Middleware/SubstituteBindings.php(52): Illuminate/Pipeline/Pipeline->{closure:Illuminate/Pipeline/Pipeline::prepareDestination():178}(Object(Illuminate/Http/Request))
#6 C:/Users/ALI/Desktop/dar-al-ajneha/backend/vendor/laravel/framework/src/Illuminate/Pipeline/Pipeline.php(219): Illuminate/Routing/Middleware/SubstituteBindings->handle(Object(Illuminate/Http/Request), Object(Closure))
#7 C:/Users/ALI/Desktop/dar-al-ajneha/backend/vendor/laravel/framework/src/Illuminate/Auth/Middleware/Authenticate.php(63): Illuminate/Pipeline/Pipeline->{closure:{closure:Illuminate/Pipeline/Pipeline::carry():194}:195}(Object(Illuminate/Http/Request))
#8 C:/Users/ALI/Desktop/dar-al-ajneha/backend/vendor/laravel/framework/src/Illuminate/Pipeline/Pipeline.php(219): Illuminate/Auth/Middleware/Authenticate->handle(Object(Illuminate/Http/Request), Object(Closure), 'sanctum')
#9 C:/Users/ALI/Desktop/dar-al-ajneha/backend/vendor/laravel/framework/src/Illuminate/Pipeline/Pipeline.php(137): Illuminate/Pipeline/Pipeline->{closure:{closure:Illuminate/Pipeline/Pipeline::carry():194}:195}(Object(Illuminate/Http/Request))
#10 C:/Users/ALI/Desktop/dar-al-ajneha/backend/vendor/laravel/framework/src/Illuminate/Routing/Router.php(821): Illuminate/Pipeline/Pipeline->then(Object(Closure))
#11 C:/Users/ALI/Desktop/dar-al-ajneha/backend/vendor/laravel/framework/src/Illuminate/Routing/Router.php(800): Illuminate/Routing/Router->runRouteWithinStack(Object(Illuminate/Routing/Route), Object(Illuminate/Http/Request))
#12 C:/Users/ALI/Desktop/dar-al-ajneha/backend/vendor/laravel/framework/src/Illuminate/Routing/Router.php(764): Illuminate/Routing/Router->runRoute(Object(Illuminate/Http/Request), Object(Illuminate/Routing/Route))
#13 C:/Users/ALI/Desktop/dar-al-ajneha/backend/vendor/laravel/framework/src/Illuminate/Routing/Router.php(753): Illuminate/Routing/Router->dispatchToRoute(Object(Illuminate/Http/Request))
#14 C:/Users/ALI/Desktop/dar-al-ajneha/backend/vendor/laravel/framework/src/Illuminate/Foundation/Http/Kernel.php(200): Illuminate/Routing/Router->dispatch(Object(Illuminate/Http/Request))
#15 C:/Users/ALI/Desktop/dar-al-ajneha/backend/vendor/laravel/framework/src/Illuminate/Pipeline/Pipeline.php(180): Illuminate/Foundation/Http/Kernel->{closure:Illuminate/Foundation/Http/Kernel::dispatchToRouter():197}(Object(Illuminate/Http/Request))
#16 C:/Users/ALI/Desktop/dar-al-ajneha/backend/vendor/laravel/framework/src/Illuminate/Foundation/Http/Middleware/TransformsRequest.php(21): Illuminate/Pipeline/Pipeline->{closure:Illuminate/Pipeline/Pipeline::prepareDestination():178}(Object(Illuminate/Http/Request))
#17 C:/Users/ALI/Desktop/dar-al-ajneha/backend/vendor/laravel/framework/src/Illuminate/Foundation/Http/Middleware/ConvertEmptyStringsToNull.php(31): Illuminate/Foundation/Http/Middleware/TransformsRequest->handle(Object(Illuminate/Http/Request), Object(Closure))
#18 C:/Users/ALI/Desktop/dar-al-ajneha/backend/vendor/laravel/framework/src/Illuminate/Pipeline/Pipeline.php(219): Illuminate/Foundation/Http/Middleware/ConvertEmptyStringsToNull->handle(Object(Illuminate/Http/Request), Object(Closure))
#19 C:/Users/ALI/Desktop/dar-al-ajneha/backend/vendor/laravel/framework/src/Illuminate/Foundation/Http/Middleware/TransformsRequest.php(21): Illuminate/Pipeline/Pipeline->{closure:{closure:Illuminate/Pipeline/Pipeline::carry():194}:195}(Object(Illuminate/Http/Request))
#20 C:/Users/ALI/Desktop/dar-al-ajneha/backend/vendor/laravel/framework/src/Illuminate/Foundation/Http/Middleware/TrimStrings.php(51): Illuminate/Foundation/Http/Middleware/TransformsRequest->handle(Object(Illuminate/Http/Request), Object(Closure))
#21 C:/Users/ALI/Desktop/dar-al-ajneha/backend/vendor/laravel/framework/src/Illuminate/Pipeline/Pipeline.php(219): Illuminate/Foundation/Http/Middleware/TrimStrings->handle(Object(Illuminate/Http/Request), Object(Closure))
#22 C:/Users/ALI/Desktop/dar-al-ajneha/backend/vendor/laravel/framework/src/Illuminate/Http/Middleware/ValidatePostSize.php(27): Illuminate/Pipeline/Pipeline->{closure:{closure:Illuminate/Pipeline/Pipeline::carry():194}:195}(Object(Illuminate/Http/Request))
#23 C:/Users/ALI/Desktop/dar-al-ajneha/backend/vendor/laravel/framework/src/Illuminate/Pipeline/Pipeline.php(219): Illuminate/Http/Middleware/ValidatePostSize->handle(Object(Illuminate/Http/Request), Object(Closure))
#24 C:/Users/ALI/Desktop/dar-al-ajneha/backend/vendor/laravel/framework/src/Illuminate/Foundation/Http/Middleware/PreventRequestsDuringMaintenance.php(110): Illuminate/Pipeline/Pipeline->{closure:{closure:Illuminate/Pipeline/Pipeline::carry():194}:195}(Object(Illuminate/Http/Request))
#25 C:/Users/ALI/Desktop/dar-al-ajneha/backend/vendor/laravel/framework/src/Illuminate/Pipeline/Pipeline.php(219): Illuminate/Foundation/Http/Middleware/PreventRequestsDuringMaintenance->handle(Object(Illuminate/Http/Request), Object(Closure))
#26 C:/Users/ALI/Desktop/dar-al-ajneha/backend/vendor/laravel/framework/src/Illuminate/Http/Middleware/HandleCors.php(74): Illuminate/Pipeline/Pipeline->{closure:{closure:Illuminate/Pipeline/Pipeline::carry():194}:195}(Object(Illuminate/Http/Request))
#27 C:/Users/ALI/Desktop/dar-al-ajneha/backend/vendor/laravel/framework/src/Illuminate/Pipeline/Pipeline.php(219): Illuminate/Http/Middleware/HandleCors->handle(Object(Illuminate/Http/Request), Object(Closure))
#28 C:/Users/ALI/Desktop/dar-al-ajneha/backend/vendor/laravel/framework/src/Illuminate/Http/Middleware/TrustProxies.php(58): Illuminate/Pipeline/Pipeline->{closure:{closure:Illuminate/Pipeline/Pipeline::carry():194}:195}(Object(Illuminate/Http/Request))
#29 C:/Users/ALI/Desktop/dar-al-ajneha/backend/vendor/laravel/framework/src/Illuminate/Pipeline/Pipeline.php(219): Illuminate/Http/Middleware/TrustProxies->handle(Object(Illuminate/Http/Request), Object(Closure))
#30 C:/Users/ALI/Desktop/dar-al-ajneha/backend/vendor/laravel/framework/src/Illuminate/Foundation/Http/Middleware/InvokeDeferredCallbacks.php(22): Illuminate/Pipeline/Pipeline->{closure:{closure:Illuminate/Pipeline/Pipeline::carry():194}:195}(Object(Illuminate/Http/Request))
#31 C:/Users/ALI/Desktop/dar-al-ajneha/backend/vendor/laravel/framework/src/Illuminate/Pipeline/Pipeline.php(219): Illuminate/Foundation/Http/Middleware/InvokeDeferredCallbacks->handle(Object(Illuminate/Http/Request), Object(Closure))
#32 C:/Users/ALI/Desktop/dar-al-ajneha/backend/vendor/laravel/framework/src/Illuminate/Http/Middleware/ValidatePathEncoding.php(28): Illuminate/Pipeline/Pipeline->{closure:{closure:Illuminate/Pipeline/Pipeline::carry():194}:195}(Object(Illuminate/Http/Request))
#33 C:/Users/ALI/Desktop/dar-al-ajneha/backend/vendor/laravel/framework/src/Illuminate/Pipeline/Pipeline.php(219): Illuminate/Http/Middleware/ValidatePathEncoding->handle(Object(Illuminate/Http/Request), Object(Closure))
#34 C:/Users/ALI/Desktop/dar-al-ajneha/backend/vendor/laravel/framework/src/Illuminate/Pipeline/Pipeline.php(137): Illuminate/Pipeline/Pipeline->{closure:{closure:Illuminate/Pipeline/Pipeline::carry():194}:195}(Object(Illuminate/Http/Request))
#35 C:/Users/ALI/Desktop/dar-al-ajneha/backend/vendor/laravel/framework/src/Illuminate/Foundation/Http/Kernel.php(175): Illuminate/Pipeline/Pipeline->then(Object(Closure))
#36 C:/Users/ALI/Desktop/dar-al-ajneha/backend/vendor/laravel/framework/src/Illuminate/Foundation/Http/Kernel.php(144): Illuminate/Foundation/Http/Kernel->sendRequestThroughRouter(Object(Illuminate/Http/Request))
#37 C:/Users/ALI/Desktop/dar-al-ajneha/backend/vendor/laravel/framework/src/Illuminate/Foundation/Testing/Concerns/MakesHttpRequests.php(638): Illuminate/Foundation/Http/Kernel->handle(Object(Illuminate/Http/Request))
#38 C:/Users/ALI/Desktop/dar-al-ajneha/backend/vendor/laravel/framework/src/Illuminate/Foundation/Testing/Concerns/MakesHttpRequests.php(604): Illuminate/Foundation/Testing/TestCase->call('DELETE', '/api/v1/users/2...', Array, Array, Array, Array, '[]')
#39 C:/Users/ALI/Desktop/dar-al-ajneha/backend/vendor/laravel/framework/src/Illuminate/Foundation/Testing/Concerns/MakesHttpRequests.php(501): Illuminate/Foundation/Testing/TestCase->json('DELETE', '/api/v1/users/2...', Array, Array, 0)
#40 C:/Users/ALI/Desktop/dar-al-ajneha/backend/tests/Feature/User/UserCrudTest.php(90): Illuminate/Foundation/Testing/TestCase->deleteJson('/api/v1/users/2...')
#41 C:/Users/ALI/Desktop/dar-al-ajneha/backend/vendor/pestphp/pest/src/Factories/TestCaseMethodFactory.php(177): P/Tests/Feature/User/UserCrudTest->{closure:C:/Users/ALI/Desktop/dar-al-ajneha/backend/tests/Feature/User/UserCrudTest.php:84}()
#42 [internal function]: P/Tests/Feature/User/UserCrudTest->{closure:Pest/Factories/TestCaseMethodFactory::getClosure():167}()
#43 C:/Users/ALI/Desktop/dar-al-ajneha/backend/vendor/pestphp/pest/src/Concerns/Testable.php(514): call_user_func_array(Object(Closure), Array)
#44 C:/Users/ALI/Desktop/dar-al-ajneha/backend/vendor/pestphp/pest/src/Support/ExceptionTrace.php(26): P/Tests/Feature/User/UserCrudTest->{closure:Pest/Concerns/Testable::__callClosure():514}()
#45 C:/Users/ALI/Desktop/dar-al-ajneha/backend/vendor/pestphp/pest/src/Concerns/Testable.php(514): Pest/Support/ExceptionTrace::ensure(Object(Closure))
#46 C:/Users/ALI/Desktop/dar-al-ajneha/backend/vendor/pestphp/pest/src/Concerns/Testable.php(336): P/Tests/Feature/User/UserCrudTest->__callClosure(Object(Closure), Array)
#47 C:/Users/ALI/Desktop/dar-al-ajneha/backend/vendor/pestphp/pest/src/Factories/TestCaseFactory.php(179) : eval()'d code(100): P/Tests/Feature/User/UserCrudTest->__runTest(Object(Closure))
#48 C:/Users/ALI/Desktop/dar-al-ajneha/backend/vendor/phpunit/phpunit/src/Framework/TestCase.php(1318): P/Tests/Feature/User/UserCrudTest->__pest_evaluable_delete_self_returns_403()
#49 C:/Users/ALI/Desktop/dar-al-ajneha/backend/vendor/phpunit/phpunit/src/Framework/TestCase.php(1355): PHPUnit/Framework/TestCase->invokeTestMethod('__pest_evaluabl...', Array)
#50 C:/Users/ALI/Desktop/dar-al-ajneha/backend/vendor/phpunit/phpunit/src/Framework/TestCase.php(521): PHPUnit/Framework/TestCase->runTest()
#51 C:/Users/ALI/Desktop/dar-al-ajneha/backend/vendor/phpunit/phpunit/src/Framework/TestRunner/TestRunner.php(99): PHPUnit/Framework/TestCase->runBare()
#52 C:/Users/ALI/Desktop/dar-al-ajneha/backend/vendor/phpunit/phpunit/src/Framework/TestCase.php(361): PHPUnit/Framework/TestRunner->run(Object(P/Tests/Feature/User/UserCrudTest))
#53 C:/Users/ALI/Desktop/dar-al-ajneha/backend/vendor/phpunit/phpunit/src/Framework/TestSuite.php(374): PHPUnit/Framework/TestCase->run()
#54 C:/Users/ALI/Desktop/dar-al-ajneha/backend/vendor/phpunit/phpunit/src/Framework/TestSuite.php(374): PHPUnit/Framework/TestSuite->run()
#55 C:/Users/ALI/Desktop/dar-al-ajneha/backend/vendor/phpunit/phpunit/src/Framework/TestSuite.php(374): PHPUnit/Framework/TestSuite->run()
#56 C:/Users/ALI/Desktop/dar-al-ajneha/backend/vendor/phpunit/phpunit/src/TextUI/TestRunner.php(64): PHPUnit/Framework/TestSuite->run()
#57 C:/Users/ALI/Desktop/dar-al-ajneha/backend/vendor/phpunit/phpunit/src/TextUI/Application.php(229): PHPUnit/TextUI/TestRunner->run(Object(PHPUnit/TextUI/Configuration/Configuration), Object(PHPUnit/Runner/ResultCache/DefaultResultCache), Object(PHPUnit/Framework/TestSuite))
#58 C:/Users/ALI/Desktop/dar-al-ajneha/backend/vendor/pestphp/pest/src/Kernel.php(103): PHPUnit/TextUI/Application->run(Array)
#59 C:/Users/ALI/Desktop/dar-al-ajneha/backend/vendor/pestphp/pest/bin/pest(196): Pest/Kernel->handle(Array, Array)
#60 C:/Users/ALI/Desktop/dar-al-ajneha/backend/vendor/pestphp/pest/bin/pest(204): {closure:C:/Users/ALI/Desktop/dar-al-ajneha/backend/vendor/pestphp/pest/bin/pest:19}()
#61 {main}
"} 
[2026-09-28 15:51:30] testing.ERROR: Call to undefined method App\Http\Controllers\User\UserController::authorize() {"userId":23,"exception":"[object] (Error(code: 0): Call to undefined method App\\Http\\Controllers\\User\\UserController::authorize() at C:/Users/ALI/Desktop/dar-al-ajneha/backend/app/Http/Controllers/User/UserController.php:95)
[stacktrace]
#0 C:/Users/ALI/Desktop/dar-al-ajneha/backend/vendor/laravel/framework/src/Illuminate/Routing/ControllerDispatcher.php(46): App/Http/Controllers/User/UserController->destroy(Object(Illuminate/Http/Request), Object(App/Models/User))
#1 C:/Users/ALI/Desktop/dar-al-ajneha/backend/vendor/laravel/framework/src/Illuminate/Routing/Route.php(276): Illuminate/Routing/ControllerDispatcher->dispatch(Object(Illuminate/Routing/Route), Object(App/Http/Controllers/User/UserController), 'destroy')
#2 C:/Users/ALI/Desktop/dar-al-ajneha/backend/vendor/laravel/framework/src/Illuminate/Routing/Route.php(216): Illuminate/Routing/Route->runController()
#3 C:/Users/ALI/Desktop/dar-al-ajneha/backend/vendor/laravel/framework/src/Illuminate/Routing/Router.php(822): Illuminate/Routing/Route->run()
#4 C:/Users/ALI/Desktop/dar-al-ajneha/backend/vendor/laravel/framework/src/Illuminate/Pipeline/Pipeline.php(180): Illuminate/Routing/Router->{closure:Illuminate/Routing/Router::runRouteWithinStack():821}(Object(Illuminate/Http/Request))
#5 C:/Users/ALI/Desktop/dar-al-ajneha/backend/vendor/laravel/framework/src/Illuminate/Routing/Middleware/SubstituteBindings.php(52): Illuminate/Pipeline/Pipeline->{closure:Illuminate/Pipeline/Pipeline::prepareDestination():178}(Object(Illuminate/Http/Request))
#6 C:/Users/ALI/Desktop/dar-al-ajneha/backend/vendor/laravel/framework/src/Illuminate/Pipeline/Pipeline.php(219): Illuminate/Routing/Middleware/SubstituteBindings->handle(Object(Illuminate/Http/Request), Object(Closure))
#7 C:/Users/ALI/Desktop/dar-al-ajneha/backend/vendor/laravel/framework/src/Illuminate/Auth/Middleware/Authenticate.php(63): Illuminate/Pipeline/Pipeline->{closure:{closure:Illuminate/Pipeline/Pipeline::carry():194}:195}(Object(Illuminate/Http/Request))
#8 C:/Users/ALI/Desktop/dar-al-ajneha/backend/vendor/laravel/framework/src/Illuminate/Pipeline/Pipeline.php(219): Illuminate/Auth/Middleware/Authenticate->handle(Object(Illuminate/Http/Request), Object(Closure), 'sanctum')
#9 C:/Users/ALI/Desktop/dar-al-ajneha/backend/vendor/laravel/framework/src/Illuminate/Pipeline/Pipeline.php(137): Illuminate/Pipeline/Pipeline->{closure:{closure:Illuminate/Pipeline/Pipeline::carry():194}:195}(Object(Illuminate/Http/Request))
#10 C:/Users/ALI/Desktop/dar-al-ajneha/backend/vendor/laravel/framework/src/Illuminate/Routing/Router.php(821): Illuminate/Pipeline/Pipeline->then(Object(Closure))
#11 C:/Users/ALI/Desktop/dar-al-ajneha/backend/vendor/laravel/framework/src/Illuminate/Routing/Router.php(800): Illuminate/Routing/Router->runRouteWithinStack(Object(Illuminate/Routing/Route), Object(Illuminate/Http/Request))
#12 C:/Users/ALI/Desktop/dar-al-ajneha/backend/vendor/laravel/framework/src/Illuminate/Routing/Router.php(764): Illuminate/Routing/Router->runRoute(Object(Illuminate/Http/Request), Object(Illuminate/Routing/Route))
#13 C:/Users/ALI/Desktop/dar-al-ajneha/backend/vendor/laravel/framework/src/Illuminate/Routing/Router.php(753): Illuminate/Routing/Router->dispatchToRoute(Object(Illuminate/Http/Request))
#14 C:/Users/ALI/Desktop/dar-al-ajneha/backend/vendor/laravel/framework/src/Illuminate/Foundation/Http/Kernel.php(200): Illuminate/Routing/Router->dispatch(Object(Illuminate/Http/Request))
#15 C:/Users/ALI/Desktop/dar-al-ajneha/backend/vendor/laravel/framework/src/Illuminate/Pipeline/Pipeline.php(180): Illuminate/Foundation/Http/Kernel->{closure:Illuminate/Foundation/Http/Kernel::dispatchToRouter():197}(Object(Illuminate/Http/Request))
#16 C:/Users/ALI/Desktop/dar-al-ajneha/backend/vendor/laravel/framework/src/Illuminate/Foundation/Http/Middleware/TransformsRequest.php(21): Illuminate/Pipeline/Pipeline->{closure:Illuminate/Pipeline/Pipeline::prepareDestination():178}(Object(Illuminate/Http/Request))
#17 C:/Users/ALI/Desktop/dar-al-ajneha/backend/vendor/laravel/framework/src/Illuminate/Foundation/Http/Middleware/ConvertEmptyStringsToNull.php(31): Illuminate/Foundation/Http/Middleware/TransformsRequest->handle(Object(Illuminate/Http/Request), Object(Closure))
#18 C:/Users/ALI/Desktop/dar-al-ajneha/backend/vendor/laravel/framework/src/Illuminate/Pipeline/Pipeline.php(219): Illuminate/Foundation/Http/Middleware/ConvertEmptyStringsToNull->handle(Object(Illuminate/Http/Request), Object(Closure))
#19 C:/Users/ALI/Desktop/dar-al-ajneha/backend/vendor/laravel/framework/src/Illuminate/Foundation/Http/Middleware/TransformsRequest.php(21): Illuminate/Pipeline/Pipeline->{closure:{closure:Illuminate/Pipeline/Pipeline::carry():194}:195}(Object(Illuminate/Http/Request))
#20 C:/Users/ALI/Desktop/dar-al-ajneha/backend/vendor/laravel/framework/src/Illuminate/Foundation/Http/Middleware/TrimStrings.php(51): Illuminate/Foundation/Http/Middleware/TransformsRequest->handle(Object(Illuminate/Http/Request), Object(Closure))
#21 C:/Users/ALI/Desktop/dar-al-ajneha/backend/vendor/laravel/framework/src/Illuminate/Pipeline/Pipeline.php(219): Illuminate/Foundation/Http/Middleware/TrimStrings->handle(Object(Illuminate/Http/Request), Object(Closure))
#22 C:/Users/ALI/Desktop/dar-al-ajneha/backend/vendor/laravel/framework/src/Illuminate/Http/Middleware/ValidatePostSize.php(27): Illuminate/Pipeline/Pipeline->{closure:{closure:Illuminate/Pipeline/Pipeline::carry():194}:195}(Object(Illuminate/Http/Request))
#23 C:/Users/ALI/Desktop/dar-al-ajneha/backend/vendor/laravel/framework/src/Illuminate/Pipeline/Pipeline.php(219): Illuminate/Http/Middleware/ValidatePostSize->handle(Object(Illuminate/Http/Request), Object(Closure))
#24 C:/Users/ALI/Desktop/dar-al-ajneha/backend/vendor/laravel/framework/src/Illuminate/Foundation/Http/Middleware/PreventRequestsDuringMaintenance.php(110): Illuminate/Pipeline/Pipeline->{closure:{closure:Illuminate/Pipeline/Pipeline::carry():194}:195}(Object(Illuminate/Http/Request))
#25 C:/Users/ALI/Desktop/dar-al-ajneha/backend/vendor/laravel/framework/src/Illuminate/Pipeline/Pipeline.php(219): Illuminate/Foundation/Http/Middleware/PreventRequestsDuringMaintenance->handle(Object(Illuminate/Http/Request), Object(Closure))
#26 C:/Users/ALI/Desktop/dar-al-ajneha/backend/vendor/laravel/framework/src/Illuminate/Http/Middleware/HandleCors.php(74): Illuminate/Pipeline/Pipeline->{closure:{closure:Illuminate/Pipeline/Pipeline::carry():194}:195}(Object(Illuminate/Http/Request))
#27 C:/Users/ALI/Desktop/dar-al-ajneha/backend/vendor/laravel/framework/src/Illuminate/Pipeline/Pipeline.php(219): Illuminate/Http/Middleware/HandleCors->handle(Object(Illuminate/Http/Request), Object(Closure))
#28 C:/Users/ALI/Desktop/dar-al-ajneha/backend/vendor/laravel/framework/src/Illuminate/Http/Middleware/TrustProxies.php(58): Illuminate/Pipeline/Pipeline->{closure:{closure:Illuminate/Pipeline/Pipeline::carry():194}:195}(Object(Illuminate/Http/Request))
#29 C:/Users/ALI/Desktop/dar-al-ajneha/backend/vendor/laravel/framework/src/Illuminate/Pipeline/Pipeline.php(219): Illuminate/Http/Middleware/TrustProxies->handle(Object(Illuminate/Http/Request), Object(Closure))
#30 C:/Users/ALI/Desktop/dar-al-ajneha/backend/vendor/laravel/framework/src/Illuminate/Foundation/Http/Middleware/InvokeDeferredCallbacks.php(22): Illuminate/Pipeline/Pipeline->{closure:{closure:Illuminate/Pipeline/Pipeline::carry():194}:195}(Object(Illuminate/Http/Request))
#31 C:/Users/ALI/Desktop/dar-al-ajneha/backend/vendor/laravel/framework/src/Illuminate/Pipeline/Pipeline.php(219): Illuminate/Foundation/Http/Middleware/InvokeDeferredCallbacks->handle(Object(Illuminate/Http/Request), Object(Closure))
#32 C:/Users/ALI/Desktop/dar-al-ajneha/backend/vendor/laravel/framework/src/Illuminate/Http/Middleware/ValidatePathEncoding.php(28): Illuminate/Pipeline/Pipeline->{closure:{closure:Illuminate/Pipeline/Pipeline::carry():194}:195}(Object(Illuminate/Http/Request))
#33 C:/Users/ALI/Desktop/dar-al-ajneha/backend/vendor/laravel/framework/src/Illuminate/Pipeline/Pipeline.php(219): Illuminate/Http/Middleware/ValidatePathEncoding->handle(Object(Illuminate/Http/Request), Object(Closure))
#34 C:/Users/ALI/Desktop/dar-al-ajneha/backend/vendor/laravel/framework/src/Illuminate/Pipeline/Pipeline.php(137): Illuminate/Pipeline/Pipeline->{closure:{closure:Illuminate/Pipeline/Pipeline::carry():194}:195}(Object(Illuminate/Http/Request))
#35 C:/Users/ALI/Desktop/dar-al-ajneha/backend/vendor/laravel/framework/src/Illuminate/Foundation/Http/Kernel.php(175): Illuminate/Pipeline/Pipeline->then(Object(Closure))
#36 C:/Users/ALI/Desktop/dar-al-ajneha/backend/vendor/laravel/framework/src/Illuminate/Foundation/Http/Kernel.php(144): Illuminate/Foundation/Http/Kernel->sendRequestThroughRouter(Object(Illuminate/Http/Request))
#37 C:/Users/ALI/Desktop/dar-al-ajneha/backend/vendor/laravel/framework/src/Illuminate/Foundation/Testing/Concerns/MakesHttpRequests.php(638): Illuminate/Foundation/Http/Kernel->handle(Object(Illuminate/Http/Request))
#38 C:/Users/ALI/Desktop/dar-al-ajneha/backend/vendor/laravel/framework/src/Illuminate/Foundation/Testing/Concerns/MakesHttpRequests.php(604): Illuminate/Foundation/Testing/TestCase->call('DELETE', '/api/v1/users/2...', Array, Array, Array, Array, '[]')
#39 C:/Users/ALI/Desktop/dar-al-ajneha/backend/vendor/laravel/framework/src/Illuminate/Foundation/Testing/Concerns/MakesHttpRequests.php(501): Illuminate/Foundation/Testing/TestCase->json('DELETE', '/api/v1/users/2...', Array, Array, 0)
#40 C:/Users/ALI/Desktop/dar-al-ajneha/backend/tests/Feature/User/UserCrudTest.php(102): Illuminate/Foundation/Testing/TestCase->deleteJson('/api/v1/users/2...')
#41 C:/Users/ALI/Desktop/dar-al-ajneha/backend/vendor/pestphp/pest/src/Factories/TestCaseMethodFactory.php(177): P/Tests/Feature/User/UserCrudTest->{closure:C:/Users/ALI/Desktop/dar-al-ajneha/backend/tests/Feature/User/UserCrudTest.php:94}()
#42 [internal function]: P/Tests/Feature/User/UserCrudTest->{closure:Pest/Factories/TestCaseMethodFactory::getClosure():167}()
#43 C:/Users/ALI/Desktop/dar-al-ajneha/backend/vendor/pestphp/pest/src/Concerns/Testable.php(514): call_user_func_array(Object(Closure), Array)
#44 C:/Users/ALI/Desktop/dar-al-ajneha/backend/vendor/pestphp/pest/src/Support/ExceptionTrace.php(26): P/Tests/Feature/User/UserCrudTest->{closure:Pest/Concerns/Testable::__callClosure():514}()
#45 C:/Users/ALI/Desktop/dar-al-ajneha/backend/vendor/pestphp/pest/src/Concerns/Testable.php(514): Pest/Support/ExceptionTrace::ensure(Object(Closure))
#46 C:/Users/ALI/Desktop/dar-al-ajneha/backend/vendor/pestphp/pest/src/Concerns/Testable.php(336): P/Tests/Feature/User/UserCrudTest->__callClosure(Object(Closure), Array)
#47 C:/Users/ALI/Desktop/dar-al-ajneha/backend/vendor/pestphp/pest/src/Factories/TestCaseFactory.php(179) : eval()'d code(113): P/Tests/Feature/User/UserCrudTest->__runTest(Object(Closure))
#48 C:/Users/ALI/Desktop/dar-al-ajneha/backend/vendor/phpunit/phpunit/src/Framework/TestCase.php(1318): P/Tests/Feature/User/UserCrudTest->__pest_evaluable_delete_other_with_users_delete_returns_204()
#49 C:/Users/ALI/Desktop/dar-al-ajneha/backend/vendor/phpunit/phpunit/src/Framework/TestCase.php(1355): PHPUnit/Framework/TestCase->invokeTestMethod('__pest_evaluabl...', Array)
#50 C:/Users/ALI/Desktop/dar-al-ajneha/backend/vendor/phpunit/phpunit/src/Framework/TestCase.php(521): PHPUnit/Framework/TestCase->runTest()
#51 C:/Users/ALI/Desktop/dar-al-ajneha/backend/vendor/phpunit/phpunit/src/Framework/TestRunner/TestRunner.php(99): PHPUnit/Framework/TestCase->runBare()
#52 C:/Users/ALI/Desktop/dar-al-ajneha/backend/vendor/phpunit/phpunit/src/Framework/TestCase.php(361): PHPUnit/Framework/TestRunner->run(Object(P/Tests/Feature/User/UserCrudTest))
#53 C:/Users/ALI/Desktop/dar-al-ajneha/backend/vendor/phpunit/phpunit/src/Framework/TestSuite.php(374): PHPUnit/Framework/TestCase->run()
#54 C:/Users/ALI/Desktop/dar-al-ajneha/backend/vendor/phpunit/phpunit/src/Framework/TestSuite.php(374): PHPUnit/Framework/TestSuite->run()
#55 C:/Users/ALI/Desktop/dar-al-ajneha/backend/vendor/phpunit/phpunit/src/Framework/TestSuite.php(374): PHPUnit/Framework/TestSuite->run()
#56 C:/Users/ALI/Desktop/dar-al-ajneha/backend/vendor/phpunit/phpunit/src/TextUI/TestRunner.php(64): PHPUnit/Framework/TestSuite->run()
#57 C:/Users/ALI/Desktop/dar-al-ajneha/backend/vendor/phpunit/phpunit/src/TextUI/Application.php(229): PHPUnit/TextUI/TestRunner->run(Object(PHPUnit/TextUI/Configuration/Configuration), Object(PHPUnit/Runner/ResultCache/DefaultResultCache), Object(PHPUnit/Framework/TestSuite))
#58 C:/Users/ALI/Desktop/dar-al-ajneha/backend/vendor/pestphp/pest/src/Kernel.php(103): PHPUnit/TextUI/Application->run(Array)
#59 C:/Users/ALI/Desktop/dar-al-ajneha/backend/vendor/pestphp/pest/bin/pest(196): Pest/Kernel->handle(Array, Array)
#60 C:/Users/ALI/Desktop/dar-al-ajneha/backend/vendor/pestphp/pest/bin/pest(204): {closure:C:/Users/ALI/Desktop/dar-al-ajneha/backend/vendor/pestphp/pest/bin/pest:19}()
#61 {main}
"} 
[2026-09-28 15:51:30] testing.ERROR: Call to undefined method App\Http\Controllers\User\UserController::authorize() {"userId":25,"exception":"[object] (Error(code: 0): Call to undefined method App\\Http\\Controllers\\User\\UserController::authorize() at C:/Users/ALI/Desktop/dar-al-ajneha/backend/app/Http/Controllers/User/UserController.php:20)
[stacktrace]
#0 C:/Users/ALI/Desktop/dar-al-ajneha/backend/vendor/laravel/framework/src/Illuminate/Routing/ControllerDispatcher.php(46): App/Http/Controllers/User/UserController->index(Object(Illuminate/Http/Request))
#1 C:/Users/ALI/Desktop/dar-al-ajneha/backend/vendor/laravel/framework/src/Illuminate/Routing/Route.php(276): Illuminate/Routing/ControllerDispatcher->dispatch(Object(Illuminate/Routing/Route), Object(App/Http/Controllers/User/UserController), 'index')
#2 C:/Users/ALI/Desktop/dar-al-ajneha/backend/vendor/laravel/framework/src/Illuminate/Routing/Route.php(216): Illuminate/Routing/Route->runController()
#3 C:/Users/ALI/Desktop/dar-al-ajneha/backend/vendor/laravel/framework/src/Illuminate/Routing/Router.php(822): Illuminate/Routing/Route->run()
#4 C:/Users/ALI/Desktop/dar-al-ajneha/backend/vendor/laravel/framework/src/Illuminate/Pipeline/Pipeline.php(180): Illuminate/Routing/Router->{closure:Illuminate/Routing/Router::runRouteWithinStack():821}(Object(Illuminate/Http/Request))
#5 C:/Users/ALI/Desktop/dar-al-ajneha/backend/vendor/laravel/framework/src/Illuminate/Routing/Middleware/SubstituteBindings.php(52): Illuminate/Pipeline/Pipeline->{closure:Illuminate/Pipeline/Pipeline::prepareDestination():178}(Object(Illuminate/Http/Request))
#6 C:/Users/ALI/Desktop/dar-al-ajneha/backend/vendor/laravel/framework/src/Illuminate/Pipeline/Pipeline.php(219): Illuminate/Routing/Middleware/SubstituteBindings->handle(Object(Illuminate/Http/Request), Object(Closure))
#7 C:/Users/ALI/Desktop/dar-al-ajneha/backend/vendor/laravel/framework/src/Illuminate/Auth/Middleware/Authenticate.php(63): Illuminate/Pipeline/Pipeline->{closure:{closure:Illuminate/Pipeline/Pipeline::carry():194}:195}(Object(Illuminate/Http/Request))
#8 C:/Users/ALI/Desktop/dar-al-ajneha/backend/vendor/laravel/framework/src/Illuminate/Pipeline/Pipeline.php(219): Illuminate/Auth/Middleware/Authenticate->handle(Object(Illuminate/Http/Request), Object(Closure), 'sanctum')
#9 C:/Users/ALI/Desktop/dar-al-ajneha/backend/vendor/laravel/framework/src/Illuminate/Pipeline/Pipeline.php(137): Illuminate/Pipeline/Pipeline->{closure:{closure:Illuminate/Pipeline/Pipeline::carry():194}:195}(Object(Illuminate/Http/Request))
#10 C:/Users/ALI/Desktop/dar-al-ajneha/backend/vendor/laravel/framework/src/Illuminate/Routing/Router.php(821): Illuminate/Pipeline/Pipeline->then(Object(Closure))
#11 C:/Users/ALI/Desktop/dar-al-ajneha/backend/vendor/laravel/framework/src/Illuminate/Routing/Router.php(800): Illuminate/Routing/Router->runRouteWithinStack(Object(Illuminate/Routing/Route), Object(Illuminate/Http/Request))
#12 C:/Users/ALI/Desktop/dar-al-ajneha/backend/vendor/laravel/framework/src/Illuminate/Routing/Router.php(764): Illuminate/Routing/Router->runRoute(Object(Illuminate/Http/Request), Object(Illuminate/Routing/Route))
#13 C:/Users/ALI/Desktop/dar-al-ajneha/backend/vendor/laravel/framework/src/Illuminate/Routing/Router.php(753): Illuminate/Routing/Router->dispatchToRoute(Object(Illuminate/Http/Request))
#14 C:/Users/ALI/Desktop/dar-al-ajneha/backend/vendor/laravel/framework/src/Illuminate/Foundation/Http/Kernel.php(200): Illuminate/Routing/Router->dispatch(Object(Illuminate/Http/Request))
#15 C:/Users/ALI/Desktop/dar-al-ajneha/backend/vendor/laravel/framework/src/Illuminate/Pipeline/Pipeline.php(180): Illuminate/Foundation/Http/Kernel->{closure:Illuminate/Foundation/Http/Kernel::dispatchToRouter():197}(Object(Illuminate/Http/Request))
#16 C:/Users/ALI/Desktop/dar-al-ajneha/backend/vendor/laravel/framework/src/Illuminate/Foundation/Http/Middleware/TransformsRequest.php(21): Illuminate/Pipeline/Pipeline->{closure:Illuminate/Pipeline/Pipeline::prepareDestination():178}(Object(Illuminate/Http/Request))
#17 C:/Users/ALI/Desktop/dar-al-ajneha/backend/vendor/laravel/framework/src/Illuminate/Foundation/Http/Middleware/ConvertEmptyStringsToNull.php(31): Illuminate/Foundation/Http/Middleware/TransformsRequest->handle(Object(Illuminate/Http/Request), Object(Closure))
#18 C:/Users/ALI/Desktop/dar-al-ajneha/backend/vendor/laravel/framework/src/Illuminate/Pipeline/Pipeline.php(219): Illuminate/Foundation/Http/Middleware/ConvertEmptyStringsToNull->handle(Object(Illuminate/Http/Request), Object(Closure))
#19 C:/Users/ALI/Desktop/dar-al-ajneha/backend/vendor/laravel/framework/src/Illuminate/Foundation/Http/Middleware/TransformsRequest.php(21): Illuminate/Pipeline/Pipeline->{closure:{closure:Illuminate/Pipeline/Pipeline::carry():194}:195}(Object(Illuminate/Http/Request))
#20 C:/Users/ALI/Desktop/dar-al-ajneha/backend/vendor/laravel/framework/src/Illuminate/Foundation/Http/Middleware/TrimStrings.php(51): Illuminate/Foundation/Http/Middleware/TransformsRequest->handle(Object(Illuminate/Http/Request), Object(Closure))
#21 C:/Users/ALI/Desktop/dar-al-ajneha/backend/vendor/laravel/framework/src/Illuminate/Pipeline/Pipeline.php(219): Illuminate/Foundation/Http/Middleware/TrimStrings->handle(Object(Illuminate/Http/Request), Object(Closure))
#22 C:/Users/ALI/Desktop/dar-al-ajneha/backend/vendor/laravel/framework/src/Illuminate/Http/Middleware/ValidatePostSize.php(27): Illuminate/Pipeline/Pipeline->{closure:{closure:Illuminate/Pipeline/Pipeline::carry():194}:195}(Object(Illuminate/Http/Request))
#23 C:/Users/ALI/Desktop/dar-al-ajneha/backend/vendor/laravel/framework/src/Illuminate/Pipeline/Pipeline.php(219): Illuminate/Http/Middleware/ValidatePostSize->handle(Object(Illuminate/Http/Request), Object(Closure))
#24 C:/Users/ALI/Desktop/dar-al-ajneha/backend/vendor/laravel/framework/src/Illuminate/Foundation/Http/Middleware/PreventRequestsDuringMaintenance.php(110): Illuminate/Pipeline/Pipeline->{closure:{closure:Illuminate/Pipeline/Pipeline::carry():194}:195}(Object(Illuminate/Http/Request))
#25 C:/Users/ALI/Desktop/dar-al-ajneha/backend/vendor/laravel/framework/src/Illuminate/Pipeline/Pipeline.php(219): Illuminate/Foundation/Http/Middleware/PreventRequestsDuringMaintenance->handle(Object(Illuminate/Http/Request), Object(Closure))
#26 C:/Users/ALI/Desktop/dar-al-ajneha/backend/vendor/laravel/framework/src/Illuminate/Http/Middleware/HandleCors.php(74): Illuminate/Pipeline/Pipeline->{closure:{closure:Illuminate/Pipeline/Pipeline::carry():194}:195}(Object(Illuminate/Http/Request))
#27 C:/Users/ALI/Desktop/dar-al-ajneha/backend/vendor/laravel/framework/src/Illuminate/Pipeline/Pipeline.php(219): Illuminate/Http/Middleware/HandleCors->handle(Object(Illuminate/Http/Request), Object(Closure))
#28 C:/Users/ALI/Desktop/dar-al-ajneha/backend/vendor/laravel/framework/src/Illuminate/Http/Middleware/TrustProxies.php(58): Illuminate/Pipeline/Pipeline->{closure:{closure:Illuminate/Pipeline/Pipeline::carry():194}:195}(Object(Illuminate/Http/Request))
#29 C:/Users/ALI/Desktop/dar-al-ajneha/backend/vendor/laravel/framework/src/Illuminate/Pipeline/Pipeline.php(219): Illuminate/Http/Middleware/TrustProxies->handle(Object(Illuminate/Http/Request), Object(Closure))
#30 C:/Users/ALI/Desktop/dar-al-ajneha/backend/vendor/laravel/framework/src/Illuminate/Foundation/Http/Middleware/InvokeDeferredCallbacks.php(22): Illuminate/Pipeline/Pipeline->{closure:{closure:Illuminate/Pipeline/Pipeline::carry():194}:195}(Object(Illuminate/Http/Request))
#31 C:/Users/ALI/Desktop/dar-al-ajneha/backend/vendor/laravel/framework/src/Illuminate/Pipeline/Pipeline.php(219): Illuminate/Foundation/Http/Middleware/InvokeDeferredCallbacks->handle(Object(Illuminate/Http/Request), Object(Closure))
#32 C:/Users/ALI/Desktop/dar-al-ajneha/backend/vendor/laravel/framework/src/Illuminate/Http/Middleware/ValidatePathEncoding.php(28): Illuminate/Pipeline/Pipeline->{closure:{closure:Illuminate/Pipeline/Pipeline::carry():194}:195}(Object(Illuminate/Http/Request))
#33 C:/Users/ALI/Desktop/dar-al-ajneha/backend/vendor/laravel/framework/src/Illuminate/Pipeline/Pipeline.php(219): Illuminate/Http/Middleware/ValidatePathEncoding->handle(Object(Illuminate/Http/Request), Object(Closure))
#34 C:/Users/ALI/Desktop/dar-al-ajneha/backend/vendor/laravel/framework/src/Illuminate/Pipeline/Pipeline.php(137): Illuminate/Pipeline/Pipeline->{closure:{closure:Illuminate/Pipeline/Pipeline::carry():194}:195}(Object(Illuminate/Http/Request))
#35 C:/Users/ALI/Desktop/dar-al-ajneha/backend/vendor/laravel/framework/src/Illuminate/Foundation/Http/Kernel.php(175): Illuminate/Pipeline/Pipeline->then(Object(Closure))
#36 C:/Users/ALI/Desktop/dar-al-ajneha/backend/vendor/laravel/framework/src/Illuminate/Foundation/Http/Kernel.php(144): Illuminate/Foundation/Http/Kernel->sendRequestThroughRouter(Object(Illuminate/Http/Request))
#37 C:/Users/ALI/Desktop/dar-al-ajneha/backend/vendor/laravel/framework/src/Illuminate/Foundation/Testing/Concerns/MakesHttpRequests.php(638): Illuminate/Foundation/Http/Kernel->handle(Object(Illuminate/Http/Request))
#38 C:/Users/ALI/Desktop/dar-al-ajneha/backend/vendor/laravel/framework/src/Illuminate/Foundation/Testing/Concerns/MakesHttpRequests.php(604): Illuminate/Foundation/Testing/TestCase->call('GET', '/api/v1/users', Array, Array, Array, Array, '[]')
#39 C:/Users/ALI/Desktop/dar-al-ajneha/backend/vendor/laravel/framework/src/Illuminate/Foundation/Testing/Concerns/MakesHttpRequests.php(381): Illuminate/Foundation/Testing/TestCase->json('GET', '/api/v1/users', Array, Array, 0)
#40 C:/Users/ALI/Desktop/dar-al-ajneha/backend/tests/Feature/User/UserCrudTest.php(117): Illuminate/Foundation/Testing/TestCase->getJson('/api/v1/users')
#41 C:/Users/ALI/Desktop/dar-al-ajneha/backend/vendor/pestphp/pest/src/Factories/TestCaseMethodFactory.php(177): P/Tests/Feature/User/UserCrudTest->{closure:C:/Users/ALI/Desktop/dar-al-ajneha/backend/tests/Feature/User/UserCrudTest.php:108}()
#42 [internal function]: P/Tests/Feature/User/UserCrudTest->{closure:Pest/Factories/TestCaseMethodFactory::getClosure():167}()
#43 C:/Users/ALI/Desktop/dar-al-ajneha/backend/vendor/pestphp/pest/src/Concerns/Testable.php(514): call_user_func_array(Object(Closure), Array)
#44 C:/Users/ALI/Desktop/dar-al-ajneha/backend/vendor/pestphp/pest/src/Support/ExceptionTrace.php(26): P/Tests/Feature/User/UserCrudTest->{closure:Pest/Concerns/Testable::__callClosure():514}()
#45 C:/Users/ALI/Desktop/dar-al-ajneha/backend/vendor/pestphp/pest/src/Concerns/Testable.php(514): Pest/Support/ExceptionTrace::ensure(Object(Closure))
#46 C:/Users/ALI/Desktop/dar-al-ajneha/backend/vendor/pestphp/pest/src/Concerns/Testable.php(336): P/Tests/Feature/User/UserCrudTest->__callClosure(Object(Closure), Array)
#47 C:/Users/ALI/Desktop/dar-al-ajneha/backend/vendor/pestphp/pest/src/Factories/TestCaseFactory.php(179) : eval()'d code(126): P/Tests/Feature/User/UserCrudTest->__runTest(Object(Closure))
#48 C:/Users/ALI/Desktop/dar-al-ajneha/backend/vendor/phpunit/phpunit/src/Framework/TestCase.php(1318): P/Tests/Feature/User/UserCrudTest->__pest_evaluable_soft_deleted_user_missing_from_list()
#49 C:/Users/ALI/Desktop/dar-al-ajneha/backend/vendor/phpunit/phpunit/src/Framework/TestCase.php(1355): PHPUnit/Framework/TestCase->invokeTestMethod('__pest_evaluabl...', Array)
#50 C:/Users/ALI/Desktop/dar-al-ajneha/backend/vendor/phpunit/phpunit/src/Framework/TestCase.php(521): PHPUnit/Framework/TestCase->runTest()
#51 C:/Users/ALI/Desktop/dar-al-ajneha/backend/vendor/phpunit/phpunit/src/Framework/TestRunner/TestRunner.php(99): PHPUnit/Framework/TestCase->runBare()
#52 C:/Users/ALI/Desktop/dar-al-ajneha/backend/vendor/phpunit/phpunit/src/Framework/TestCase.php(361): PHPUnit/Framework/TestRunner->run(Object(P/Tests/Feature/User/UserCrudTest))
#53 C:/Users/ALI/Desktop/dar-al-ajneha/backend/vendor/phpunit/phpunit/src/Framework/TestSuite.php(374): PHPUnit/Framework/TestCase->run()
#54 C:/Users/ALI/Desktop/dar-al-ajneha/backend/vendor/phpunit/phpunit/src/Framework/TestSuite.php(374): PHPUnit/Framework/TestSuite->run()
#55 C:/Users/ALI/Desktop/dar-al-ajneha/backend/vendor/phpunit/phpunit/src/Framework/TestSuite.php(374): PHPUnit/Framework/TestSuite->run()
#56 C:/Users/ALI/Desktop/dar-al-ajneha/backend/vendor/phpunit/phpunit/src/TextUI/TestRunner.php(64): PHPUnit/Framework/TestSuite->run()
#57 C:/Users/ALI/Desktop/dar-al-ajneha/backend/vendor/phpunit/phpunit/src/TextUI/Application.php(229): PHPUnit/TextUI/TestRunner->run(Object(PHPUnit/TextUI/Configuration/Configuration), Object(PHPUnit/Runner/ResultCache/DefaultResultCache), Object(PHPUnit/Framework/TestSuite))
#58 C:/Users/ALI/Desktop/dar-al-ajneha/backend/vendor/pestphp/pest/src/Kernel.php(103): PHPUnit/TextUI/Application->run(Array)
#59 C:/Users/ALI/Desktop/dar-al-ajneha/backend/vendor/pestphp/pest/bin/pest(196): Pest/Kernel->handle(Array, Array)
#60 C:/Users/ALI/Desktop/dar-al-ajneha/backend/vendor/pestphp/pest/bin/pest(204): {closure:C:/Users/ALI/Desktop/dar-al-ajneha/backend/vendor/pestphp/pest/bin/pest:19}()
#61 {main}
"} 
[2026-09-28 15:51:58] testing.ERROR: Call to undefined method App\Http\Controllers\User\UserController::authorize() {"userId":12,"exception":"[object] (Error(code: 0): Call to undefined method App\\Http\\Controllers\\User\\UserController::authorize() at C:/Users/ALI/Desktop/dar-al-ajneha/backend/app/Http/Controllers/User/UserController.php:20)
[stacktrace]
#0 C:/Users/ALI/Desktop/dar-al-ajneha/backend/vendor/laravel/framework/src/Illuminate/Routing/ControllerDispatcher.php(46): App/Http/Controllers/User/UserController->index(Object(Illuminate/Http/Request))
#1 C:/Users/ALI/Desktop/dar-al-ajneha/backend/vendor/laravel/framework/src/Illuminate/Routing/Route.php(276): Illuminate/Routing/ControllerDispatcher->dispatch(Object(Illuminate/Routing/Route), Object(App/Http/Controllers/User/UserController), 'index')
#2 C:/Users/ALI/Desktop/dar-al-ajneha/backend/vendor/laravel/framework/src/Illuminate/Routing/Route.php(216): Illuminate/Routing/Route->runController()
#3 C:/Users/ALI/Desktop/dar-al-ajneha/backend/vendor/laravel/framework/src/Illuminate/Routing/Router.php(822): Illuminate/Routing/Route->run()
#4 C:/Users/ALI/Desktop/dar-al-ajneha/backend/vendor/laravel/framework/src/Illuminate/Pipeline/Pipeline.php(180): Illuminate/Routing/Router->{closure:Illuminate/Routing/Router::runRouteWithinStack():821}(Object(Illuminate/Http/Request))
#5 C:/Users/ALI/Desktop/dar-al-ajneha/backend/vendor/laravel/framework/src/Illuminate/Routing/Middleware/SubstituteBindings.php(52): Illuminate/Pipeline/Pipeline->{closure:Illuminate/Pipeline/Pipeline::prepareDestination():178}(Object(Illuminate/Http/Request))
#6 C:/Users/ALI/Desktop/dar-al-ajneha/backend/vendor/laravel/framework/src/Illuminate/Pipeline/Pipeline.php(219): Illuminate/Routing/Middleware/SubstituteBindings->handle(Object(Illuminate/Http/Request), Object(Closure))
#7 C:/Users/ALI/Desktop/dar-al-ajneha/backend/vendor/laravel/framework/src/Illuminate/Auth/Middleware/Authenticate.php(63): Illuminate/Pipeline/Pipeline->{closure:{closure:Illuminate/Pipeline/Pipeline::carry():194}:195}(Object(Illuminate/Http/Request))
#8 C:/Users/ALI/Desktop/dar-al-ajneha/backend/vendor/laravel/framework/src/Illuminate/Pipeline/Pipeline.php(219): Illuminate/Auth/Middleware/Authenticate->handle(Object(Illuminate/Http/Request), Object(Closure), 'sanctum')
#9 C:/Users/ALI/Desktop/dar-al-ajneha/backend/vendor/laravel/framework/src/Illuminate/Pipeline/Pipeline.php(137): Illuminate/Pipeline/Pipeline->{closure:{closure:Illuminate/Pipeline/Pipeline::carry():194}:195}(Object(Illuminate/Http/Request))
#10 C:/Users/ALI/Desktop/dar-al-ajneha/backend/vendor/laravel/framework/src/Illuminate/Routing/Router.php(821): Illuminate/Pipeline/Pipeline->then(Object(Closure))
#11 C:/Users/ALI/Desktop/dar-al-ajneha/backend/vendor/laravel/framework/src/Illuminate/Routing/Router.php(800): Illuminate/Routing/Router->runRouteWithinStack(Object(Illuminate/Routing/Route), Object(Illuminate/Http/Request))
#12 C:/Users/ALI/Desktop/dar-al-ajneha/backend/vendor/laravel/framework/src/Illuminate/Routing/Router.php(764): Illuminate/Routing/Router->runRoute(Object(Illuminate/Http/Request), Object(Illuminate/Routing/Route))
#13 C:/Users/ALI/Desktop/dar-al-ajneha/backend/vendor/laravel/framework/src/Illuminate/Routing/Router.php(753): Illuminate/Routing/Router->dispatchToRoute(Object(Illuminate/Http/Request))
#14 C:/Users/ALI/Desktop/dar-al-ajneha/backend/vendor/laravel/framework/src/Illuminate/Foundation/Http/Kernel.php(200): Illuminate/Routing/Router->dispatch(Object(Illuminate/Http/Request))
#15 C:/Users/ALI/Desktop/dar-al-ajneha/backend/vendor/laravel/framework/src/Illuminate/Pipeline/Pipeline.php(180): Illuminate/Foundation/Http/Kernel->{closure:Illuminate/Foundation/Http/Kernel::dispatchToRouter():197}(Object(Illuminate/Http/Request))
#16 C:/Users/ALI/Desktop/dar-al-ajneha/backend/vendor/laravel/framework/src/Illuminate/Foundation/Http/Middleware/TransformsRequest.php(21): Illuminate/Pipeline/Pipeline->{closure:Illuminate/Pipeline/Pipeline::prepareDestination():178}(Object(Illuminate/Http/Request))
#17 C:/Users/ALI/Desktop/dar-al-ajneha/backend/vendor/laravel/framework/src/Illuminate/Foundation/Http/Middleware/ConvertEmptyStringsToNull.php(31): Illuminate/Foundation/Http/Middleware/TransformsRequest->handle(Object(Illuminate/Http/Request), Object(Closure))
#18 C:/Users/ALI/Desktop/dar-al-ajneha/backend/vendor/laravel/framework/src/Illuminate/Pipeline/Pipeline.php(219): Illuminate/Foundation/Http/Middleware/ConvertEmptyStringsToNull->handle(Object(Illuminate/Http/Request), Object(Closure))
#19 C:/Users/ALI/Desktop/dar-al-ajneha/backend/vendor/laravel/framework/src/Illuminate/Foundation/Http/Middleware/TransformsRequest.php(21): Illuminate/Pipeline/Pipeline->{closure:{closure:Illuminate/Pipeline/Pipeline::carry():194}:195}(Object(Illuminate/Http/Request))
#20 C:/Users/ALI/Desktop/dar-al-ajneha/backend/vendor/laravel/framework/src/Illuminate/Foundation/Http/Middleware/TrimStrings.php(51): Illuminate/Foundation/Http/Middleware/TransformsRequest->handle(Object(Illuminate/Http/Request), Object(Closure))
#21 C:/Users/ALI/Desktop/dar-al-ajneha/backend/vendor/laravel/framework/src/Illuminate/Pipeline/Pipeline.php(219): Illuminate/Foundation/Http/Middleware/TrimStrings->handle(Object(Illuminate/Http/Request), Object(Closure))
#22 C:/Users/ALI/Desktop/dar-al-ajneha/backend/vendor/laravel/framework/src/Illuminate/Http/Middleware/ValidatePostSize.php(27): Illuminate/Pipeline/Pipeline->{closure:{closure:Illuminate/Pipeline/Pipeline::carry():194}:195}(Object(Illuminate/Http/Request))
#23 C:/Users/ALI/Desktop/dar-al-ajneha/backend/vendor/laravel/framework/src/Illuminate/Pipeline/Pipeline.php(219): Illuminate/Http/Middleware/ValidatePostSize->handle(Object(Illuminate/Http/Request), Object(Closure))
#24 C:/Users/ALI/Desktop/dar-al-ajneha/backend/vendor/laravel/framework/src/Illuminate/Foundation/Http/Middleware/PreventRequestsDuringMaintenance.php(110): Illuminate/Pipeline/Pipeline->{closure:{closure:Illuminate/Pipeline/Pipeline::carry():194}:195}(Object(Illuminate/Http/Request))
#25 C:/Users/ALI/Desktop/dar-al-ajneha/backend/vendor/laravel/framework/src/Illuminate/Pipeline/Pipeline.php(219): Illuminate/Foundation/Http/Middleware/PreventRequestsDuringMaintenance->handle(Object(Illuminate/Http/Request), Object(Closure))
#26 C:/Users/ALI/Desktop/dar-al-ajneha/backend/vendor/laravel/framework/src/Illuminate/Http/Middleware/HandleCors.php(74): Illuminate/Pipeline/Pipeline->{closure:{closure:Illuminate/Pipeline/Pipeline::carry():194}:195}(Object(Illuminate/Http/Request))
#27 C:/Users/ALI/Desktop/dar-al-ajneha/backend/vendor/laravel/framework/src/Illuminate/Pipeline/Pipeline.php(219): Illuminate/Http/Middleware/HandleCors->handle(Object(Illuminate/Http/Request), Object(Closure))
#28 C:/Users/ALI/Desktop/dar-al-ajneha/backend/vendor/laravel/framework/src/Illuminate/Http/Middleware/TrustProxies.php(58): Illuminate/Pipeline/Pipeline->{closure:{closure:Illuminate/Pipeline/Pipeline::carry():194}:195}(Object(Illuminate/Http/Request))
#29 C:/Users/ALI/Desktop/dar-al-ajneha/backend/vendor/laravel/framework/src/Illuminate/Pipeline/Pipeline.php(219): Illuminate/Http/Middleware/TrustProxies->handle(Object(Illuminate/Http/Request), Object(Closure))
#30 C:/Users/ALI/Desktop/dar-al-ajneha/backend/vendor/laravel/framework/src/Illuminate/Foundation/Http/Middleware/InvokeDeferredCallbacks.php(22): Illuminate/Pipeline/Pipeline->{closure:{closure:Illuminate/Pipeline/Pipeline::carry():194}:195}(Object(Illuminate/Http/Request))
#31 C:/Users/ALI/Desktop/dar-al-ajneha/backend/vendor/laravel/framework/src/Illuminate/Pipeline/Pipeline.php(219): Illuminate/Foundation/Http/Middleware/InvokeDeferredCallbacks->handle(Object(Illuminate/Http/Request), Object(Closure))
#32 C:/Users/ALI/Desktop/dar-al-ajneha/backend/vendor/laravel/framework/src/Illuminate/Http/Middleware/ValidatePathEncoding.php(28): Illuminate/Pipeline/Pipeline->{closure:{closure:Illuminate/Pipeline/Pipeline::carry():194}:195}(Object(Illuminate/Http/Request))
#33 C:/Users/ALI/Desktop/dar-al-ajneha/backend/vendor/laravel/framework/src/Illuminate/Pipeline/Pipeline.php(219): Illuminate/Http/Middleware/ValidatePathEncoding->handle(Object(Illuminate/Http/Request), Object(Closure))
#34 C:/Users/ALI/Desktop/dar-al-ajneha/backend/vendor/laravel/framework/src/Illuminate/Pipeline/Pipeline.php(137): Illuminate/Pipeline/Pipeline->{closure:{closure:Illuminate/Pipeline/Pipeline::carry():194}:195}(Object(Illuminate/Http/Request))
#35 C:/Users/ALI/Desktop/dar-al-ajneha/backend/vendor/laravel/framework/src/Illuminate/Foundation/Http/Kernel.php(175): Illuminate/Pipeline/Pipeline->then(Object(Closure))
#36 C:/Users/ALI/Desktop/dar-al-ajneha/backend/vendor/laravel/framework/src/Illuminate/Foundation/Http/Kernel.php(144): Illuminate/Foundation/Http/Kernel->sendRequestThroughRouter(Object(Illuminate/Http/Request))
#37 C:/Users/ALI/Desktop/dar-al-ajneha/backend/vendor/laravel/framework/src/Illuminate/Foundation/Testing/Concerns/MakesHttpRequests.php(638): Illuminate/Foundation/Http/Kernel->handle(Object(Illuminate/Http/Request))
#38 C:/Users/ALI/Desktop/dar-al-ajneha/backend/vendor/laravel/framework/src/Illuminate/Foundation/Testing/Concerns/MakesHttpRequests.php(604): Illuminate/Foundation/Testing/TestCase->call('GET', '/api/v1/users', Array, Array, Array, Array, '[]')
#39 C:/Users/ALI/Desktop/dar-al-ajneha/backend/vendor/laravel/framework/src/Illuminate/Foundation/Testing/Concerns/MakesHttpRequests.php(381): Illuminate/Foundation/Testing/TestCase->json('GET', '/api/v1/users', Array, Array, 0)
#40 C:/Users/ALI/Desktop/dar-al-ajneha/backend/tests/Feature/User/UserCrudTest.php(12): Illuminate/Foundation/Testing/TestCase->getJson('/api/v1/users')
#41 C:/Users/ALI/Desktop/dar-al-ajneha/backend/vendor/pestphp/pest/src/Factories/TestCaseMethodFactory.php(177): P/Tests/Feature/User/UserCrudTest->{closure:C:/Users/ALI/Desktop/dar-al-ajneha/backend/tests/Feature/User/UserCrudTest.php:7}()
#42 [internal function]: P/Tests/Feature/User/UserCrudTest->{closure:Pest/Factories/TestCaseMethodFactory::getClosure():167}()
#43 C:/Users/ALI/Desktop/dar-al-ajneha/backend/vendor/pestphp/pest/src/Concerns/Testable.php(514): call_user_func_array(Object(Closure), Array)
#44 C:/Users/ALI/Desktop/dar-al-ajneha/backend/vendor/pestphp/pest/src/Support/ExceptionTrace.php(26): P/Tests/Feature/User/UserCrudTest->{closure:Pest/Concerns/Testable::__callClosure():514}()
#45 C:/Users/ALI/Desktop/dar-al-ajneha/backend/vendor/pestphp/pest/src/Concerns/Testable.php(514): Pest/Support/ExceptionTrace::ensure(Object(Closure))
#46 C:/Users/ALI/Desktop/dar-al-ajneha/backend/vendor/pestphp/pest/src/Concerns/Testable.php(336): P/Tests/Feature/User/UserCrudTest->__callClosure(Object(Closure), Array)
#47 C:/Users/ALI/Desktop/dar-al-ajneha/backend/vendor/pestphp/pest/src/Factories/TestCaseFactory.php(179) : eval()'d code(22): P/Tests/Feature/User/UserCrudTest->__runTest(Object(Closure))
#48 C:/Users/ALI/Desktop/dar-al-ajneha/backend/vendor/phpunit/phpunit/src/Framework/TestCase.php(1318): P/Tests/Feature/User/UserCrudTest->__pest_evaluable_any_auth_user_can_list_users()
#49 C:/Users/ALI/Desktop/dar-al-ajneha/backend/vendor/phpunit/phpunit/src/Framework/TestCase.php(1355): PHPUnit/Framework/TestCase->invokeTestMethod('__pest_evaluabl...', Array)
#50 C:/Users/ALI/Desktop/dar-al-ajneha/backend/vendor/phpunit/phpunit/src/Framework/TestCase.php(521): PHPUnit/Framework/TestCase->runTest()
#51 C:/Users/ALI/Desktop/dar-al-ajneha/backend/vendor/phpunit/phpunit/src/Framework/TestRunner/TestRunner.php(99): PHPUnit/Framework/TestCase->runBare()
#52 C:/Users/ALI/Desktop/dar-al-ajneha/backend/vendor/phpunit/phpunit/src/Framework/TestCase.php(361): PHPUnit/Framework/TestRunner->run(Object(P/Tests/Feature/User/UserCrudTest))
#53 C:/Users/ALI/Desktop/dar-al-ajneha/backend/vendor/phpunit/phpunit/src/Framework/TestSuite.php(374): PHPUnit/Framework/TestCase->run()
#54 C:/Users/ALI/Desktop/dar-al-ajneha/backend/vendor/phpunit/phpunit/src/Framework/TestSuite.php(374): PHPUnit/Framework/TestSuite->run()
#55 C:/Users/ALI/Desktop/dar-al-ajneha/backend/vendor/phpunit/phpunit/src/Framework/TestSuite.php(374): PHPUnit/Framework/TestSuite->run()
#56 C:/Users/ALI/Desktop/dar-al-ajneha/backend/vendor/phpunit/phpunit/src/TextUI/TestRunner.php(64): PHPUnit/Framework/TestSuite->run()
#57 C:/Users/ALI/Desktop/dar-al-ajneha/backend/vendor/phpunit/phpunit/src/TextUI/Application.php(229): PHPUnit/TextUI/TestRunner->run(Object(PHPUnit/TextUI/Configuration/Configuration), Object(PHPUnit/Runner/ResultCache/DefaultResultCache), Object(PHPUnit/Framework/TestSuite))
#58 C:/Users/ALI/Desktop/dar-al-ajneha/backend/vendor/pestphp/pest/src/Kernel.php(103): PHPUnit/TextUI/Application->run(Array)
#59 C:/Users/ALI/Desktop/dar-al-ajneha/backend/vendor/pestphp/pest/bin/pest(196): Pest/Kernel->handle(Array, Array)
#60 C:/Users/ALI/Desktop/dar-al-ajneha/backend/vendor/pestphp/pest/bin/pest(204): {closure:C:/Users/ALI/Desktop/dar-al-ajneha/backend/vendor/pestphp/pest/bin/pest:19}()
#61 {main}
"} 
[2026-09-28 15:51:58] testing.ERROR: Call to undefined method App\Http\Controllers\User\UserController::authorize() {"userId":18,"exception":"[object] (Error(code: 0): Call to undefined method App\\Http\\Controllers\\User\\UserController::authorize() at C:/Users/ALI/Desktop/dar-al-ajneha/backend/app/Http/Controllers/User/UserController.php:59)
[stacktrace]
#0 C:/Users/ALI/Desktop/dar-al-ajneha/backend/vendor/laravel/framework/src/Illuminate/Routing/ControllerDispatcher.php(46): App/Http/Controllers/User/UserController->update(Object(App/Http/Requests/User/UpdateUserRequest), Object(App/Models/User))
#1 C:/Users/ALI/Desktop/dar-al-ajneha/backend/vendor/laravel/framework/src/Illuminate/Routing/Route.php(276): Illuminate/Routing/ControllerDispatcher->dispatch(Object(Illuminate/Routing/Route), Object(App/Http/Controllers/User/UserController), 'update')
#2 C:/Users/ALI/Desktop/dar-al-ajneha/backend/vendor/laravel/framework/src/Illuminate/Routing/Route.php(216): Illuminate/Routing/Route->runController()
#3 C:/Users/ALI/Desktop/dar-al-ajneha/backend/vendor/laravel/framework/src/Illuminate/Routing/Router.php(822): Illuminate/Routing/Route->run()
#4 C:/Users/ALI/Desktop/dar-al-ajneha/backend/vendor/laravel/framework/src/Illuminate/Pipeline/Pipeline.php(180): Illuminate/Routing/Router->{closure:Illuminate/Routing/Router::runRouteWithinStack():821}(Object(Illuminate/Http/Request))
#5 C:/Users/ALI/Desktop/dar-al-ajneha/backend/vendor/laravel/framework/src/Illuminate/Routing/Middleware/SubstituteBindings.php(52): Illuminate/Pipeline/Pipeline->{closure:Illuminate/Pipeline/Pipeline::prepareDestination():178}(Object(Illuminate/Http/Request))
#6 C:/Users/ALI/Desktop/dar-al-ajneha/backend/vendor/laravel/framework/src/Illuminate/Pipeline/Pipeline.php(219): Illuminate/Routing/Middleware/SubstituteBindings->handle(Object(Illuminate/Http/Request), Object(Closure))
#7 C:/Users/ALI/Desktop/dar-al-ajneha/backend/vendor/laravel/framework/src/Illuminate/Auth/Middleware/Authenticate.php(63): Illuminate/Pipeline/Pipeline->{closure:{closure:Illuminate/Pipeline/Pipeline::carry():194}:195}(Object(Illuminate/Http/Request))
#8 C:/Users/ALI/Desktop/dar-al-ajneha/backend/vendor/laravel/framework/src/Illuminate/Pipeline/Pipeline.php(219): Illuminate/Auth/Middleware/Authenticate->handle(Object(Illuminate/Http/Request), Object(Closure), 'sanctum')
#9 C:/Users/ALI/Desktop/dar-al-ajneha/backend/vendor/laravel/framework/src/Illuminate/Pipeline/Pipeline.php(137): Illuminate/Pipeline/Pipeline->{closure:{closure:Illuminate/Pipeline/Pipeline::carry():194}:195}(Object(Illuminate/Http/Request))
#10 C:/Users/ALI/Desktop/dar-al-ajneha/backend/vendor/laravel/framework/src/Illuminate/Routing/Router.php(821): Illuminate/Pipeline/Pipeline->then(Object(Closure))
#11 C:/Users/ALI/Desktop/dar-al-ajneha/backend/vendor/laravel/framework/src/Illuminate/Routing/Router.php(800): Illuminate/Routing/Router->runRouteWithinStack(Object(Illuminate/Routing/Route), Object(Illuminate/Http/Request))
#12 C:/Users/ALI/Desktop/dar-al-ajneha/backend/vendor/laravel/framework/src/Illuminate/Routing/Router.php(764): Illuminate/Routing/Router->runRoute(Object(Illuminate/Http/Request), Object(Illuminate/Routing/Route))
#13 C:/Users/ALI/Desktop/dar-al-ajneha/backend/vendor/laravel/framework/src/Illuminate/Routing/Router.php(753): Illuminate/Routing/Router->dispatchToRoute(Object(Illuminate/Http/Request))
#14 C:/Users/ALI/Desktop/dar-al-ajneha/backend/vendor/laravel/framework/src/Illuminate/Foundation/Http/Kernel.php(200): Illuminate/Routing/Router->dispatch(Object(Illuminate/Http/Request))
#15 C:/Users/ALI/Desktop/dar-al-ajneha/backend/vendor/laravel/framework/src/Illuminate/Pipeline/Pipeline.php(180): Illuminate/Foundation/Http/Kernel->{closure:Illuminate/Foundation/Http/Kernel::dispatchToRouter():197}(Object(Illuminate/Http/Request))
#16 C:/Users/ALI/Desktop/dar-al-ajneha/backend/vendor/laravel/framework/src/Illuminate/Foundation/Http/Middleware/TransformsRequest.php(21): Illuminate/Pipeline/Pipeline->{closure:Illuminate/Pipeline/Pipeline::prepareDestination():178}(Object(Illuminate/Http/Request))
#17 C:/Users/ALI/Desktop/dar-al-ajneha/backend/vendor/laravel/framework/src/Illuminate/Foundation/Http/Middleware/ConvertEmptyStringsToNull.php(31): Illuminate/Foundation/Http/Middleware/TransformsRequest->handle(Object(Illuminate/Http/Request), Object(Closure))
#18 C:/Users/ALI/Desktop/dar-al-ajneha/backend/vendor/laravel/framework/src/Illuminate/Pipeline/Pipeline.php(219): Illuminate/Foundation/Http/Middleware/ConvertEmptyStringsToNull->handle(Object(Illuminate/Http/Request), Object(Closure))
#19 C:/Users/ALI/Desktop/dar-al-ajneha/backend/vendor/laravel/framework/src/Illuminate/Foundation/Http/Middleware/TransformsRequest.php(21): Illuminate/Pipeline/Pipeline->{closure:{closure:Illuminate/Pipeline/Pipeline::carry():194}:195}(Object(Illuminate/Http/Request))
#20 C:/Users/ALI/Desktop/dar-al-ajneha/backend/vendor/laravel/framework/src/Illuminate/Foundation/Http/Middleware/TrimStrings.php(51): Illuminate/Foundation/Http/Middleware/TransformsRequest->handle(Object(Illuminate/Http/Request), Object(Closure))
#21 C:/Users/ALI/Desktop/dar-al-ajneha/backend/vendor/laravel/framework/src/Illuminate/Pipeline/Pipeline.php(219): Illuminate/Foundation/Http/Middleware/TrimStrings->handle(Object(Illuminate/Http/Request), Object(Closure))
#22 C:/Users/ALI/Desktop/dar-al-ajneha/backend/vendor/laravel/framework/src/Illuminate/Http/Middleware/ValidatePostSize.php(27): Illuminate/Pipeline/Pipeline->{closure:{closure:Illuminate/Pipeline/Pipeline::carry():194}:195}(Object(Illuminate/Http/Request))
#23 C:/Users/ALI/Desktop/dar-al-ajneha/backend/vendor/laravel/framework/src/Illuminate/Pipeline/Pipeline.php(219): Illuminate/Http/Middleware/ValidatePostSize->handle(Object(Illuminate/Http/Request), Object(Closure))
#24 C:/Users/ALI/Desktop/dar-al-ajneha/backend/vendor/laravel/framework/src/Illuminate/Foundation/Http/Middleware/PreventRequestsDuringMaintenance.php(110): Illuminate/Pipeline/Pipeline->{closure:{closure:Illuminate/Pipeline/Pipeline::carry():194}:195}(Object(Illuminate/Http/Request))
#25 C:/Users/ALI/Desktop/dar-al-ajneha/backend/vendor/laravel/framework/src/Illuminate/Pipeline/Pipeline.php(219): Illuminate/Foundation/Http/Middleware/PreventRequestsDuringMaintenance->handle(Object(Illuminate/Http/Request), Object(Closure))
#26 C:/Users/ALI/Desktop/dar-al-ajneha/backend/vendor/laravel/framework/src/Illuminate/Http/Middleware/HandleCors.php(74): Illuminate/Pipeline/Pipeline->{closure:{closure:Illuminate/Pipeline/Pipeline::carry():194}:195}(Object(Illuminate/Http/Request))
#27 C:/Users/ALI/Desktop/dar-al-ajneha/backend/vendor/laravel/framework/src/Illuminate/Pipeline/Pipeline.php(219): Illuminate/Http/Middleware/HandleCors->handle(Object(Illuminate/Http/Request), Object(Closure))
#28 C:/Users/ALI/Desktop/dar-al-ajneha/backend/vendor/laravel/framework/src/Illuminate/Http/Middleware/TrustProxies.php(58): Illuminate/Pipeline/Pipeline->{closure:{closure:Illuminate/Pipeline/Pipeline::carry():194}:195}(Object(Illuminate/Http/Request))
#29 C:/Users/ALI/Desktop/dar-al-ajneha/backend/vendor/laravel/framework/src/Illuminate/Pipeline/Pipeline.php(219): Illuminate/Http/Middleware/TrustProxies->handle(Object(Illuminate/Http/Request), Object(Closure))
#30 C:/Users/ALI/Desktop/dar-al-ajneha/backend/vendor/laravel/framework/src/Illuminate/Foundation/Http/Middleware/InvokeDeferredCallbacks.php(22): Illuminate/Pipeline/Pipeline->{closure:{closure:Illuminate/Pipeline/Pipeline::carry():194}:195}(Object(Illuminate/Http/Request))
#31 C:/Users/ALI/Desktop/dar-al-ajneha/backend/vendor/laravel/framework/src/Illuminate/Pipeline/Pipeline.php(219): Illuminate/Foundation/Http/Middleware/InvokeDeferredCallbacks->handle(Object(Illuminate/Http/Request), Object(Closure))
#32 C:/Users/ALI/Desktop/dar-al-ajneha/backend/vendor/laravel/framework/src/Illuminate/Http/Middleware/ValidatePathEncoding.php(28): Illuminate/Pipeline/Pipeline->{closure:{closure:Illuminate/Pipeline/Pipeline::carry():194}:195}(Object(Illuminate/Http/Request))
#33 C:/Users/ALI/Desktop/dar-al-ajneha/backend/vendor/laravel/framework/src/Illuminate/Pipeline/Pipeline.php(219): Illuminate/Http/Middleware/ValidatePathEncoding->handle(Object(Illuminate/Http/Request), Object(Closure))
#34 C:/Users/ALI/Desktop/dar-al-ajneha/backend/vendor/laravel/framework/src/Illuminate/Pipeline/Pipeline.php(137): Illuminate/Pipeline/Pipeline->{closure:{closure:Illuminate/Pipeline/Pipeline::carry():194}:195}(Object(Illuminate/Http/Request))
#35 C:/Users/ALI/Desktop/dar-al-ajneha/backend/vendor/laravel/framework/src/Illuminate/Foundation/Http/Kernel.php(175): Illuminate/Pipeline/Pipeline->then(Object(Closure))
#36 C:/Users/ALI/Desktop/dar-al-ajneha/backend/vendor/laravel/framework/src/Illuminate/Foundation/Http/Kernel.php(144): Illuminate/Foundation/Http/Kernel->sendRequestThroughRouter(Object(Illuminate/Http/Request))
#37 C:/Users/ALI/Desktop/dar-al-ajneha/backend/vendor/laravel/framework/src/Illuminate/Foundation/Testing/Concerns/MakesHttpRequests.php(638): Illuminate/Foundation/Http/Kernel->handle(Object(Illuminate/Http/Request))
#38 C:/Users/ALI/Desktop/dar-al-ajneha/backend/vendor/laravel/framework/src/Illuminate/Foundation/Testing/Concerns/MakesHttpRequests.php(604): Illuminate/Foundation/Testing/TestCase->call('PUT', '/api/v1/users/1...', Array, Array, Array, Array, '{\"name\":\"Update...')
#39 C:/Users/ALI/Desktop/dar-al-ajneha/backend/vendor/laravel/framework/src/Illuminate/Foundation/Testing/Concerns/MakesHttpRequests.php(441): Illuminate/Foundation/Testing/TestCase->json('PUT', '/api/v1/users/1...', Array, Array, 0)
#40 C:/Users/ALI/Desktop/dar-al-ajneha/backend/tests/Feature/User/UserCrudTest.php(54): Illuminate/Foundation/Testing/TestCase->putJson('/api/v1/users/1...', Array)
#41 C:/Users/ALI/Desktop/dar-al-ajneha/backend/vendor/pestphp/pest/src/Factories/TestCaseMethodFactory.php(177): P/Tests/Feature/User/UserCrudTest->{closure:C:/Users/ALI/Desktop/dar-al-ajneha/backend/tests/Feature/User/UserCrudTest.php:48}()
#42 [internal function]: P/Tests/Feature/User/UserCrudTest->{closure:Pest/Factories/TestCaseMethodFactory::getClosure():167}()
#43 C:/Users/ALI/Desktop/dar-al-ajneha/backend/vendor/pestphp/pest/src/Concerns/Testable.php(514): call_user_func_array(Object(Closure), Array)
#44 C:/Users/ALI/Desktop/dar-al-ajneha/backend/vendor/pestphp/pest/src/Support/ExceptionTrace.php(26): P/Tests/Feature/User/UserCrudTest->{closure:Pest/Concerns/Testable::__callClosure():514}()
#45 C:/Users/ALI/Desktop/dar-al-ajneha/backend/vendor/pestphp/pest/src/Concerns/Testable.php(514): Pest/Support/ExceptionTrace::ensure(Object(Closure))
#46 C:/Users/ALI/Desktop/dar-al-ajneha/backend/vendor/pestphp/pest/src/Concerns/Testable.php(336): P/Tests/Feature/User/UserCrudTest->__callClosure(Object(Closure), Array)
#47 C:/Users/ALI/Desktop/dar-al-ajneha/backend/vendor/pestphp/pest/src/Factories/TestCaseFactory.php(179) : eval()'d code(61): P/Tests/Feature/User/UserCrudTest->__runTest(Object(Closure))
#48 C:/Users/ALI/Desktop/dar-al-ajneha/backend/vendor/phpunit/phpunit/src/Framework/TestCase.php(1318): P/Tests/Feature/User/UserCrudTest->__pest_evaluable_self_update_without_users_edit_returns_200()
#49 C:/Users/ALI/Desktop/dar-al-ajneha/backend/vendor/phpunit/phpunit/src/Framework/TestCase.php(1355): PHPUnit/Framework/TestCase->invokeTestMethod('__pest_evaluabl...', Array)
#50 C:/Users/ALI/Desktop/dar-al-ajneha/backend/vendor/phpunit/phpunit/src/Framework/TestCase.php(521): PHPUnit/Framework/TestCase->runTest()
#51 C:/Users/ALI/Desktop/dar-al-ajneha/backend/vendor/phpunit/phpunit/src/Framework/TestRunner/TestRunner.php(99): PHPUnit/Framework/TestCase->runBare()
#52 C:/Users/ALI/Desktop/dar-al-ajneha/backend/vendor/phpunit/phpunit/src/Framework/TestCase.php(361): PHPUnit/Framework/TestRunner->run(Object(P/Tests/Feature/User/UserCrudTest))
#53 C:/Users/ALI/Desktop/dar-al-ajneha/backend/vendor/phpunit/phpunit/src/Framework/TestSuite.php(374): PHPUnit/Framework/TestCase->run()
#54 C:/Users/ALI/Desktop/dar-al-ajneha/backend/vendor/phpunit/phpunit/src/Framework/TestSuite.php(374): PHPUnit/Framework/TestSuite->run()
#55 C:/Users/ALI/Desktop/dar-al-ajneha/backend/vendor/phpunit/phpunit/src/Framework/TestSuite.php(374): PHPUnit/Framework/TestSuite->run()
#56 C:/Users/ALI/Desktop/dar-al-ajneha/backend/vendor/phpunit/phpunit/src/TextUI/TestRunner.php(64): PHPUnit/Framework/TestSuite->run()
#57 C:/Users/ALI/Desktop/dar-al-ajneha/backend/vendor/phpunit/phpunit/src/TextUI/Application.php(229): PHPUnit/TextUI/TestRunner->run(Object(PHPUnit/TextUI/Configuration/Configuration), Object(PHPUnit/Runner/ResultCache/DefaultResultCache), Object(PHPUnit/Framework/TestSuite))
#58 C:/Users/ALI/Desktop/dar-al-ajneha/backend/vendor/pestphp/pest/src/Kernel.php(103): PHPUnit/TextUI/Application->run(Array)
#59 C:/Users/ALI/Desktop/dar-al-ajneha/backend/vendor/pestphp/pest/bin/pest(196): Pest/Kernel->handle(Array, Array)
#60 C:/Users/ALI/Desktop/dar-al-ajneha/backend/vendor/pestphp/pest/bin/pest(204): {closure:C:/Users/ALI/Desktop/dar-al-ajneha/backend/vendor/pestphp/pest/bin/pest:19}()
#61 {main}
"} 
[2026-09-28 15:51:59] testing.ERROR: Call to undefined method App\Http\Controllers\User\UserController::authorize() {"userId":19,"exception":"[object] (Error(code: 0): Call to undefined method App\\Http\\Controllers\\User\\UserController::authorize() at C:/Users/ALI/Desktop/dar-al-ajneha/backend/app/Http/Controllers/User/UserController.php:77)
[stacktrace]
#0 C:/Users/ALI/Desktop/dar-al-ajneha/backend/vendor/laravel/framework/src/Illuminate/Routing/ControllerDispatcher.php(46): App/Http/Controllers/User/UserController->disable(Object(Illuminate/Http/Request), Object(App/Models/User))
#1 C:/Users/ALI/Desktop/dar-al-ajneha/backend/vendor/laravel/framework/src/Illuminate/Routing/Route.php(276): Illuminate/Routing/ControllerDispatcher->dispatch(Object(Illuminate/Routing/Route), Object(App/Http/Controllers/User/UserController), 'disable')
#2 C:/Users/ALI/Desktop/dar-al-ajneha/backend/vendor/laravel/framework/src/Illuminate/Routing/Route.php(216): Illuminate/Routing/Route->runController()
#3 C:/Users/ALI/Desktop/dar-al-ajneha/backend/vendor/laravel/framework/src/Illuminate/Routing/Router.php(822): Illuminate/Routing/Route->run()
#4 C:/Users/ALI/Desktop/dar-al-ajneha/backend/vendor/laravel/framework/src/Illuminate/Pipeline/Pipeline.php(180): Illuminate/Routing/Router->{closure:Illuminate/Routing/Router::runRouteWithinStack():821}(Object(Illuminate/Http/Request))
#5 C:/Users/ALI/Desktop/dar-al-ajneha/backend/vendor/laravel/framework/src/Illuminate/Routing/Middleware/SubstituteBindings.php(52): Illuminate/Pipeline/Pipeline->{closure:Illuminate/Pipeline/Pipeline::prepareDestination():178}(Object(Illuminate/Http/Request))
#6 C:/Users/ALI/Desktop/dar-al-ajneha/backend/vendor/laravel/framework/src/Illuminate/Pipeline/Pipeline.php(219): Illuminate/Routing/Middleware/SubstituteBindings->handle(Object(Illuminate/Http/Request), Object(Closure))
#7 C:/Users/ALI/Desktop/dar-al-ajneha/backend/vendor/laravel/framework/src/Illuminate/Auth/Middleware/Authenticate.php(63): Illuminate/Pipeline/Pipeline->{closure:{closure:Illuminate/Pipeline/Pipeline::carry():194}:195}(Object(Illuminate/Http/Request))
#8 C:/Users/ALI/Desktop/dar-al-ajneha/backend/vendor/laravel/framework/src/Illuminate/Pipeline/Pipeline.php(219): Illuminate/Auth/Middleware/Authenticate->handle(Object(Illuminate/Http/Request), Object(Closure), 'sanctum')
#9 C:/Users/ALI/Desktop/dar-al-ajneha/backend/vendor/laravel/framework/src/Illuminate/Pipeline/Pipeline.php(137): Illuminate/Pipeline/Pipeline->{closure:{closure:Illuminate/Pipeline/Pipeline::carry():194}:195}(Object(Illuminate/Http/Request))
#10 C:/Users/ALI/Desktop/dar-al-ajneha/backend/vendor/laravel/framework/src/Illuminate/Routing/Router.php(821): Illuminate/Pipeline/Pipeline->then(Object(Closure))
#11 C:/Users/ALI/Desktop/dar-al-ajneha/backend/vendor/laravel/framework/src/Illuminate/Routing/Router.php(800): Illuminate/Routing/Router->runRouteWithinStack(Object(Illuminate/Routing/Route), Object(Illuminate/Http/Request))
#12 C:/Users/ALI/Desktop/dar-al-ajneha/backend/vendor/laravel/framework/src/Illuminate/Routing/Router.php(764): Illuminate/Routing/Router->runRoute(Object(Illuminate/Http/Request), Object(Illuminate/Routing/Route))
#13 C:/Users/ALI/Desktop/dar-al-ajneha/backend/vendor/laravel/framework/src/Illuminate/Routing/Router.php(753): Illuminate/Routing/Router->dispatchToRoute(Object(Illuminate/Http/Request))
#14 C:/Users/ALI/Desktop/dar-al-ajneha/backend/vendor/laravel/framework/src/Illuminate/Foundation/Http/Kernel.php(200): Illuminate/Routing/Router->dispatch(Object(Illuminate/Http/Request))
#15 C:/Users/ALI/Desktop/dar-al-ajneha/backend/vendor/laravel/framework/src/Illuminate/Pipeline/Pipeline.php(180): Illuminate/Foundation/Http/Kernel->{closure:Illuminate/Foundation/Http/Kernel::dispatchToRouter():197}(Object(Illuminate/Http/Request))
#16 C:/Users/ALI/Desktop/dar-al-ajneha/backend/vendor/laravel/framework/src/Illuminate/Foundation/Http/Middleware/TransformsRequest.php(21): Illuminate/Pipeline/Pipeline->{closure:Illuminate/Pipeline/Pipeline::prepareDestination():178}(Object(Illuminate/Http/Request))
#17 C:/Users/ALI/Desktop/dar-al-ajneha/backend/vendor/laravel/framework/src/Illuminate/Foundation/Http/Middleware/ConvertEmptyStringsToNull.php(31): Illuminate/Foundation/Http/Middleware/TransformsRequest->handle(Object(Illuminate/Http/Request), Object(Closure))
#18 C:/Users/ALI/Desktop/dar-al-ajneha/backend/vendor/laravel/framework/src/Illuminate/Pipeline/Pipeline.php(219): Illuminate/Foundation/Http/Middleware/ConvertEmptyStringsToNull->handle(Object(Illuminate/Http/Request), Object(Closure))
#19 C:/Users/ALI/Desktop/dar-al-ajneha/backend/vendor/laravel/framework/src/Illuminate/Foundation/Http/Middleware/TransformsRequest.php(21): Illuminate/Pipeline/Pipeline->{closure:{closure:Illuminate/Pipeline/Pipeline::carry():194}:195}(Object(Illuminate/Http/Request))
#20 C:/Users/ALI/Desktop/dar-al-ajneha/backend/vendor/laravel/framework/src/Illuminate/Foundation/Http/Middleware/TrimStrings.php(51): Illuminate/Foundation/Http/Middleware/TransformsRequest->handle(Object(Illuminate/Http/Request), Object(Closure))
#21 C:/Users/ALI/Desktop/dar-al-ajneha/backend/vendor/laravel/framework/src/Illuminate/Pipeline/Pipeline.php(219): Illuminate/Foundation/Http/Middleware/TrimStrings->handle(Object(Illuminate/Http/Request), Object(Closure))
#22 C:/Users/ALI/Desktop/dar-al-ajneha/backend/vendor/laravel/framework/src/Illuminate/Http/Middleware/ValidatePostSize.php(27): Illuminate/Pipeline/Pipeline->{closure:{closure:Illuminate/Pipeline/Pipeline::carry():194}:195}(Object(Illuminate/Http/Request))
#23 C:/Users/ALI/Desktop/dar-al-ajneha/backend/vendor/laravel/framework/src/Illuminate/Pipeline/Pipeline.php(219): Illuminate/Http/Middleware/ValidatePostSize->handle(Object(Illuminate/Http/Request), Object(Closure))
#24 C:/Users/ALI/Desktop/dar-al-ajneha/backend/vendor/laravel/framework/src/Illuminate/Foundation/Http/Middleware/PreventRequestsDuringMaintenance.php(110): Illuminate/Pipeline/Pipeline->{closure:{closure:Illuminate/Pipeline/Pipeline::carry():194}:195}(Object(Illuminate/Http/Request))
#25 C:/Users/ALI/Desktop/dar-al-ajneha/backend/vendor/laravel/framework/src/Illuminate/Pipeline/Pipeline.php(219): Illuminate/Foundation/Http/Middleware/PreventRequestsDuringMaintenance->handle(Object(Illuminate/Http/Request), Object(Closure))
#26 C:/Users/ALI/Desktop/dar-al-ajneha/backend/vendor/laravel/framework/src/Illuminate/Http/Middleware/HandleCors.php(74): Illuminate/Pipeline/Pipeline->{closure:{closure:Illuminate/Pipeline/Pipeline::carry():194}:195}(Object(Illuminate/Http/Request))
#27 C:/Users/ALI/Desktop/dar-al-ajneha/backend/vendor/laravel/framework/src/Illuminate/Pipeline/Pipeline.php(219): Illuminate/Http/Middleware/HandleCors->handle(Object(Illuminate/Http/Request), Object(Closure))
#28 C:/Users/ALI/Desktop/dar-al-ajneha/backend/vendor/laravel/framework/src/Illuminate/Http/Middleware/TrustProxies.php(58): Illuminate/Pipeline/Pipeline->{closure:{closure:Illuminate/Pipeline/Pipeline::carry():194}:195}(Object(Illuminate/Http/Request))
#29 C:/Users/ALI/Desktop/dar-al-ajneha/backend/vendor/laravel/framework/src/Illuminate/Pipeline/Pipeline.php(219): Illuminate/Http/Middleware/TrustProxies->handle(Object(Illuminate/Http/Request), Object(Closure))
#30 C:/Users/ALI/Desktop/dar-al-ajneha/backend/vendor/laravel/framework/src/Illuminate/Foundation/Http/Middleware/InvokeDeferredCallbacks.php(22): Illuminate/Pipeline/Pipeline->{closure:{closure:Illuminate/Pipeline/Pipeline::carry():194}:195}(Object(Illuminate/Http/Request))
#31 C:/Users/ALI/Desktop/dar-al-ajneha/backend/vendor/laravel/framework/src/Illuminate/Pipeline/Pipeline.php(219): Illuminate/Foundation/Http/Middleware/InvokeDeferredCallbacks->handle(Object(Illuminate/Http/Request), Object(Closure))
#32 C:/Users/ALI/Desktop/dar-al-ajneha/backend/vendor/laravel/framework/src/Illuminate/Http/Middleware/ValidatePathEncoding.php(28): Illuminate/Pipeline/Pipeline->{closure:{closure:Illuminate/Pipeline/Pipeline::carry():194}:195}(Object(Illuminate/Http/Request))
#33 C:/Users/ALI/Desktop/dar-al-ajneha/backend/vendor/laravel/framework/src/Illuminate/Pipeline/Pipeline.php(219): Illuminate/Http/Middleware/ValidatePathEncoding->handle(Object(Illuminate/Http/Request), Object(Closure))
#34 C:/Users/ALI/Desktop/dar-al-ajneha/backend/vendor/laravel/framework/src/Illuminate/Pipeline/Pipeline.php(137): Illuminate/Pipeline/Pipeline->{closure:{closure:Illuminate/Pipeline/Pipeline::carry():194}:195}(Object(Illuminate/Http/Request))
#35 C:/Users/ALI/Desktop/dar-al-ajneha/backend/vendor/laravel/framework/src/Illuminate/Foundation/Http/Kernel.php(175): Illuminate/Pipeline/Pipeline->then(Object(Closure))
#36 C:/Users/ALI/Desktop/dar-al-ajneha/backend/vendor/laravel/framework/src/Illuminate/Foundation/Http/Kernel.php(144): Illuminate/Foundation/Http/Kernel->sendRequestThroughRouter(Object(Illuminate/Http/Request))
#37 C:/Users/ALI/Desktop/dar-al-ajneha/backend/vendor/laravel/framework/src/Illuminate/Foundation/Testing/Concerns/MakesHttpRequests.php(638): Illuminate/Foundation/Http/Kernel->handle(Object(Illuminate/Http/Request))
#38 C:/Users/ALI/Desktop/dar-al-ajneha/backend/vendor/laravel/framework/src/Illuminate/Foundation/Testing/Concerns/MakesHttpRequests.php(604): Illuminate/Foundation/Testing/TestCase->call('POST', '/api/v1/users/1...', Array, Array, Array, Array, '[]')
#39 C:/Users/ALI/Desktop/dar-al-ajneha/backend/vendor/laravel/framework/src/Illuminate/Foundation/Testing/Concerns/MakesHttpRequests.php(411): Illuminate/Foundation/Testing/TestCase->json('POST', '/api/v1/users/1...', Array, Array, 0)
#40 C:/Users/ALI/Desktop/dar-al-ajneha/backend/tests/Feature/User/UserCrudTest.php(67): Illuminate/Foundation/Testing/TestCase->postJson('/api/v1/users/1...')
#41 C:/Users/ALI/Desktop/dar-al-ajneha/backend/vendor/pestphp/pest/src/Factories/TestCaseMethodFactory.php(177): P/Tests/Feature/User/UserCrudTest->{closure:C:/Users/ALI/Desktop/dar-al-ajneha/backend/tests/Feature/User/UserCrudTest.php:61}()
#42 [internal function]: P/Tests/Feature/User/UserCrudTest->{closure:Pest/Factories/TestCaseMethodFactory::getClosure():167}()
#43 C:/Users/ALI/Desktop/dar-al-ajneha/backend/vendor/pestphp/pest/src/Concerns/Testable.php(514): call_user_func_array(Object(Closure), Array)
#44 C:/Users/ALI/Desktop/dar-al-ajneha/backend/vendor/pestphp/pest/src/Support/ExceptionTrace.php(26): P/Tests/Feature/User/UserCrudTest->{closure:Pest/Concerns/Testable::__callClosure():514}()
#45 C:/Users/ALI/Desktop/dar-al-ajneha/backend/vendor/pestphp/pest/src/Concerns/Testable.php(514): Pest/Support/ExceptionTrace::ensure(Object(Closure))
#46 C:/Users/ALI/Desktop/dar-al-ajneha/backend/vendor/pestphp/pest/src/Concerns/Testable.php(336): P/Tests/Feature/User/UserCrudTest->__callClosure(Object(Closure), Array)
#47 C:/Users/ALI/Desktop/dar-al-ajneha/backend/vendor/pestphp/pest/src/Factories/TestCaseFactory.php(179) : eval()'d code(74): P/Tests/Feature/User/UserCrudTest->__runTest(Object(Closure))
#48 C:/Users/ALI/Desktop/dar-al-ajneha/backend/vendor/phpunit/phpunit/src/Framework/TestCase.php(1318): P/Tests/Feature/User/UserCrudTest->__pest_evaluable_disable_self_returns_403()
#49 C:/Users/ALI/Desktop/dar-al-ajneha/backend/vendor/phpunit/phpunit/src/Framework/TestCase.php(1355): PHPUnit/Framework/TestCase->invokeTestMethod('__pest_evaluabl...', Array)
#50 C:/Users/ALI/Desktop/dar-al-ajneha/backend/vendor/phpunit/phpunit/src/Framework/TestCase.php(521): PHPUnit/Framework/TestCase->runTest()
#51 C:/Users/ALI/Desktop/dar-al-ajneha/backend/vendor/phpunit/phpunit/src/Framework/TestRunner/TestRunner.php(99): PHPUnit/Framework/TestCase->runBare()
#52 C:/Users/ALI/Desktop/dar-al-ajneha/backend/vendor/phpunit/phpunit/src/Framework/TestCase.php(361): PHPUnit/Framework/TestRunner->run(Object(P/Tests/Feature/User/UserCrudTest))
#53 C:/Users/ALI/Desktop/dar-al-ajneha/backend/vendor/phpunit/phpunit/src/Framework/TestSuite.php(374): PHPUnit/Framework/TestCase->run()
#54 C:/Users/ALI/Desktop/dar-al-ajneha/backend/vendor/phpunit/phpunit/src/Framework/TestSuite.php(374): PHPUnit/Framework/TestSuite->run()
#55 C:/Users/ALI/Desktop/dar-al-ajneha/backend/vendor/phpunit/phpunit/src/Framework/TestSuite.php(374): PHPUnit/Framework/TestSuite->run()
#56 C:/Users/ALI/Desktop/dar-al-ajneha/backend/vendor/phpunit/phpunit/src/TextUI/TestRunner.php(64): PHPUnit/Framework/TestSuite->run()
#57 C:/Users/ALI/Desktop/dar-al-ajneha/backend/vendor/phpunit/phpunit/src/TextUI/Application.php(229): PHPUnit/TextUI/TestRunner->run(Object(PHPUnit/TextUI/Configuration/Configuration), Object(PHPUnit/Runner/ResultCache/DefaultResultCache), Object(PHPUnit/Framework/TestSuite))
#58 C:/Users/ALI/Desktop/dar-al-ajneha/backend/vendor/pestphp/pest/src/Kernel.php(103): PHPUnit/TextUI/Application->run(Array)
#59 C:/Users/ALI/Desktop/dar-al-ajneha/backend/vendor/pestphp/pest/bin/pest(196): Pest/Kernel->handle(Array, Array)
#60 C:/Users/ALI/Desktop/dar-al-ajneha/backend/vendor/pestphp/pest/bin/pest(204): {closure:C:/Users/ALI/Desktop/dar-al-ajneha/backend/vendor/pestphp/pest/bin/pest:19}()
#61 {main}
"} 
[2026-09-28 15:51:59] testing.ERROR: Call to undefined method App\Http\Controllers\User\UserController::authorize() {"userId":20,"exception":"[object] (Error(code: 0): Call to undefined method App\\Http\\Controllers\\User\\UserController::authorize() at C:/Users/ALI/Desktop/dar-al-ajneha/backend/app/Http/Controllers/User/UserController.php:77)
[stacktrace]
#0 C:/Users/ALI/Desktop/dar-al-ajneha/backend/vendor/laravel/framework/src/Illuminate/Routing/ControllerDispatcher.php(46): App/Http/Controllers/User/UserController->disable(Object(Illuminate/Http/Request), Object(App/Models/User))
#1 C:/Users/ALI/Desktop/dar-al-ajneha/backend/vendor/laravel/framework/src/Illuminate/Routing/Route.php(276): Illuminate/Routing/ControllerDispatcher->dispatch(Object(Illuminate/Routing/Route), Object(App/Http/Controllers/User/UserController), 'disable')
#2 C:/Users/ALI/Desktop/dar-al-ajneha/backend/vendor/laravel/framework/src/Illuminate/Routing/Route.php(216): Illuminate/Routing/Route->runController()
#3 C:/Users/ALI/Desktop/dar-al-ajneha/backend/vendor/laravel/framework/src/Illuminate/Routing/Router.php(822): Illuminate/Routing/Route->run()
#4 C:/Users/ALI/Desktop/dar-al-ajneha/backend/vendor/laravel/framework/src/Illuminate/Pipeline/Pipeline.php(180): Illuminate/Routing/Router->{closure:Illuminate/Routing/Router::runRouteWithinStack():821}(Object(Illuminate/Http/Request))
#5 C:/Users/ALI/Desktop/dar-al-ajneha/backend/vendor/laravel/framework/src/Illuminate/Routing/Middleware/SubstituteBindings.php(52): Illuminate/Pipeline/Pipeline->{closure:Illuminate/Pipeline/Pipeline::prepareDestination():178}(Object(Illuminate/Http/Request))
#6 C:/Users/ALI/Desktop/dar-al-ajneha/backend/vendor/laravel/framework/src/Illuminate/Pipeline/Pipeline.php(219): Illuminate/Routing/Middleware/SubstituteBindings->handle(Object(Illuminate/Http/Request), Object(Closure))
#7 C:/Users/ALI/Desktop/dar-al-ajneha/backend/vendor/laravel/framework/src/Illuminate/Auth/Middleware/Authenticate.php(63): Illuminate/Pipeline/Pipeline->{closure:{closure:Illuminate/Pipeline/Pipeline::carry():194}:195}(Object(Illuminate/Http/Request))
#8 C:/Users/ALI/Desktop/dar-al-ajneha/backend/vendor/laravel/framework/src/Illuminate/Pipeline/Pipeline.php(219): Illuminate/Auth/Middleware/Authenticate->handle(Object(Illuminate/Http/Request), Object(Closure), 'sanctum')
#9 C:/Users/ALI/Desktop/dar-al-ajneha/backend/vendor/laravel/framework/src/Illuminate/Pipeline/Pipeline.php(137): Illuminate/Pipeline/Pipeline->{closure:{closure:Illuminate/Pipeline/Pipeline::carry():194}:195}(Object(Illuminate/Http/Request))
#10 C:/Users/ALI/Desktop/dar-al-ajneha/backend/vendor/laravel/framework/src/Illuminate/Routing/Router.php(821): Illuminate/Pipeline/Pipeline->then(Object(Closure))
#11 C:/Users/ALI/Desktop/dar-al-ajneha/backend/vendor/laravel/framework/src/Illuminate/Routing/Router.php(800): Illuminate/Routing/Router->runRouteWithinStack(Object(Illuminate/Routing/Route), Object(Illuminate/Http/Request))
#12 C:/Users/ALI/Desktop/dar-al-ajneha/backend/vendor/laravel/framework/src/Illuminate/Routing/Router.php(764): Illuminate/Routing/Router->runRoute(Object(Illuminate/Http/Request), Object(Illuminate/Routing/Route))
#13 C:/Users/ALI/Desktop/dar-al-ajneha/backend/vendor/laravel/framework/src/Illuminate/Routing/Router.php(753): Illuminate/Routing/Router->dispatchToRoute(Object(Illuminate/Http/Request))
#14 C:/Users/ALI/Desktop/dar-al-ajneha/backend/vendor/laravel/framework/src/Illuminate/Foundation/Http/Kernel.php(200): Illuminate/Routing/Router->dispatch(Object(Illuminate/Http/Request))
#15 C:/Users/ALI/Desktop/dar-al-ajneha/backend/vendor/laravel/framework/src/Illuminate/Pipeline/Pipeline.php(180): Illuminate/Foundation/Http/Kernel->{closure:Illuminate/Foundation/Http/Kernel::dispatchToRouter():197}(Object(Illuminate/Http/Request))
#16 C:/Users/ALI/Desktop/dar-al-ajneha/backend/vendor/laravel/framework/src/Illuminate/Foundation/Http/Middleware/TransformsRequest.php(21): Illuminate/Pipeline/Pipeline->{closure:Illuminate/Pipeline/Pipeline::prepareDestination():178}(Object(Illuminate/Http/Request))
#17 C:/Users/ALI/Desktop/dar-al-ajneha/backend/vendor/laravel/framework/src/Illuminate/Foundation/Http/Middleware/ConvertEmptyStringsToNull.php(31): Illuminate/Foundation/Http/Middleware/TransformsRequest->handle(Object(Illuminate/Http/Request), Object(Closure))
#18 C:/Users/ALI/Desktop/dar-al-ajneha/backend/vendor/laravel/framework/src/Illuminate/Pipeline/Pipeline.php(219): Illuminate/Foundation/Http/Middleware/ConvertEmptyStringsToNull->handle(Object(Illuminate/Http/Request), Object(Closure))
#19 C:/Users/ALI/Desktop/dar-al-ajneha/backend/vendor/laravel/framework/src/Illuminate/Foundation/Http/Middleware/TransformsRequest.php(21): Illuminate/Pipeline/Pipeline->{closure:{closure:Illuminate/Pipeline/Pipeline::carry():194}:195}(Object(Illuminate/Http/Request))
#20 C:/Users/ALI/Desktop/dar-al-ajneha/backend/vendor/laravel/framework/src/Illuminate/Foundation/Http/Middleware/TrimStrings.php(51): Illuminate/Foundation/Http/Middleware/TransformsRequest->handle(Object(Illuminate/Http/Request), Object(Closure))
#21 C:/Users/ALI/Desktop/dar-al-ajneha/backend/vendor/laravel/framework/src/Illuminate/Pipeline/Pipeline.php(219): Illuminate/Foundation/Http/Middleware/TrimStrings->handle(Object(Illuminate/Http/Request), Object(Closure))
#22 C:/Users/ALI/Desktop/dar-al-ajneha/backend/vendor/laravel/framework/src/Illuminate/Http/Middleware/ValidatePostSize.php(27): Illuminate/Pipeline/Pipeline->{closure:{closure:Illuminate/Pipeline/Pipeline::carry():194}:195}(Object(Illuminate/Http/Request))
#23 C:/Users/ALI/Desktop/dar-al-ajneha/backend/vendor/laravel/framework/src/Illuminate/Pipeline/Pipeline.php(219): Illuminate/Http/Middleware/ValidatePostSize->handle(Object(Illuminate/Http/Request), Object(Closure))
#24 C:/Users/ALI/Desktop/dar-al-ajneha/backend/vendor/laravel/framework/src/Illuminate/Foundation/Http/Middleware/PreventRequestsDuringMaintenance.php(110): Illuminate/Pipeline/Pipeline->{closure:{closure:Illuminate/Pipeline/Pipeline::carry():194}:195}(Object(Illuminate/Http/Request))
#25 C:/Users/ALI/Desktop/dar-al-ajneha/backend/vendor/laravel/framework/src/Illuminate/Pipeline/Pipeline.php(219): Illuminate/Foundation/Http/Middleware/PreventRequestsDuringMaintenance->handle(Object(Illuminate/Http/Request), Object(Closure))
#26 C:/Users/ALI/Desktop/dar-al-ajneha/backend/vendor/laravel/framework/src/Illuminate/Http/Middleware/HandleCors.php(74): Illuminate/Pipeline/Pipeline->{closure:{closure:Illuminate/Pipeline/Pipeline::carry():194}:195}(Object(Illuminate/Http/Request))
#27 C:/Users/ALI/Desktop/dar-al-ajneha/backend/vendor/laravel/framework/src/Illuminate/Pipeline/Pipeline.php(219): Illuminate/Http/Middleware/HandleCors->handle(Object(Illuminate/Http/Request), Object(Closure))
#28 C:/Users/ALI/Desktop/dar-al-ajneha/backend/vendor/laravel/framework/src/Illuminate/Http/Middleware/TrustProxies.php(58): Illuminate/Pipeline/Pipeline->{closure:{closure:Illuminate/Pipeline/Pipeline::carry():194}:195}(Object(Illuminate/Http/Request))
#29 C:/Users/ALI/Desktop/dar-al-ajneha/backend/vendor/laravel/framework/src/Illuminate/Pipeline/Pipeline.php(219): Illuminate/Http/Middleware/TrustProxies->handle(Object(Illuminate/Http/Request), Object(Closure))
#30 C:/Users/ALI/Desktop/dar-al-ajneha/backend/vendor/laravel/framework/src/Illuminate/Foundation/Http/Middleware/InvokeDeferredCallbacks.php(22): Illuminate/Pipeline/Pipeline->{closure:{closure:Illuminate/Pipeline/Pipeline::carry():194}:195}(Object(Illuminate/Http/Request))
#31 C:/Users/ALI/Desktop/dar-al-ajneha/backend/vendor/laravel/framework/src/Illuminate/Pipeline/Pipeline.php(219): Illuminate/Foundation/Http/Middleware/InvokeDeferredCallbacks->handle(Object(Illuminate/Http/Request), Object(Closure))
#32 C:/Users/ALI/Desktop/dar-al-ajneha/backend/vendor/laravel/framework/src/Illuminate/Http/Middleware/ValidatePathEncoding.php(28): Illuminate/Pipeline/Pipeline->{closure:{closure:Illuminate/Pipeline/Pipeline::carry():194}:195}(Object(Illuminate/Http/Request))
#33 C:/Users/ALI/Desktop/dar-al-ajneha/backend/vendor/laravel/framework/src/Illuminate/Pipeline/Pipeline.php(219): Illuminate/Http/Middleware/ValidatePathEncoding->handle(Object(Illuminate/Http/Request), Object(Closure))
#34 C:/Users/ALI/Desktop/dar-al-ajneha/backend/vendor/laravel/framework/src/Illuminate/Pipeline/Pipeline.php(137): Illuminate/Pipeline/Pipeline->{closure:{closure:Illuminate/Pipeline/Pipeline::carry():194}:195}(Object(Illuminate/Http/Request))
#35 C:/Users/ALI/Desktop/dar-al-ajneha/backend/vendor/laravel/framework/src/Illuminate/Foundation/Http/Kernel.php(175): Illuminate/Pipeline/Pipeline->then(Object(Closure))
#36 C:/Users/ALI/Desktop/dar-al-ajneha/backend/vendor/laravel/framework/src/Illuminate/Foundation/Http/Kernel.php(144): Illuminate/Foundation/Http/Kernel->sendRequestThroughRouter(Object(Illuminate/Http/Request))
#37 C:/Users/ALI/Desktop/dar-al-ajneha/backend/vendor/laravel/framework/src/Illuminate/Foundation/Testing/Concerns/MakesHttpRequests.php(638): Illuminate/Foundation/Http/Kernel->handle(Object(Illuminate/Http/Request))
#38 C:/Users/ALI/Desktop/dar-al-ajneha/backend/vendor/laravel/framework/src/Illuminate/Foundation/Testing/Concerns/MakesHttpRequests.php(604): Illuminate/Foundation/Testing/TestCase->call('POST', '/api/v1/users/2...', Array, Array, Array, Array, '[]')
#39 C:/Users/ALI/Desktop/dar-al-ajneha/backend/vendor/laravel/framework/src/Illuminate/Foundation/Testing/Concerns/MakesHttpRequests.php(411): Illuminate/Foundation/Testing/TestCase->json('POST', '/api/v1/users/2...', Array, Array, 0)
#40 C:/Users/ALI/Desktop/dar-al-ajneha/backend/tests/Feature/User/UserCrudTest.php(79): Illuminate/Foundation/Testing/TestCase->postJson('/api/v1/users/2...')
#41 C:/Users/ALI/Desktop/dar-al-ajneha/backend/vendor/pestphp/pest/src/Factories/TestCaseMethodFactory.php(177): P/Tests/Feature/User/UserCrudTest->{closure:C:/Users/ALI/Desktop/dar-al-ajneha/backend/tests/Feature/User/UserCrudTest.php:71}()
#42 [internal function]: P/Tests/Feature/User/UserCrudTest->{closure:Pest/Factories/TestCaseMethodFactory::getClosure():167}()
#43 C:/Users/ALI/Desktop/dar-al-ajneha/backend/vendor/pestphp/pest/src/Concerns/Testable.php(514): call_user_func_array(Object(Closure), Array)
#44 C:/Users/ALI/Desktop/dar-al-ajneha/backend/vendor/pestphp/pest/src/Support/ExceptionTrace.php(26): P/Tests/Feature/User/UserCrudTest->{closure:Pest/Concerns/Testable::__callClosure():514}()
#45 C:/Users/ALI/Desktop/dar-al-ajneha/backend/vendor/pestphp/pest/src/Concerns/Testable.php(514): Pest/Support/ExceptionTrace::ensure(Object(Closure))
#46 C:/Users/ALI/Desktop/dar-al-ajneha/backend/vendor/pestphp/pest/src/Concerns/Testable.php(336): P/Tests/Feature/User/UserCrudTest->__callClosure(Object(Closure), Array)
#47 C:/Users/ALI/Desktop/dar-al-ajneha/backend/vendor/pestphp/pest/src/Factories/TestCaseFactory.php(179) : eval()'d code(87): P/Tests/Feature/User/UserCrudTest->__runTest(Object(Closure))
#48 C:/Users/ALI/Desktop/dar-al-ajneha/backend/vendor/phpunit/phpunit/src/Framework/TestCase.php(1318): P/Tests/Feature/User/UserCrudTest->__pest_evaluable_disable_other_with_users_disable_returns_200()
#49 C:/Users/ALI/Desktop/dar-al-ajneha/backend/vendor/phpunit/phpunit/src/Framework/TestCase.php(1355): PHPUnit/Framework/TestCase->invokeTestMethod('__pest_evaluabl...', Array)
#50 C:/Users/ALI/Desktop/dar-al-ajneha/backend/vendor/phpunit/phpunit/src/Framework/TestCase.php(521): PHPUnit/Framework/TestCase->runTest()
#51 C:/Users/ALI/Desktop/dar-al-ajneha/backend/vendor/phpunit/phpunit/src/Framework/TestRunner/TestRunner.php(99): PHPUnit/Framework/TestCase->runBare()
#52 C:/Users/ALI/Desktop/dar-al-ajneha/backend/vendor/phpunit/phpunit/src/Framework/TestCase.php(361): PHPUnit/Framework/TestRunner->run(Object(P/Tests/Feature/User/UserCrudTest))
#53 C:/Users/ALI/Desktop/dar-al-ajneha/backend/vendor/phpunit/phpunit/src/Framework/TestSuite.php(374): PHPUnit/Framework/TestCase->run()
#54 C:/Users/ALI/Desktop/dar-al-ajneha/backend/vendor/phpunit/phpunit/src/Framework/TestSuite.php(374): PHPUnit/Framework/TestSuite->run()
#55 C:/Users/ALI/Desktop/dar-al-ajneha/backend/vendor/phpunit/phpunit/src/Framework/TestSuite.php(374): PHPUnit/Framework/TestSuite->run()
#56 C:/Users/ALI/Desktop/dar-al-ajneha/backend/vendor/phpunit/phpunit/src/TextUI/TestRunner.php(64): PHPUnit/Framework/TestSuite->run()
#57 C:/Users/ALI/Desktop/dar-al-ajneha/backend/vendor/phpunit/phpunit/src/TextUI/Application.php(229): PHPUnit/TextUI/TestRunner->run(Object(PHPUnit/TextUI/Configuration/Configuration), Object(PHPUnit/Runner/ResultCache/DefaultResultCache), Object(PHPUnit/Framework/TestSuite))
#58 C:/Users/ALI/Desktop/dar-al-ajneha/backend/vendor/pestphp/pest/src/Kernel.php(103): PHPUnit/TextUI/Application->run(Array)
#59 C:/Users/ALI/Desktop/dar-al-ajneha/backend/vendor/pestphp/pest/bin/pest(196): Pest/Kernel->handle(Array, Array)
#60 C:/Users/ALI/Desktop/dar-al-ajneha/backend/vendor/pestphp/pest/bin/pest(204): {closure:C:/Users/ALI/Desktop/dar-al-ajneha/backend/vendor/pestphp/pest/bin/pest:19}()
#61 {main}
"} 
[2026-09-28 15:51:59] testing.ERROR: Call to undefined method App\Http\Controllers\User\UserController::authorize() {"userId":22,"exception":"[object] (Error(code: 0): Call to undefined method App\\Http\\Controllers\\User\\UserController::authorize() at C:/Users/ALI/Desktop/dar-al-ajneha/backend/app/Http/Controllers/User/UserController.php:95)
[stacktrace]
#0 C:/Users/ALI/Desktop/dar-al-ajneha/backend/vendor/laravel/framework/src/Illuminate/Routing/ControllerDispatcher.php(46): App/Http/Controllers/User/UserController->destroy(Object(Illuminate/Http/Request), Object(App/Models/User))
#1 C:/Users/ALI/Desktop/dar-al-ajneha/backend/vendor/laravel/framework/src/Illuminate/Routing/Route.php(276): Illuminate/Routing/ControllerDispatcher->dispatch(Object(Illuminate/Routing/Route), Object(App/Http/Controllers/User/UserController), 'destroy')
#2 C:/Users/ALI/Desktop/dar-al-ajneha/backend/vendor/laravel/framework/src/Illuminate/Routing/Route.php(216): Illuminate/Routing/Route->runController()
#3 C:/Users/ALI/Desktop/dar-al-ajneha/backend/vendor/laravel/framework/src/Illuminate/Routing/Router.php(822): Illuminate/Routing/Route->run()
#4 C:/Users/ALI/Desktop/dar-al-ajneha/backend/vendor/laravel/framework/src/Illuminate/Pipeline/Pipeline.php(180): Illuminate/Routing/Router->{closure:Illuminate/Routing/Router::runRouteWithinStack():821}(Object(Illuminate/Http/Request))
#5 C:/Users/ALI/Desktop/dar-al-ajneha/backend/vendor/laravel/framework/src/Illuminate/Routing/Middleware/SubstituteBindings.php(52): Illuminate/Pipeline/Pipeline->{closure:Illuminate/Pipeline/Pipeline::prepareDestination():178}(Object(Illuminate/Http/Request))
#6 C:/Users/ALI/Desktop/dar-al-ajneha/backend/vendor/laravel/framework/src/Illuminate/Pipeline/Pipeline.php(219): Illuminate/Routing/Middleware/SubstituteBindings->handle(Object(Illuminate/Http/Request), Object(Closure))
#7 C:/Users/ALI/Desktop/dar-al-ajneha/backend/vendor/laravel/framework/src/Illuminate/Auth/Middleware/Authenticate.php(63): Illuminate/Pipeline/Pipeline->{closure:{closure:Illuminate/Pipeline/Pipeline::carry():194}:195}(Object(Illuminate/Http/Request))
#8 C:/Users/ALI/Desktop/dar-al-ajneha/backend/vendor/laravel/framework/src/Illuminate/Pipeline/Pipeline.php(219): Illuminate/Auth/Middleware/Authenticate->handle(Object(Illuminate/Http/Request), Object(Closure), 'sanctum')
#9 C:/Users/ALI/Desktop/dar-al-ajneha/backend/vendor/laravel/framework/src/Illuminate/Pipeline/Pipeline.php(137): Illuminate/Pipeline/Pipeline->{closure:{closure:Illuminate/Pipeline/Pipeline::carry():194}:195}(Object(Illuminate/Http/Request))
#10 C:/Users/ALI/Desktop/dar-al-ajneha/backend/vendor/laravel/framework/src/Illuminate/Routing/Router.php(821): Illuminate/Pipeline/Pipeline->then(Object(Closure))
#11 C:/Users/ALI/Desktop/dar-al-ajneha/backend/vendor/laravel/framework/src/Illuminate/Routing/Router.php(800): Illuminate/Routing/Router->runRouteWithinStack(Object(Illuminate/Routing/Route), Object(Illuminate/Http/Request))
#12 C:/Users/ALI/Desktop/dar-al-ajneha/backend/vendor/laravel/framework/src/Illuminate/Routing/Router.php(764): Illuminate/Routing/Router->runRoute(Object(Illuminate/Http/Request), Object(Illuminate/Routing/Route))
#13 C:/Users/ALI/Desktop/dar-al-ajneha/backend/vendor/laravel/framework/src/Illuminate/Routing/Router.php(753): Illuminate/Routing/Router->dispatchToRoute(Object(Illuminate/Http/Request))
#14 C:/Users/ALI/Desktop/dar-al-ajneha/backend/vendor/laravel/framework/src/Illuminate/Foundation/Http/Kernel.php(200): Illuminate/Routing/Router->dispatch(Object(Illuminate/Http/Request))
#15 C:/Users/ALI/Desktop/dar-al-ajneha/backend/vendor/laravel/framework/src/Illuminate/Pipeline/Pipeline.php(180): Illuminate/Foundation/Http/Kernel->{closure:Illuminate/Foundation/Http/Kernel::dispatchToRouter():197}(Object(Illuminate/Http/Request))
#16 C:/Users/ALI/Desktop/dar-al-ajneha/backend/vendor/laravel/framework/src/Illuminate/Foundation/Http/Middleware/TransformsRequest.php(21): Illuminate/Pipeline/Pipeline->{closure:Illuminate/Pipeline/Pipeline::prepareDestination():178}(Object(Illuminate/Http/Request))
#17 C:/Users/ALI/Desktop/dar-al-ajneha/backend/vendor/laravel/framework/src/Illuminate/Foundation/Http/Middleware/ConvertEmptyStringsToNull.php(31): Illuminate/Foundation/Http/Middleware/TransformsRequest->handle(Object(Illuminate/Http/Request), Object(Closure))
#18 C:/Users/ALI/Desktop/dar-al-ajneha/backend/vendor/laravel/framework/src/Illuminate/Pipeline/Pipeline.php(219): Illuminate/Foundation/Http/Middleware/ConvertEmptyStringsToNull->handle(Object(Illuminate/Http/Request), Object(Closure))
#19 C:/Users/ALI/Desktop/dar-al-ajneha/backend/vendor/laravel/framework/src/Illuminate/Foundation/Http/Middleware/TransformsRequest.php(21): Illuminate/Pipeline/Pipeline->{closure:{closure:Illuminate/Pipeline/Pipeline::carry():194}:195}(Object(Illuminate/Http/Request))
#20 C:/Users/ALI/Desktop/dar-al-ajneha/backend/vendor/laravel/framework/src/Illuminate/Foundation/Http/Middleware/TrimStrings.php(51): Illuminate/Foundation/Http/Middleware/TransformsRequest->handle(Object(Illuminate/Http/Request), Object(Closure))
#21 C:/Users/ALI/Desktop/dar-al-ajneha/backend/vendor/laravel/framework/src/Illuminate/Pipeline/Pipeline.php(219): Illuminate/Foundation/Http/Middleware/TrimStrings->handle(Object(Illuminate/Http/Request), Object(Closure))
#22 C:/Users/ALI/Desktop/dar-al-ajneha/backend/vendor/laravel/framework/src/Illuminate/Http/Middleware/ValidatePostSize.php(27): Illuminate/Pipeline/Pipeline->{closure:{closure:Illuminate/Pipeline/Pipeline::carry():194}:195}(Object(Illuminate/Http/Request))
#23 C:/Users/ALI/Desktop/dar-al-ajneha/backend/vendor/laravel/framework/src/Illuminate/Pipeline/Pipeline.php(219): Illuminate/Http/Middleware/ValidatePostSize->handle(Object(Illuminate/Http/Request), Object(Closure))
#24 C:/Users/ALI/Desktop/dar-al-ajneha/backend/vendor/laravel/framework/src/Illuminate/Foundation/Http/Middleware/PreventRequestsDuringMaintenance.php(110): Illuminate/Pipeline/Pipeline->{closure:{closure:Illuminate/Pipeline/Pipeline::carry():194}:195}(Object(Illuminate/Http/Request))
#25 C:/Users/ALI/Desktop/dar-al-ajneha/backend/vendor/laravel/framework/src/Illuminate/Pipeline/Pipeline.php(219): Illuminate/Foundation/Http/Middleware/PreventRequestsDuringMaintenance->handle(Object(Illuminate/Http/Request), Object(Closure))
#26 C:/Users/ALI/Desktop/dar-al-ajneha/backend/vendor/laravel/framework/src/Illuminate/Http/Middleware/HandleCors.php(74): Illuminate/Pipeline/Pipeline->{closure:{closure:Illuminate/Pipeline/Pipeline::carry():194}:195}(Object(Illuminate/Http/Request))
#27 C:/Users/ALI/Desktop/dar-al-ajneha/backend/vendor/laravel/framework/src/Illuminate/Pipeline/Pipeline.php(219): Illuminate/Http/Middleware/HandleCors->handle(Object(Illuminate/Http/Request), Object(Closure))
#28 C:/Users/ALI/Desktop/dar-al-ajneha/backend/vendor/laravel/framework/src/Illuminate/Http/Middleware/TrustProxies.php(58): Illuminate/Pipeline/Pipeline->{closure:{closure:Illuminate/Pipeline/Pipeline::carry():194}:195}(Object(Illuminate/Http/Request))
#29 C:/Users/ALI/Desktop/dar-al-ajneha/backend/vendor/laravel/framework/src/Illuminate/Pipeline/Pipeline.php(219): Illuminate/Http/Middleware/TrustProxies->handle(Object(Illuminate/Http/Request), Object(Closure))
#30 C:/Users/ALI/Desktop/dar-al-ajneha/backend/vendor/laravel/framework/src/Illuminate/Foundation/Http/Middleware/InvokeDeferredCallbacks.php(22): Illuminate/Pipeline/Pipeline->{closure:{closure:Illuminate/Pipeline/Pipeline::carry():194}:195}(Object(Illuminate/Http/Request))
#31 C:/Users/ALI/Desktop/dar-al-ajneha/backend/vendor/laravel/framework/src/Illuminate/Pipeline/Pipeline.php(219): Illuminate/Foundation/Http/Middleware/InvokeDeferredCallbacks->handle(Object(Illuminate/Http/Request), Object(Closure))
#32 C:/Users/ALI/Desktop/dar-al-ajneha/backend/vendor/laravel/framework/src/Illuminate/Http/Middleware/ValidatePathEncoding.php(28): Illuminate/Pipeline/Pipeline->{closure:{closure:Illuminate/Pipeline/Pipeline::carry():194}:195}(Object(Illuminate/Http/Request))
#33 C:/Users/ALI/Desktop/dar-al-ajneha/backend/vendor/laravel/framework/src/Illuminate/Pipeline/Pipeline.php(219): Illuminate/Http/Middleware/ValidatePathEncoding->handle(Object(Illuminate/Http/Request), Object(Closure))
#34 C:/Users/ALI/Desktop/dar-al-ajneha/backend/vendor/laravel/framework/src/Illuminate/Pipeline/Pipeline.php(137): Illuminate/Pipeline/Pipeline->{closure:{closure:Illuminate/Pipeline/Pipeline::carry():194}:195}(Object(Illuminate/Http/Request))
#35 C:/Users/ALI/Desktop/dar-al-ajneha/backend/vendor/laravel/framework/src/Illuminate/Foundation/Http/Kernel.php(175): Illuminate/Pipeline/Pipeline->then(Object(Closure))
#36 C:/Users/ALI/Desktop/dar-al-ajneha/backend/vendor/laravel/framework/src/Illuminate/Foundation/Http/Kernel.php(144): Illuminate/Foundation/Http/Kernel->sendRequestThroughRouter(Object(Illuminate/Http/Request))
#37 C:/Users/ALI/Desktop/dar-al-ajneha/backend/vendor/laravel/framework/src/Illuminate/Foundation/Testing/Concerns/MakesHttpRequests.php(638): Illuminate/Foundation/Http/Kernel->handle(Object(Illuminate/Http/Request))
#38 C:/Users/ALI/Desktop/dar-al-ajneha/backend/vendor/laravel/framework/src/Illuminate/Foundation/Testing/Concerns/MakesHttpRequests.php(604): Illuminate/Foundation/Testing/TestCase->call('DELETE', '/api/v1/users/2...', Array, Array, Array, Array, '[]')
#39 C:/Users/ALI/Desktop/dar-al-ajneha/backend/vendor/laravel/framework/src/Illuminate/Foundation/Testing/Concerns/MakesHttpRequests.php(501): Illuminate/Foundation/Testing/TestCase->json('DELETE', '/api/v1/users/2...', Array, Array, 0)
#40 C:/Users/ALI/Desktop/dar-al-ajneha/backend/tests/Feature/User/UserCrudTest.php(90): Illuminate/Foundation/Testing/TestCase->deleteJson('/api/v1/users/2...')
#41 C:/Users/ALI/Desktop/dar-al-ajneha/backend/vendor/pestphp/pest/src/Factories/TestCaseMethodFactory.php(177): P/Tests/Feature/User/UserCrudTest->{closure:C:/Users/ALI/Desktop/dar-al-ajneha/backend/tests/Feature/User/UserCrudTest.php:84}()
#42 [internal function]: P/Tests/Feature/User/UserCrudTest->{closure:Pest/Factories/TestCaseMethodFactory::getClosure():167}()
#43 C:/Users/ALI/Desktop/dar-al-ajneha/backend/vendor/pestphp/pest/src/Concerns/Testable.php(514): call_user_func_array(Object(Closure), Array)
#44 C:/Users/ALI/Desktop/dar-al-ajneha/backend/vendor/pestphp/pest/src/Support/ExceptionTrace.php(26): P/Tests/Feature/User/UserCrudTest->{closure:Pest/Concerns/Testable::__callClosure():514}()
#45 C:/Users/ALI/Desktop/dar-al-ajneha/backend/vendor/pestphp/pest/src/Concerns/Testable.php(514): Pest/Support/ExceptionTrace::ensure(Object(Closure))
#46 C:/Users/ALI/Desktop/dar-al-ajneha/backend/vendor/pestphp/pest/src/Concerns/Testable.php(336): P/Tests/Feature/User/UserCrudTest->__callClosure(Object(Closure), Array)
#47 C:/Users/ALI/Desktop/dar-al-ajneha/backend/vendor/pestphp/pest/src/Factories/TestCaseFactory.php(179) : eval()'d code(100): P/Tests/Feature/User/UserCrudTest->__runTest(Object(Closure))
#48 C:/Users/ALI/Desktop/dar-al-ajneha/backend/vendor/phpunit/phpunit/src/Framework/TestCase.php(1318): P/Tests/Feature/User/UserCrudTest->__pest_evaluable_delete_self_returns_403()
#49 C:/Users/ALI/Desktop/dar-al-ajneha/backend/vendor/phpunit/phpunit/src/Framework/TestCase.php(1355): PHPUnit/Framework/TestCase->invokeTestMethod('__pest_evaluabl...', Array)
#50 C:/Users/ALI/Desktop/dar-al-ajneha/backend/vendor/phpunit/phpunit/src/Framework/TestCase.php(521): PHPUnit/Framework/TestCase->runTest()
#51 C:/Users/ALI/Desktop/dar-al-ajneha/backend/vendor/phpunit/phpunit/src/Framework/TestRunner/TestRunner.php(99): PHPUnit/Framework/TestCase->runBare()
#52 C:/Users/ALI/Desktop/dar-al-ajneha/backend/vendor/phpunit/phpunit/src/Framework/TestCase.php(361): PHPUnit/Framework/TestRunner->run(Object(P/Tests/Feature/User/UserCrudTest))
#53 C:/Users/ALI/Desktop/dar-al-ajneha/backend/vendor/phpunit/phpunit/src/Framework/TestSuite.php(374): PHPUnit/Framework/TestCase->run()
#54 C:/Users/ALI/Desktop/dar-al-ajneha/backend/vendor/phpunit/phpunit/src/Framework/TestSuite.php(374): PHPUnit/Framework/TestSuite->run()
#55 C:/Users/ALI/Desktop/dar-al-ajneha/backend/vendor/phpunit/phpunit/src/Framework/TestSuite.php(374): PHPUnit/Framework/TestSuite->run()
#56 C:/Users/ALI/Desktop/dar-al-ajneha/backend/vendor/phpunit/phpunit/src/TextUI/TestRunner.php(64): PHPUnit/Framework/TestSuite->run()
#57 C:/Users/ALI/Desktop/dar-al-ajneha/backend/vendor/phpunit/phpunit/src/TextUI/Application.php(229): PHPUnit/TextUI/TestRunner->run(Object(PHPUnit/TextUI/Configuration/Configuration), Object(PHPUnit/Runner/ResultCache/DefaultResultCache), Object(PHPUnit/Framework/TestSuite))
#58 C:/Users/ALI/Desktop/dar-al-ajneha/backend/vendor/pestphp/pest/src/Kernel.php(103): PHPUnit/TextUI/Application->run(Array)
#59 C:/Users/ALI/Desktop/dar-al-ajneha/backend/vendor/pestphp/pest/bin/pest(196): Pest/Kernel->handle(Array, Array)
#60 C:/Users/ALI/Desktop/dar-al-ajneha/backend/vendor/pestphp/pest/bin/pest(204): {closure:C:/Users/ALI/Desktop/dar-al-ajneha/backend/vendor/pestphp/pest/bin/pest:19}()
#61 {main}
"} 
[2026-09-28 15:51:59] testing.ERROR: Call to undefined method App\Http\Controllers\User\UserController::authorize() {"userId":23,"exception":"[object] (Error(code: 0): Call to undefined method App\\Http\\Controllers\\User\\UserController::authorize() at C:/Users/ALI/Desktop/dar-al-ajneha/backend/app/Http/Controllers/User/UserController.php:95)
[stacktrace]
#0 C:/Users/ALI/Desktop/dar-al-ajneha/backend/vendor/laravel/framework/src/Illuminate/Routing/ControllerDispatcher.php(46): App/Http/Controllers/User/UserController->destroy(Object(Illuminate/Http/Request), Object(App/Models/User))
#1 C:/Users/ALI/Desktop/dar-al-ajneha/backend/vendor/laravel/framework/src/Illuminate/Routing/Route.php(276): Illuminate/Routing/ControllerDispatcher->dispatch(Object(Illuminate/Routing/Route), Object(App/Http/Controllers/User/UserController), 'destroy')
#2 C:/Users/ALI/Desktop/dar-al-ajneha/backend/vendor/laravel/framework/src/Illuminate/Routing/Route.php(216): Illuminate/Routing/Route->runController()
#3 C:/Users/ALI/Desktop/dar-al-ajneha/backend/vendor/laravel/framework/src/Illuminate/Routing/Router.php(822): Illuminate/Routing/Route->run()
#4 C:/Users/ALI/Desktop/dar-al-ajneha/backend/vendor/laravel/framework/src/Illuminate/Pipeline/Pipeline.php(180): Illuminate/Routing/Router->{closure:Illuminate/Routing/Router::runRouteWithinStack():821}(Object(Illuminate/Http/Request))
#5 C:/Users/ALI/Desktop/dar-al-ajneha/backend/vendor/laravel/framework/src/Illuminate/Routing/Middleware/SubstituteBindings.php(52): Illuminate/Pipeline/Pipeline->{closure:Illuminate/Pipeline/Pipeline::prepareDestination():178}(Object(Illuminate/Http/Request))
#6 C:/Users/ALI/Desktop/dar-al-ajneha/backend/vendor/laravel/framework/src/Illuminate/Pipeline/Pipeline.php(219): Illuminate/Routing/Middleware/SubstituteBindings->handle(Object(Illuminate/Http/Request), Object(Closure))
#7 C:/Users/ALI/Desktop/dar-al-ajneha/backend/vendor/laravel/framework/src/Illuminate/Auth/Middleware/Authenticate.php(63): Illuminate/Pipeline/Pipeline->{closure:{closure:Illuminate/Pipeline/Pipeline::carry():194}:195}(Object(Illuminate/Http/Request))
#8 C:/Users/ALI/Desktop/dar-al-ajneha/backend/vendor/laravel/framework/src/Illuminate/Pipeline/Pipeline.php(219): Illuminate/Auth/Middleware/Authenticate->handle(Object(Illuminate/Http/Request), Object(Closure), 'sanctum')
#9 C:/Users/ALI/Desktop/dar-al-ajneha/backend/vendor/laravel/framework/src/Illuminate/Pipeline/Pipeline.php(137): Illuminate/Pipeline/Pipeline->{closure:{closure:Illuminate/Pipeline/Pipeline::carry():194}:195}(Object(Illuminate/Http/Request))
#10 C:/Users/ALI/Desktop/dar-al-ajneha/backend/vendor/laravel/framework/src/Illuminate/Routing/Router.php(821): Illuminate/Pipeline/Pipeline->then(Object(Closure))
#11 C:/Users/ALI/Desktop/dar-al-ajneha/backend/vendor/laravel/framework/src/Illuminate/Routing/Router.php(800): Illuminate/Routing/Router->runRouteWithinStack(Object(Illuminate/Routing/Route), Object(Illuminate/Http/Request))
#12 C:/Users/ALI/Desktop/dar-al-ajneha/backend/vendor/laravel/framework/src/Illuminate/Routing/Router.php(764): Illuminate/Routing/Router->runRoute(Object(Illuminate/Http/Request), Object(Illuminate/Routing/Route))
#13 C:/Users/ALI/Desktop/dar-al-ajneha/backend/vendor/laravel/framework/src/Illuminate/Routing/Router.php(753): Illuminate/Routing/Router->dispatchToRoute(Object(Illuminate/Http/Request))
#14 C:/Users/ALI/Desktop/dar-al-ajneha/backend/vendor/laravel/framework/src/Illuminate/Foundation/Http/Kernel.php(200): Illuminate/Routing/Router->dispatch(Object(Illuminate/Http/Request))
#15 C:/Users/ALI/Desktop/dar-al-ajneha/backend/vendor/laravel/framework/src/Illuminate/Pipeline/Pipeline.php(180): Illuminate/Foundation/Http/Kernel->{closure:Illuminate/Foundation/Http/Kernel::dispatchToRouter():197}(Object(Illuminate/Http/Request))
#16 C:/Users/ALI/Desktop/dar-al-ajneha/backend/vendor/laravel/framework/src/Illuminate/Foundation/Http/Middleware/TransformsRequest.php(21): Illuminate/Pipeline/Pipeline->{closure:Illuminate/Pipeline/Pipeline::prepareDestination():178}(Object(Illuminate/Http/Request))
#17 C:/Users/ALI/Desktop/dar-al-ajneha/backend/vendor/laravel/framework/src/Illuminate/Foundation/Http/Middleware/ConvertEmptyStringsToNull.php(31): Illuminate/Foundation/Http/Middleware/TransformsRequest->handle(Object(Illuminate/Http/Request), Object(Closure))
#18 C:/Users/ALI/Desktop/dar-al-ajneha/backend/vendor/laravel/framework/src/Illuminate/Pipeline/Pipeline.php(219): Illuminate/Foundation/Http/Middleware/ConvertEmptyStringsToNull->handle(Object(Illuminate/Http/Request), Object(Closure))
#19 C:/Users/ALI/Desktop/dar-al-ajneha/backend/vendor/laravel/framework/src/Illuminate/Foundation/Http/Middleware/TransformsRequest.php(21): Illuminate/Pipeline/Pipeline->{closure:{closure:Illuminate/Pipeline/Pipeline::carry():194}:195}(Object(Illuminate/Http/Request))
#20 C:/Users/ALI/Desktop/dar-al-ajneha/backend/vendor/laravel/framework/src/Illuminate/Foundation/Http/Middleware/TrimStrings.php(51): Illuminate/Foundation/Http/Middleware/TransformsRequest->handle(Object(Illuminate/Http/Request), Object(Closure))
#21 C:/Users/ALI/Desktop/dar-al-ajneha/backend/vendor/laravel/framework/src/Illuminate/Pipeline/Pipeline.php(219): Illuminate/Foundation/Http/Middleware/TrimStrings->handle(Object(Illuminate/Http/Request), Object(Closure))
#22 C:/Users/ALI/Desktop/dar-al-ajneha/backend/vendor/laravel/framework/src/Illuminate/Http/Middleware/ValidatePostSize.php(27): Illuminate/Pipeline/Pipeline->{closure:{closure:Illuminate/Pipeline/Pipeline::carry():194}:195}(Object(Illuminate/Http/Request))
#23 C:/Users/ALI/Desktop/dar-al-ajneha/backend/vendor/laravel/framework/src/Illuminate/Pipeline/Pipeline.php(219): Illuminate/Http/Middleware/ValidatePostSize->handle(Object(Illuminate/Http/Request), Object(Closure))
#24 C:/Users/ALI/Desktop/dar-al-ajneha/backend/vendor/laravel/framework/src/Illuminate/Foundation/Http/Middleware/PreventRequestsDuringMaintenance.php(110): Illuminate/Pipeline/Pipeline->{closure:{closure:Illuminate/Pipeline/Pipeline::carry():194}:195}(Object(Illuminate/Http/Request))
#25 C:/Users/ALI/Desktop/dar-al-ajneha/backend/vendor/laravel/framework/src/Illuminate/Pipeline/Pipeline.php(219): Illuminate/Foundation/Http/Middleware/PreventRequestsDuringMaintenance->handle(Object(Illuminate/Http/Request), Object(Closure))
#26 C:/Users/ALI/Desktop/dar-al-ajneha/backend/vendor/laravel/framework/src/Illuminate/Http/Middleware/HandleCors.php(74): Illuminate/Pipeline/Pipeline->{closure:{closure:Illuminate/Pipeline/Pipeline::carry():194}:195}(Object(Illuminate/Http/Request))
#27 C:/Users/ALI/Desktop/dar-al-ajneha/backend/vendor/laravel/framework/src/Illuminate/Pipeline/Pipeline.php(219): Illuminate/Http/Middleware/HandleCors->handle(Object(Illuminate/Http/Request), Object(Closure))
#28 C:/Users/ALI/Desktop/dar-al-ajneha/backend/vendor/laravel/framework/src/Illuminate/Http/Middleware/TrustProxies.php(58): Illuminate/Pipeline/Pipeline->{closure:{closure:Illuminate/Pipeline/Pipeline::carry():194}:195}(Object(Illuminate/Http/Request))
#29 C:/Users/ALI/Desktop/dar-al-ajneha/backend/vendor/laravel/framework/src/Illuminate/Pipeline/Pipeline.php(219): Illuminate/Http/Middleware/TrustProxies->handle(Object(Illuminate/Http/Request), Object(Closure))
#30 C:/Users/ALI/Desktop/dar-al-ajneha/backend/vendor/laravel/framework/src/Illuminate/Foundation/Http/Middleware/InvokeDeferredCallbacks.php(22): Illuminate/Pipeline/Pipeline->{closure:{closure:Illuminate/Pipeline/Pipeline::carry():194}:195}(Object(Illuminate/Http/Request))
#31 C:/Users/ALI/Desktop/dar-al-ajneha/backend/vendor/laravel/framework/src/Illuminate/Pipeline/Pipeline.php(219): Illuminate/Foundation/Http/Middleware/InvokeDeferredCallbacks->handle(Object(Illuminate/Http/Request), Object(Closure))
#32 C:/Users/ALI/Desktop/dar-al-ajneha/backend/vendor/laravel/framework/src/Illuminate/Http/Middleware/ValidatePathEncoding.php(28): Illuminate/Pipeline/Pipeline->{closure:{closure:Illuminate/Pipeline/Pipeline::carry():194}:195}(Object(Illuminate/Http/Request))
#33 C:/Users/ALI/Desktop/dar-al-ajneha/backend/vendor/laravel/framework/src/Illuminate/Pipeline/Pipeline.php(219): Illuminate/Http/Middleware/ValidatePathEncoding->handle(Object(Illuminate/Http/Request), Object(Closure))
#34 C:/Users/ALI/Desktop/dar-al-ajneha/backend/vendor/laravel/framework/src/Illuminate/Pipeline/Pipeline.php(137): Illuminate/Pipeline/Pipeline->{closure:{closure:Illuminate/Pipeline/Pipeline::carry():194}:195}(Object(Illuminate/Http/Request))
#35 C:/Users/ALI/Desktop/dar-al-ajneha/backend/vendor/laravel/framework/src/Illuminate/Foundation/Http/Kernel.php(175): Illuminate/Pipeline/Pipeline->then(Object(Closure))
#36 C:/Users/ALI/Desktop/dar-al-ajneha/backend/vendor/laravel/framework/src/Illuminate/Foundation/Http/Kernel.php(144): Illuminate/Foundation/Http/Kernel->sendRequestThroughRouter(Object(Illuminate/Http/Request))
#37 C:/Users/ALI/Desktop/dar-al-ajneha/backend/vendor/laravel/framework/src/Illuminate/Foundation/Testing/Concerns/MakesHttpRequests.php(638): Illuminate/Foundation/Http/Kernel->handle(Object(Illuminate/Http/Request))
#38 C:/Users/ALI/Desktop/dar-al-ajneha/backend/vendor/laravel/framework/src/Illuminate/Foundation/Testing/Concerns/MakesHttpRequests.php(604): Illuminate/Foundation/Testing/TestCase->call('DELETE', '/api/v1/users/2...', Array, Array, Array, Array, '[]')
#39 C:/Users/ALI/Desktop/dar-al-ajneha/backend/vendor/laravel/framework/src/Illuminate/Foundation/Testing/Concerns/MakesHttpRequests.php(501): Illuminate/Foundation/Testing/TestCase->json('DELETE', '/api/v1/users/2...', Array, Array, 0)
#40 C:/Users/ALI/Desktop/dar-al-ajneha/backend/tests/Feature/User/UserCrudTest.php(102): Illuminate/Foundation/Testing/TestCase->deleteJson('/api/v1/users/2...')
#41 C:/Users/ALI/Desktop/dar-al-ajneha/backend/vendor/pestphp/pest/src/Factories/TestCaseMethodFactory.php(177): P/Tests/Feature/User/UserCrudTest->{closure:C:/Users/ALI/Desktop/dar-al-ajneha/backend/tests/Feature/User/UserCrudTest.php:94}()
#42 [internal function]: P/Tests/Feature/User/UserCrudTest->{closure:Pest/Factories/TestCaseMethodFactory::getClosure():167}()
#43 C:/Users/ALI/Desktop/dar-al-ajneha/backend/vendor/pestphp/pest/src/Concerns/Testable.php(514): call_user_func_array(Object(Closure), Array)
#44 C:/Users/ALI/Desktop/dar-al-ajneha/backend/vendor/pestphp/pest/src/Support/ExceptionTrace.php(26): P/Tests/Feature/User/UserCrudTest->{closure:Pest/Concerns/Testable::__callClosure():514}()
#45 C:/Users/ALI/Desktop/dar-al-ajneha/backend/vendor/pestphp/pest/src/Concerns/Testable.php(514): Pest/Support/ExceptionTrace::ensure(Object(Closure))
#46 C:/Users/ALI/Desktop/dar-al-ajneha/backend/vendor/pestphp/pest/src/Concerns/Testable.php(336): P/Tests/Feature/User/UserCrudTest->__callClosure(Object(Closure), Array)
#47 C:/Users/ALI/Desktop/dar-al-ajneha/backend/vendor/pestphp/pest/src/Factories/TestCaseFactory.php(179) : eval()'d code(113): P/Tests/Feature/User/UserCrudTest->__runTest(Object(Closure))
#48 C:/Users/ALI/Desktop/dar-al-ajneha/backend/vendor/phpunit/phpunit/src/Framework/TestCase.php(1318): P/Tests/Feature/User/UserCrudTest->__pest_evaluable_delete_other_with_users_delete_returns_204()
#49 C:/Users/ALI/Desktop/dar-al-ajneha/backend/vendor/phpunit/phpunit/src/Framework/TestCase.php(1355): PHPUnit/Framework/TestCase->invokeTestMethod('__pest_evaluabl...', Array)
#50 C:/Users/ALI/Desktop/dar-al-ajneha/backend/vendor/phpunit/phpunit/src/Framework/TestCase.php(521): PHPUnit/Framework/TestCase->runTest()
#51 C:/Users/ALI/Desktop/dar-al-ajneha/backend/vendor/phpunit/phpunit/src/Framework/TestRunner/TestRunner.php(99): PHPUnit/Framework/TestCase->runBare()
#52 C:/Users/ALI/Desktop/dar-al-ajneha/backend/vendor/phpunit/phpunit/src/Framework/TestCase.php(361): PHPUnit/Framework/TestRunner->run(Object(P/Tests/Feature/User/UserCrudTest))
#53 C:/Users/ALI/Desktop/dar-al-ajneha/backend/vendor/phpunit/phpunit/src/Framework/TestSuite.php(374): PHPUnit/Framework/TestCase->run()
#54 C:/Users/ALI/Desktop/dar-al-ajneha/backend/vendor/phpunit/phpunit/src/Framework/TestSuite.php(374): PHPUnit/Framework/TestSuite->run()
#55 C:/Users/ALI/Desktop/dar-al-ajneha/backend/vendor/phpunit/phpunit/src/Framework/TestSuite.php(374): PHPUnit/Framework/TestSuite->run()
#56 C:/Users/ALI/Desktop/dar-al-ajneha/backend/vendor/phpunit/phpunit/src/TextUI/TestRunner.php(64): PHPUnit/Framework/TestSuite->run()
#57 C:/Users/ALI/Desktop/dar-al-ajneha/backend/vendor/phpunit/phpunit/src/TextUI/Application.php(229): PHPUnit/TextUI/TestRunner->run(Object(PHPUnit/TextUI/Configuration/Configuration), Object(PHPUnit/Runner/ResultCache/DefaultResultCache), Object(PHPUnit/Framework/TestSuite))
#58 C:/Users/ALI/Desktop/dar-al-ajneha/backend/vendor/pestphp/pest/src/Kernel.php(103): PHPUnit/TextUI/Application->run(Array)
#59 C:/Users/ALI/Desktop/dar-al-ajneha/backend/vendor/pestphp/pest/bin/pest(196): Pest/Kernel->handle(Array, Array)
#60 C:/Users/ALI/Desktop/dar-al-ajneha/backend/vendor/pestphp/pest/bin/pest(204): {closure:C:/Users/ALI/Desktop/dar-al-ajneha/backend/vendor/pestphp/pest/bin/pest:19}()
#61 {main}
"} 
[2026-09-28 15:51:59] testing.ERROR: Call to undefined method App\Http\Controllers\User\UserController::authorize() {"userId":25,"exception":"[object] (Error(code: 0): Call to undefined method App\\Http\\Controllers\\User\\UserController::authorize() at C:/Users/ALI/Desktop/dar-al-ajneha/backend/app/Http/Controllers/User/UserController.php:20)
[stacktrace]
#0 C:/Users/ALI/Desktop/dar-al-ajneha/backend/vendor/laravel/framework/src/Illuminate/Routing/ControllerDispatcher.php(46): App/Http/Controllers/User/UserController->index(Object(Illuminate/Http/Request))
#1 C:/Users/ALI/Desktop/dar-al-ajneha/backend/vendor/laravel/framework/src/Illuminate/Routing/Route.php(276): Illuminate/Routing/ControllerDispatcher->dispatch(Object(Illuminate/Routing/Route), Object(App/Http/Controllers/User/UserController), 'index')
#2 C:/Users/ALI/Desktop/dar-al-ajneha/backend/vendor/laravel/framework/src/Illuminate/Routing/Route.php(216): Illuminate/Routing/Route->runController()
#3 C:/Users/ALI/Desktop/dar-al-ajneha/backend/vendor/laravel/framework/src/Illuminate/Routing/Router.php(822): Illuminate/Routing/Route->run()
#4 C:/Users/ALI/Desktop/dar-al-ajneha/backend/vendor/laravel/framework/src/Illuminate/Pipeline/Pipeline.php(180): Illuminate/Routing/Router->{closure:Illuminate/Routing/Router::runRouteWithinStack():821}(Object(Illuminate/Http/Request))
#5 C:/Users/ALI/Desktop/dar-al-ajneha/backend/vendor/laravel/framework/src/Illuminate/Routing/Middleware/SubstituteBindings.php(52): Illuminate/Pipeline/Pipeline->{closure:Illuminate/Pipeline/Pipeline::prepareDestination():178}(Object(Illuminate/Http/Request))
#6 C:/Users/ALI/Desktop/dar-al-ajneha/backend/vendor/laravel/framework/src/Illuminate/Pipeline/Pipeline.php(219): Illuminate/Routing/Middleware/SubstituteBindings->handle(Object(Illuminate/Http/Request), Object(Closure))
#7 C:/Users/ALI/Desktop/dar-al-ajneha/backend/vendor/laravel/framework/src/Illuminate/Auth/Middleware/Authenticate.php(63): Illuminate/Pipeline/Pipeline->{closure:{closure:Illuminate/Pipeline/Pipeline::carry():194}:195}(Object(Illuminate/Http/Request))
#8 C:/Users/ALI/Desktop/dar-al-ajneha/backend/vendor/laravel/framework/src/Illuminate/Pipeline/Pipeline.php(219): Illuminate/Auth/Middleware/Authenticate->handle(Object(Illuminate/Http/Request), Object(Closure), 'sanctum')
#9 C:/Users/ALI/Desktop/dar-al-ajneha/backend/vendor/laravel/framework/src/Illuminate/Pipeline/Pipeline.php(137): Illuminate/Pipeline/Pipeline->{closure:{closure:Illuminate/Pipeline/Pipeline::carry():194}:195}(Object(Illuminate/Http/Request))
#10 C:/Users/ALI/Desktop/dar-al-ajneha/backend/vendor/laravel/framework/src/Illuminate/Routing/Router.php(821): Illuminate/Pipeline/Pipeline->then(Object(Closure))
#11 C:/Users/ALI/Desktop/dar-al-ajneha/backend/vendor/laravel/framework/src/Illuminate/Routing/Router.php(800): Illuminate/Routing/Router->runRouteWithinStack(Object(Illuminate/Routing/Route), Object(Illuminate/Http/Request))
#12 C:/Users/ALI/Desktop/dar-al-ajneha/backend/vendor/laravel/framework/src/Illuminate/Routing/Router.php(764): Illuminate/Routing/Router->runRoute(Object(Illuminate/Http/Request), Object(Illuminate/Routing/Route))
#13 C:/Users/ALI/Desktop/dar-al-ajneha/backend/vendor/laravel/framework/src/Illuminate/Routing/Router.php(753): Illuminate/Routing/Router->dispatchToRoute(Object(Illuminate/Http/Request))
#14 C:/Users/ALI/Desktop/dar-al-ajneha/backend/vendor/laravel/framework/src/Illuminate/Foundation/Http/Kernel.php(200): Illuminate/Routing/Router->dispatch(Object(Illuminate/Http/Request))
#15 C:/Users/ALI/Desktop/dar-al-ajneha/backend/vendor/laravel/framework/src/Illuminate/Pipeline/Pipeline.php(180): Illuminate/Foundation/Http/Kernel->{closure:Illuminate/Foundation/Http/Kernel::dispatchToRouter():197}(Object(Illuminate/Http/Request))
#16 C:/Users/ALI/Desktop/dar-al-ajneha/backend/vendor/laravel/framework/src/Illuminate/Foundation/Http/Middleware/TransformsRequest.php(21): Illuminate/Pipeline/Pipeline->{closure:Illuminate/Pipeline/Pipeline::prepareDestination():178}(Object(Illuminate/Http/Request))
#17 C:/Users/ALI/Desktop/dar-al-ajneha/backend/vendor/laravel/framework/src/Illuminate/Foundation/Http/Middleware/ConvertEmptyStringsToNull.php(31): Illuminate/Foundation/Http/Middleware/TransformsRequest->handle(Object(Illuminate/Http/Request), Object(Closure))
#18 C:/Users/ALI/Desktop/dar-al-ajneha/backend/vendor/laravel/framework/src/Illuminate/Pipeline/Pipeline.php(219): Illuminate/Foundation/Http/Middleware/ConvertEmptyStringsToNull->handle(Object(Illuminate/Http/Request), Object(Closure))
#19 C:/Users/ALI/Desktop/dar-al-ajneha/backend/vendor/laravel/framework/src/Illuminate/Foundation/Http/Middleware/TransformsRequest.php(21): Illuminate/Pipeline/Pipeline->{closure:{closure:Illuminate/Pipeline/Pipeline::carry():194}:195}(Object(Illuminate/Http/Request))
#20 C:/Users/ALI/Desktop/dar-al-ajneha/backend/vendor/laravel/framework/src/Illuminate/Foundation/Http/Middleware/TrimStrings.php(51): Illuminate/Foundation/Http/Middleware/TransformsRequest->handle(Object(Illuminate/Http/Request), Object(Closure))
#21 C:/Users/ALI/Desktop/dar-al-ajneha/backend/vendor/laravel/framework/src/Illuminate/Pipeline/Pipeline.php(219): Illuminate/Foundation/Http/Middleware/TrimStrings->handle(Object(Illuminate/Http/Request), Object(Closure))
#22 C:/Users/ALI/Desktop/dar-al-ajneha/backend/vendor/laravel/framework/src/Illuminate/Http/Middleware/ValidatePostSize.php(27): Illuminate/Pipeline/Pipeline->{closure:{closure:Illuminate/Pipeline/Pipeline::carry():194}:195}(Object(Illuminate/Http/Request))
#23 C:/Users/ALI/Desktop/dar-al-ajneha/backend/vendor/laravel/framework/src/Illuminate/Pipeline/Pipeline.php(219): Illuminate/Http/Middleware/ValidatePostSize->handle(Object(Illuminate/Http/Request), Object(Closure))
#24 C:/Users/ALI/Desktop/dar-al-ajneha/backend/vendor/laravel/framework/src/Illuminate/Foundation/Http/Middleware/PreventRequestsDuringMaintenance.php(110): Illuminate/Pipeline/Pipeline->{closure:{closure:Illuminate/Pipeline/Pipeline::carry():194}:195}(Object(Illuminate/Http/Request))
#25 C:/Users/ALI/Desktop/dar-al-ajneha/backend/vendor/laravel/framework/src/Illuminate/Pipeline/Pipeline.php(219): Illuminate/Foundation/Http/Middleware/PreventRequestsDuringMaintenance->handle(Object(Illuminate/Http/Request), Object(Closure))
#26 C:/Users/ALI/Desktop/dar-al-ajneha/backend/vendor/laravel/framework/src/Illuminate/Http/Middleware/HandleCors.php(74): Illuminate/Pipeline/Pipeline->{closure:{closure:Illuminate/Pipeline/Pipeline::carry():194}:195}(Object(Illuminate/Http/Request))
#27 C:/Users/ALI/Desktop/dar-al-ajneha/backend/vendor/laravel/framework/src/Illuminate/Pipeline/Pipeline.php(219): Illuminate/Http/Middleware/HandleCors->handle(Object(Illuminate/Http/Request), Object(Closure))
#28 C:/Users/ALI/Desktop/dar-al-ajneha/backend/vendor/laravel/framework/src/Illuminate/Http/Middleware/TrustProxies.php(58): Illuminate/Pipeline/Pipeline->{closure:{closure:Illuminate/Pipeline/Pipeline::carry():194}:195}(Object(Illuminate/Http/Request))
#29 C:/Users/ALI/Desktop/dar-al-ajneha/backend/vendor/laravel/framework/src/Illuminate/Pipeline/Pipeline.php(219): Illuminate/Http/Middleware/TrustProxies->handle(Object(Illuminate/Http/Request), Object(Closure))
#30 C:/Users/ALI/Desktop/dar-al-ajneha/backend/vendor/laravel/framework/src/Illuminate/Foundation/Http/Middleware/InvokeDeferredCallbacks.php(22): Illuminate/Pipeline/Pipeline->{closure:{closure:Illuminate/Pipeline/Pipeline::carry():194}:195}(Object(Illuminate/Http/Request))
#31 C:/Users/ALI/Desktop/dar-al-ajneha/backend/vendor/laravel/framework/src/Illuminate/Pipeline/Pipeline.php(219): Illuminate/Foundation/Http/Middleware/InvokeDeferredCallbacks->handle(Object(Illuminate/Http/Request), Object(Closure))
#32 C:/Users/ALI/Desktop/dar-al-ajneha/backend/vendor/laravel/framework/src/Illuminate/Http/Middleware/ValidatePathEncoding.php(28): Illuminate/Pipeline/Pipeline->{closure:{closure:Illuminate/Pipeline/Pipeline::carry():194}:195}(Object(Illuminate/Http/Request))
#33 C:/Users/ALI/Desktop/dar-al-ajneha/backend/vendor/laravel/framework/src/Illuminate/Pipeline/Pipeline.php(219): Illuminate/Http/Middleware/ValidatePathEncoding->handle(Object(Illuminate/Http/Request), Object(Closure))
#34 C:/Users/ALI/Desktop/dar-al-ajneha/backend/vendor/laravel/framework/src/Illuminate/Pipeline/Pipeline.php(137): Illuminate/Pipeline/Pipeline->{closure:{closure:Illuminate/Pipeline/Pipeline::carry():194}:195}(Object(Illuminate/Http/Request))
#35 C:/Users/ALI/Desktop/dar-al-ajneha/backend/vendor/laravel/framework/src/Illuminate/Foundation/Http/Kernel.php(175): Illuminate/Pipeline/Pipeline->then(Object(Closure))
#36 C:/Users/ALI/Desktop/dar-al-ajneha/backend/vendor/laravel/framework/src/Illuminate/Foundation/Http/Kernel.php(144): Illuminate/Foundation/Http/Kernel->sendRequestThroughRouter(Object(Illuminate/Http/Request))
#37 C:/Users/ALI/Desktop/dar-al-ajneha/backend/vendor/laravel/framework/src/Illuminate/Foundation/Testing/Concerns/MakesHttpRequests.php(638): Illuminate/Foundation/Http/Kernel->handle(Object(Illuminate/Http/Request))
#38 C:/Users/ALI/Desktop/dar-al-ajneha/backend/vendor/laravel/framework/src/Illuminate/Foundation/Testing/Concerns/MakesHttpRequests.php(604): Illuminate/Foundation/Testing/TestCase->call('GET', '/api/v1/users', Array, Array, Array, Array, '[]')
#39 C:/Users/ALI/Desktop/dar-al-ajneha/backend/vendor/laravel/framework/src/Illuminate/Foundation/Testing/Concerns/MakesHttpRequests.php(381): Illuminate/Foundation/Testing/TestCase->json('GET', '/api/v1/users', Array, Array, 0)
#40 C:/Users/ALI/Desktop/dar-al-ajneha/backend/tests/Feature/User/UserCrudTest.php(117): Illuminate/Foundation/Testing/TestCase->getJson('/api/v1/users')
#41 C:/Users/ALI/Desktop/dar-al-ajneha/backend/vendor/pestphp/pest/src/Factories/TestCaseMethodFactory.php(177): P/Tests/Feature/User/UserCrudTest->{closure:C:/Users/ALI/Desktop/dar-al-ajneha/backend/tests/Feature/User/UserCrudTest.php:108}()
#42 [internal function]: P/Tests/Feature/User/UserCrudTest->{closure:Pest/Factories/TestCaseMethodFactory::getClosure():167}()
#43 C:/Users/ALI/Desktop/dar-al-ajneha/backend/vendor/pestphp/pest/src/Concerns/Testable.php(514): call_user_func_array(Object(Closure), Array)
#44 C:/Users/ALI/Desktop/dar-al-ajneha/backend/vendor/pestphp/pest/src/Support/ExceptionTrace.php(26): P/Tests/Feature/User/UserCrudTest->{closure:Pest/Concerns/Testable::__callClosure():514}()
#45 C:/Users/ALI/Desktop/dar-al-ajneha/backend/vendor/pestphp/pest/src/Concerns/Testable.php(514): Pest/Support/ExceptionTrace::ensure(Object(Closure))
#46 C:/Users/ALI/Desktop/dar-al-ajneha/backend/vendor/pestphp/pest/src/Concerns/Testable.php(336): P/Tests/Feature/User/UserCrudTest->__callClosure(Object(Closure), Array)
#47 C:/Users/ALI/Desktop/dar-al-ajneha/backend/vendor/pestphp/pest/src/Factories/TestCaseFactory.php(179) : eval()'d code(126): P/Tests/Feature/User/UserCrudTest->__runTest(Object(Closure))
#48 C:/Users/ALI/Desktop/dar-al-ajneha/backend/vendor/phpunit/phpunit/src/Framework/TestCase.php(1318): P/Tests/Feature/User/UserCrudTest->__pest_evaluable_soft_deleted_user_missing_from_list()
#49 C:/Users/ALI/Desktop/dar-al-ajneha/backend/vendor/phpunit/phpunit/src/Framework/TestCase.php(1355): PHPUnit/Framework/TestCase->invokeTestMethod('__pest_evaluabl...', Array)
#50 C:/Users/ALI/Desktop/dar-al-ajneha/backend/vendor/phpunit/phpunit/src/Framework/TestCase.php(521): PHPUnit/Framework/TestCase->runTest()
#51 C:/Users/ALI/Desktop/dar-al-ajneha/backend/vendor/phpunit/phpunit/src/Framework/TestRunner/TestRunner.php(99): PHPUnit/Framework/TestCase->runBare()
#52 C:/Users/ALI/Desktop/dar-al-ajneha/backend/vendor/phpunit/phpunit/src/Framework/TestCase.php(361): PHPUnit/Framework/TestRunner->run(Object(P/Tests/Feature/User/UserCrudTest))
#53 C:/Users/ALI/Desktop/dar-al-ajneha/backend/vendor/phpunit/phpunit/src/Framework/TestSuite.php(374): PHPUnit/Framework/TestCase->run()
#54 C:/Users/ALI/Desktop/dar-al-ajneha/backend/vendor/phpunit/phpunit/src/Framework/TestSuite.php(374): PHPUnit/Framework/TestSuite->run()
#55 C:/Users/ALI/Desktop/dar-al-ajneha/backend/vendor/phpunit/phpunit/src/Framework/TestSuite.php(374): PHPUnit/Framework/TestSuite->run()
#56 C:/Users/ALI/Desktop/dar-al-ajneha/backend/vendor/phpunit/phpunit/src/TextUI/TestRunner.php(64): PHPUnit/Framework/TestSuite->run()
#57 C:/Users/ALI/Desktop/dar-al-ajneha/backend/vendor/phpunit/phpunit/src/TextUI/Application.php(229): PHPUnit/TextUI/TestRunner->run(Object(PHPUnit/TextUI/Configuration/Configuration), Object(PHPUnit/Runner/ResultCache/DefaultResultCache), Object(PHPUnit/Framework/TestSuite))
#58 C:/Users/ALI/Desktop/dar-al-ajneha/backend/vendor/pestphp/pest/src/Kernel.php(103): PHPUnit/TextUI/Application->run(Array)
#59 C:/Users/ALI/Desktop/dar-al-ajneha/backend/vendor/pestphp/pest/bin/pest(196): Pest/Kernel->handle(Array, Array)
#60 C:/Users/ALI/Desktop/dar-al-ajneha/backend/vendor/pestphp/pest/bin/pest(204): {closure:C:/Users/ALI/Desktop/dar-al-ajneha/backend/vendor/pestphp/pest/bin/pest:19}()
#61 {main}
"} 
[2026-09-29 15:41:44] testing.ERROR: Undefined property: Illuminate\Http\Resources\MissingValue::$id {"userId":66,"exception":"[object] (ErrorException(code: 0): Undefined property: Illuminate\\Http\\Resources\\MissingValue::$id at C:/Users/ALI/Desktop/dar-al-ajneha/backend/vendor/laravel/framework/src/Illuminate/Http/Resources/DelegatesToResource.php:139)
[stacktrace]
#0 C:/Users/ALI/Desktop/dar-al-ajneha/backend/vendor/laravel/framework/src/Illuminate/Foundation/Bootstrap/HandleExceptions.php(265): Illuminate/Foundation/Bootstrap/HandleExceptions->handleError(2, 'Undefined prope...', 'C://Users//ALI//De...', 139)
#1 C:/Users/ALI/Desktop/dar-al-ajneha/backend/vendor/laravel/framework/src/Illuminate/Http/Resources/DelegatesToResource.php(139): Illuminate/Foundation/Bootstrap/HandleExceptions->{closure:Illuminate/Foundation/Bootstrap/HandleExceptions::forwardsTo():264}(2, 'Undefined prope...', 'C://Users//ALI//De...', 139)
#2 C:/Users/ALI/Desktop/dar-al-ajneha/backend/app/Http/Resources/UserResource.php(13): Illuminate/Http/Resources/Json/JsonResource->__get('id')
#3 C:/Users/ALI/Desktop/dar-al-ajneha/backend/vendor/laravel/framework/src/Illuminate/Http/Resources/Json/JsonResource.php(147): App/Http/Resources/UserResource->toArray(Object(Illuminate/Http/Request))
#4 C:/Users/ALI/Desktop/dar-al-ajneha/backend/vendor/laravel/framework/src/Illuminate/Http/Resources/Json/JsonResource.php(158): Illuminate/Http/Resources/Json/JsonResource->toAttributes(Object(Illuminate/Http/Request))
#5 C:/Users/ALI/Desktop/dar-al-ajneha/backend/vendor/laravel/framework/src/Illuminate/Http/Resources/Json/JsonResource.php(122): Illuminate/Http/Resources/Json/JsonResource->resolveResourceData(Object(Illuminate/Http/Request))
#6 C:/Users/ALI/Desktop/dar-al-ajneha/backend/vendor/laravel/framework/src/Illuminate/Http/Resources/Json/JsonResource.php(318): Illuminate/Http/Resources/Json/JsonResource->resolve(Object(Illuminate/Http/Request))
#7 [internal function]: Illuminate/Http/Resources/Json/JsonResource->jsonSerialize()
#8 C:/Users/ALI/Desktop/dar-al-ajneha/backend/vendor/laravel/framework/src/Illuminate/Http/JsonResponse.php(87): json_encode(Array, 0)
#9 C:/Users/ALI/Desktop/dar-al-ajneha/backend/vendor/symfony/http-foundation/JsonResponse.php(49): Illuminate/Http/JsonResponse->setData(Array)
#10 C:/Users/ALI/Desktop/dar-al-ajneha/backend/vendor/laravel/framework/src/Illuminate/Http/JsonResponse.php(31): Symfony/Component/HttpFoundation/JsonResponse->__construct(Array, 200, Array, false)
#11 C:/Users/ALI/Desktop/dar-al-ajneha/backend/vendor/laravel/framework/src/Illuminate/Routing/ResponseFactory.php(105): Illuminate/Http/JsonResponse->__construct(Array, 200, Array, 0)
#12 C:/Users/ALI/Desktop/dar-al-ajneha/backend/app/Http/Controllers/Book/BookController.php(58): Illuminate/Routing/ResponseFactory->json(Array)
#13 C:/Users/ALI/Desktop/dar-al-ajneha/backend/vendor/laravel/framework/src/Illuminate/Routing/Controller.php(54): App/Http/Controllers/Book/BookController->show(Object(Illuminate/Http/Request), Object(App/Models/Book))
#14 C:/Users/ALI/Desktop/dar-al-ajneha/backend/vendor/laravel/framework/src/Illuminate/Routing/ControllerDispatcher.php(43): Illuminate/Routing/Controller->callAction('show', Array)
#15 C:/Users/ALI/Desktop/dar-al-ajneha/backend/vendor/laravel/framework/src/Illuminate/Routing/Route.php(276): Illuminate/Routing/ControllerDispatcher->dispatch(Object(Illuminate/Routing/Route), Object(App/Http/Controllers/Book/BookController), 'show')
#16 C:/Users/ALI/Desktop/dar-al-ajneha/backend/vendor/laravel/framework/src/Illuminate/Routing/Route.php(216): Illuminate/Routing/Route->runController()
#17 C:/Users/ALI/Desktop/dar-al-ajneha/backend/vendor/laravel/framework/src/Illuminate/Routing/Router.php(822): Illuminate/Routing/Route->run()
#18 C:/Users/ALI/Desktop/dar-al-ajneha/backend/vendor/laravel/framework/src/Illuminate/Pipeline/Pipeline.php(180): Illuminate/Routing/Router->{closure:Illuminate/Routing/Router::runRouteWithinStack():821}(Object(Illuminate/Http/Request))
#19 C:/Users/ALI/Desktop/dar-al-ajneha/backend/vendor/laravel/framework/src/Illuminate/Routing/Middleware/SubstituteBindings.php(52): Illuminate/Pipeline/Pipeline->{closure:Illuminate/Pipeline/Pipeline::prepareDestination():178}(Object(Illuminate/Http/Request))
#20 C:/Users/ALI/Desktop/dar-al-ajneha/backend/vendor/laravel/framework/src/Illuminate/Pipeline/Pipeline.php(219): Illuminate/Routing/Middleware/SubstituteBindings->handle(Object(Illuminate/Http/Request), Object(Closure))
#21 C:/Users/ALI/Desktop/dar-al-ajneha/backend/vendor/laravel/framework/src/Illuminate/Auth/Middleware/Authenticate.php(63): Illuminate/Pipeline/Pipeline->{closure:{closure:Illuminate/Pipeline/Pipeline::carry():194}:195}(Object(Illuminate/Http/Request))
#22 C:/Users/ALI/Desktop/dar-al-ajneha/backend/vendor/laravel/framework/src/Illuminate/Pipeline/Pipeline.php(219): Illuminate/Auth/Middleware/Authenticate->handle(Object(Illuminate/Http/Request), Object(Closure), 'sanctum')
#23 C:/Users/ALI/Desktop/dar-al-ajneha/backend/vendor/laravel/framework/src/Illuminate/Pipeline/Pipeline.php(137): Illuminate/Pipeline/Pipeline->{closure:{closure:Illuminate/Pipeline/Pipeline::carry():194}:195}(Object(Illuminate/Http/Request))
#24 C:/Users/ALI/Desktop/dar-al-ajneha/backend/vendor/laravel/framework/src/Illuminate/Routing/Router.php(821): Illuminate/Pipeline/Pipeline->then(Object(Closure))
#25 C:/Users/ALI/Desktop/dar-al-ajneha/backend/vendor/laravel/framework/src/Illuminate/Routing/Router.php(800): Illuminate/Routing/Router->runRouteWithinStack(Object(Illuminate/Routing/Route), Object(Illuminate/Http/Request))
#26 C:/Users/ALI/Desktop/dar-al-ajneha/backend/vendor/laravel/framework/src/Illuminate/Routing/Router.php(764): Illuminate/Routing/Router->runRoute(Object(Illuminate/Http/Request), Object(Illuminate/Routing/Route))
#27 C:/Users/ALI/Desktop/dar-al-ajneha/backend/vendor/laravel/framework/src/Illuminate/Routing/Router.php(753): Illuminate/Routing/Router->dispatchToRoute(Object(Illuminate/Http/Request))
#28 C:/Users/ALI/Desktop/dar-al-ajneha/backend/vendor/laravel/framework/src/Illuminate/Foundation/Http/Kernel.php(200): Illuminate/Routing/Router->dispatch(Object(Illuminate/Http/Request))
#29 C:/Users/ALI/Desktop/dar-al-ajneha/backend/vendor/laravel/framework/src/Illuminate/Pipeline/Pipeline.php(180): Illuminate/Foundation/Http/Kernel->{closure:Illuminate/Foundation/Http/Kernel::dispatchToRouter():197}(Object(Illuminate/Http/Request))
#30 C:/Users/ALI/Desktop/dar-al-ajneha/backend/vendor/laravel/framework/src/Illuminate/Foundation/Http/Middleware/TransformsRequest.php(21): Illuminate/Pipeline/Pipeline->{closure:Illuminate/Pipeline/Pipeline::prepareDestination():178}(Object(Illuminate/Http/Request))
#31 C:/Users/ALI/Desktop/dar-al-ajneha/backend/vendor/laravel/framework/src/Illuminate/Foundation/Http/Middleware/ConvertEmptyStringsToNull.php(31): Illuminate/Foundation/Http/Middleware/TransformsRequest->handle(Object(Illuminate/Http/Request), Object(Closure))
#32 C:/Users/ALI/Desktop/dar-al-ajneha/backend/vendor/laravel/framework/src/Illuminate/Pipeline/Pipeline.php(219): Illuminate/Foundation/Http/Middleware/ConvertEmptyStringsToNull->handle(Object(Illuminate/Http/Request), Object(Closure))
#33 C:/Users/ALI/Desktop/dar-al-ajneha/backend/vendor/laravel/framework/src/Illuminate/Foundation/Http/Middleware/TransformsRequest.php(21): Illuminate/Pipeline/Pipeline->{closure:{closure:Illuminate/Pipeline/Pipeline::carry():194}:195}(Object(Illuminate/Http/Request))
#34 C:/Users/ALI/Desktop/dar-al-ajneha/backend/vendor/laravel/framework/src/Illuminate/Foundation/Http/Middleware/TrimStrings.php(51): Illuminate/Foundation/Http/Middleware/TransformsRequest->handle(Object(Illuminate/Http/Request), Object(Closure))
#35 C:/Users/ALI/Desktop/dar-al-ajneha/backend/vendor/laravel/framework/src/Illuminate/Pipeline/Pipeline.php(219): Illuminate/Foundation/Http/Middleware/TrimStrings->handle(Object(Illuminate/Http/Request), Object(Closure))
#36 C:/Users/ALI/Desktop/dar-al-ajneha/backend/vendor/laravel/framework/src/Illuminate/Http/Middleware/ValidatePostSize.php(27): Illuminate/Pipeline/Pipeline->{closure:{closure:Illuminate/Pipeline/Pipeline::carry():194}:195}(Object(Illuminate/Http/Request))
#37 C:/Users/ALI/Desktop/dar-al-ajneha/backend/vendor/laravel/framework/src/Illuminate/Pipeline/Pipeline.php(219): Illuminate/Http/Middleware/ValidatePostSize->handle(Object(Illuminate/Http/Request), Object(Closure))
#38 C:/Users/ALI/Desktop/dar-al-ajneha/backend/vendor/laravel/framework/src/Illuminate/Foundation/Http/Middleware/PreventRequestsDuringMaintenance.php(110): Illuminate/Pipeline/Pipeline->{closure:{closure:Illuminate/Pipeline/Pipeline::carry():194}:195}(Object(Illuminate/Http/Request))
#39 C:/Users/ALI/Desktop/dar-al-ajneha/backend/vendor/laravel/framework/src/Illuminate/Pipeline/Pipeline.php(219): Illuminate/Foundation/Http/Middleware/PreventRequestsDuringMaintenance->handle(Object(Illuminate/Http/Request), Object(Closure))
#40 C:/Users/ALI/Desktop/dar-al-ajneha/backend/vendor/laravel/framework/src/Illuminate/Http/Middleware/HandleCors.php(74): Illuminate/Pipeline/Pipeline->{closure:{closure:Illuminate/Pipeline/Pipeline::carry():194}:195}(Object(Illuminate/Http/Request))
#41 C:/Users/ALI/Desktop/dar-al-ajneha/backend/vendor/laravel/framework/src/Illuminate/Pipeline/Pipeline.php(219): Illuminate/Http/Middleware/HandleCors->handle(Object(Illuminate/Http/Request), Object(Closure))
#42 C:/Users/ALI/Desktop/dar-al-ajneha/backend/vendor/laravel/framework/src/Illuminate/Http/Middleware/TrustProxies.php(58): Illuminate/Pipeline/Pipeline->{closure:{closure:Illuminate/Pipeline/Pipeline::carry():194}:195}(Object(Illuminate/Http/Request))
#43 C:/Users/ALI/Desktop/dar-al-ajneha/backend/vendor/laravel/framework/src/Illuminate/Pipeline/Pipeline.php(219): Illuminate/Http/Middleware/TrustProxies->handle(Object(Illuminate/Http/Request), Object(Closure))
#44 C:/Users/ALI/Desktop/dar-al-ajneha/backend/vendor/laravel/framework/src/Illuminate/Foundation/Http/Middleware/InvokeDeferredCallbacks.php(22): Illuminate/Pipeline/Pipeline->{closure:{closure:Illuminate/Pipeline/Pipeline::carry():194}:195}(Object(Illuminate/Http/Request))
#45 C:/Users/ALI/Desktop/dar-al-ajneha/backend/vendor/laravel/framework/src/Illuminate/Pipeline/Pipeline.php(219): Illuminate/Foundation/Http/Middleware/InvokeDeferredCallbacks->handle(Object(Illuminate/Http/Request), Object(Closure))
#46 C:/Users/ALI/Desktop/dar-al-ajneha/backend/vendor/laravel/framework/src/Illuminate/Http/Middleware/ValidatePathEncoding.php(28): Illuminate/Pipeline/Pipeline->{closure:{closure:Illuminate/Pipeline/Pipeline::carry():194}:195}(Object(Illuminate/Http/Request))
#47 C:/Users/ALI/Desktop/dar-al-ajneha/backend/vendor/laravel/framework/src/Illuminate/Pipeline/Pipeline.php(219): Illuminate/Http/Middleware/ValidatePathEncoding->handle(Object(Illuminate/Http/Request), Object(Closure))
#48 C:/Users/ALI/Desktop/dar-al-ajneha/backend/vendor/laravel/framework/src/Illuminate/Pipeline/Pipeline.php(137): Illuminate/Pipeline/Pipeline->{closure:{closure:Illuminate/Pipeline/Pipeline::carry():194}:195}(Object(Illuminate/Http/Request))
#49 C:/Users/ALI/Desktop/dar-al-ajneha/backend/vendor/laravel/framework/src/Illuminate/Foundation/Http/Kernel.php(175): Illuminate/Pipeline/Pipeline->then(Object(Closure))
#50 C:/Users/ALI/Desktop/dar-al-ajneha/backend/vendor/laravel/framework/src/Illuminate/Foundation/Http/Kernel.php(144): Illuminate/Foundation/Http/Kernel->sendRequestThroughRouter(Object(Illuminate/Http/Request))
#51 C:/Users/ALI/Desktop/dar-al-ajneha/backend/vendor/laravel/framework/src/Illuminate/Foundation/Testing/Concerns/MakesHttpRequests.php(638): Illuminate/Foundation/Http/Kernel->handle(Object(Illuminate/Http/Request))
#52 C:/Users/ALI/Desktop/dar-al-ajneha/backend/vendor/laravel/framework/src/Illuminate/Foundation/Testing/Concerns/MakesHttpRequests.php(604): Illuminate/Foundation/Testing/TestCase->call('GET', '/api/v1/books/2...', Array, Array, Array, Array, '[]')
#53 C:/Users/ALI/Desktop/dar-al-ajneha/backend/vendor/laravel/framework/src/Illuminate/Foundation/Testing/Concerns/MakesHttpRequests.php(381): Illuminate/Foundation/Testing/TestCase->json('GET', '/api/v1/books/2...', Array, Array, 0)
#54 C:/Users/ALI/Desktop/dar-al-ajneha/backend/tests/Feature/Media/MediaAttachmentTest.php(165): Illuminate/Foundation/Testing/TestCase->getJson('/api/v1/books/2...')
#55 C:/Users/ALI/Desktop/dar-al-ajneha/backend/vendor/pestphp/pest/src/Factories/TestCaseMethodFactory.php(177): P/Tests/Feature/Media/MediaAttachmentTest->{closure:C:/Users/ALI/Desktop/dar-al-ajneha/backend/tests/Feature/Media/MediaAttachmentTest.php:157}()
#56 [internal function]: P/Tests/Feature/Media/MediaAttachmentTest->{closure:Pest/Factories/TestCaseMethodFactory::getClosure():167}()
#57 C:/Users/ALI/Desktop/dar-al-ajneha/backend/vendor/pestphp/pest/src/Concerns/Testable.php(514): call_user_func_array(Object(Closure), Array)
#58 C:/Users/ALI/Desktop/dar-al-ajneha/backend/vendor/pestphp/pest/src/Support/ExceptionTrace.php(26): P/Tests/Feature/Media/MediaAttachmentTest->{closure:Pest/Concerns/Testable::__callClosure():514}()
#59 C:/Users/ALI/Desktop/dar-al-ajneha/backend/vendor/pestphp/pest/src/Concerns/Testable.php(514): Pest/Support/ExceptionTrace::ensure(Object(Closure))
#60 C:/Users/ALI/Desktop/dar-al-ajneha/backend/vendor/pestphp/pest/src/Concerns/Testable.php(336): P/Tests/Feature/Media/MediaAttachmentTest->__callClosure(Object(Closure), Array)
#61 C:/Users/ALI/Desktop/dar-al-ajneha/backend/vendor/pestphp/pest/src/Factories/TestCaseFactory.php(179) : eval()'d code(126): P/Tests/Feature/Media/MediaAttachmentTest->__runTest(Object(Closure))
#62 C:/Users/ALI/Desktop/dar-al-ajneha/backend/vendor/phpunit/phpunit/src/Framework/TestCase.php(1318): P/Tests/Feature/Media/MediaAttachmentTest->__pest_evaluable_book_show_includes_attached_media_with_pivot_type()
#63 C:/Users/ALI/Desktop/dar-al-ajneha/backend/vendor/phpunit/phpunit/src/Framework/TestCase.php(1355): PHPUnit/Framework/TestCase->invokeTestMethod('__pest_evaluabl...', Array)
#64 C:/Users/ALI/Desktop/dar-al-ajneha/backend/vendor/phpunit/phpunit/src/Framework/TestCase.php(521): PHPUnit/Framework/TestCase->runTest()
#65 C:/Users/ALI/Desktop/dar-al-ajneha/backend/vendor/phpunit/phpunit/src/Framework/TestRunner/TestRunner.php(99): PHPUnit/Framework/TestCase->runBare()
#66 C:/Users/ALI/Desktop/dar-al-ajneha/backend/vendor/phpunit/phpunit/src/Framework/TestCase.php(361): PHPUnit/Framework/TestRunner->run(Object(P/Tests/Feature/Media/MediaAttachmentTest))
#67 C:/Users/ALI/Desktop/dar-al-ajneha/backend/vendor/phpunit/phpunit/src/Framework/TestSuite.php(374): PHPUnit/Framework/TestCase->run()
#68 C:/Users/ALI/Desktop/dar-al-ajneha/backend/vendor/phpunit/phpunit/src/Framework/TestSuite.php(374): PHPUnit/Framework/TestSuite->run()
#69 C:/Users/ALI/Desktop/dar-al-ajneha/backend/vendor/phpunit/phpunit/src/Framework/TestSuite.php(374): PHPUnit/Framework/TestSuite->run()
#70 C:/Users/ALI/Desktop/dar-al-ajneha/backend/vendor/phpunit/phpunit/src/TextUI/TestRunner.php(64): PHPUnit/Framework/TestSuite->run()
#71 C:/Users/ALI/Desktop/dar-al-ajneha/backend/vendor/phpunit/phpunit/src/TextUI/Application.php(229): PHPUnit/TextUI/TestRunner->run(Object(PHPUnit/TextUI/Configuration/Configuration), Object(PHPUnit/Runner/ResultCache/DefaultResultCache), Object(PHPUnit/Framework/TestSuite))
#72 C:/Users/ALI/Desktop/dar-al-ajneha/backend/vendor/pestphp/pest/src/Kernel.php(103): PHPUnit/TextUI/Application->run(Array)
#73 C:/Users/ALI/Desktop/dar-al-ajneha/backend/vendor/pestphp/pest/bin/pest(196): Pest/Kernel->handle(Array, Array)
#74 C:/Users/ALI/Desktop/dar-al-ajneha/backend/vendor/pestphp/pest/bin/pest(204): {closure:C:/Users/ALI/Desktop/dar-al-ajneha/backend/vendor/pestphp/pest/bin/pest:19}()
#75 {main}
"} 
[2026-09-29 15:41:48] testing.ERROR: League\Flysystem\Filesystem::delete(): Argument #1 ($location) must be of type string, null given, called in C:\Users\ALI\Desktop\dar-al-ajneha\backend\vendor\laravel\framework\src\Illuminate\Filesystem\FilesystemAdapter.php on line 608 {"userId":79,"exception":"[object] (TypeError(code: 0): League\\Flysystem\\Filesystem::delete(): Argument #1 ($location) must be of type string, null given, called in C:\\Users\\ALI\\Desktop\\dar-al-ajneha\\backend\\vendor\\laravel\\framework\\src\\Illuminate\\Filesystem\\FilesystemAdapter.php on line 608 at C:/Users/ALI/Desktop/dar-al-ajneha/backend/vendor/league/flysystem/src/Filesystem.php:84)
[stacktrace]
#0 C:/Users/ALI/Desktop/dar-al-ajneha/backend/vendor/laravel/framework/src/Illuminate/Filesystem/FilesystemAdapter.php(608): League/Flysystem/Filesystem->delete(NULL)
#1 C:/Users/ALI/Desktop/dar-al-ajneha/backend/app/Http/Controllers/Media/MediaController.php(117): Illuminate/Filesystem/FilesystemAdapter->delete(Array)
#2 C:/Users/ALI/Desktop/dar-al-ajneha/backend/vendor/laravel/framework/src/Illuminate/Routing/Controller.php(54): App/Http/Controllers/Media/MediaController->replace(Object(App/Http/Requests/Media/ReplaceMediaRequest), Object(App/Models/Media), '17')
#3 C:/Users/ALI/Desktop/dar-al-ajneha/backend/vendor/laravel/framework/src/Illuminate/Routing/ControllerDispatcher.php(43): Illuminate/Routing/Controller->callAction('replace', Array)
#4 C:/Users/ALI/Desktop/dar-al-ajneha/backend/vendor/laravel/framework/src/Illuminate/Routing/Route.php(276): Illuminate/Routing/ControllerDispatcher->dispatch(Object(Illuminate/Routing/Route), Object(App/Http/Controllers/Media/MediaController), 'replace')
#5 C:/Users/ALI/Desktop/dar-al-ajneha/backend/vendor/laravel/framework/src/Illuminate/Routing/Route.php(216): Illuminate/Routing/Route->runController()
#6 C:/Users/ALI/Desktop/dar-al-ajneha/backend/vendor/laravel/framework/src/Illuminate/Routing/Router.php(822): Illuminate/Routing/Route->run()
#7 C:/Users/ALI/Desktop/dar-al-ajneha/backend/vendor/laravel/framework/src/Illuminate/Pipeline/Pipeline.php(180): Illuminate/Routing/Router->{closure:Illuminate/Routing/Router::runRouteWithinStack():821}(Object(Illuminate/Http/Request))
#8 C:/Users/ALI/Desktop/dar-al-ajneha/backend/vendor/laravel/framework/src/Illuminate/Routing/Middleware/SubstituteBindings.php(52): Illuminate/Pipeline/Pipeline->{closure:Illuminate/Pipeline/Pipeline::prepareDestination():178}(Object(Illuminate/Http/Request))
#9 C:/Users/ALI/Desktop/dar-al-ajneha/backend/vendor/laravel/framework/src/Illuminate/Pipeline/Pipeline.php(219): Illuminate/Routing/Middleware/SubstituteBindings->handle(Object(Illuminate/Http/Request), Object(Closure))
#10 C:/Users/ALI/Desktop/dar-al-ajneha/backend/vendor/laravel/framework/src/Illuminate/Auth/Middleware/Authenticate.php(63): Illuminate/Pipeline/Pipeline->{closure:{closure:Illuminate/Pipeline/Pipeline::carry():194}:195}(Object(Illuminate/Http/Request))
#11 C:/Users/ALI/Desktop/dar-al-ajneha/backend/vendor/laravel/framework/src/Illuminate/Pipeline/Pipeline.php(219): Illuminate/Auth/Middleware/Authenticate->handle(Object(Illuminate/Http/Request), Object(Closure), 'sanctum')
#12 C:/Users/ALI/Desktop/dar-al-ajneha/backend/vendor/laravel/framework/src/Illuminate/Pipeline/Pipeline.php(137): Illuminate/Pipeline/Pipeline->{closure:{closure:Illuminate/Pipeline/Pipeline::carry():194}:195}(Object(Illuminate/Http/Request))
#13 C:/Users/ALI/Desktop/dar-al-ajneha/backend/vendor/laravel/framework/src/Illuminate/Routing/Router.php(821): Illuminate/Pipeline/Pipeline->then(Object(Closure))
#14 C:/Users/ALI/Desktop/dar-al-ajneha/backend/vendor/laravel/framework/src/Illuminate/Routing/Router.php(800): Illuminate/Routing/Router->runRouteWithinStack(Object(Illuminate/Routing/Route), Object(Illuminate/Http/Request))
#15 C:/Users/ALI/Desktop/dar-al-ajneha/backend/vendor/laravel/framework/src/Illuminate/Routing/Router.php(764): Illuminate/Routing/Router->runRoute(Object(Illuminate/Http/Request), Object(Illuminate/Routing/Route))
#16 C:/Users/ALI/Desktop/dar-al-ajneha/backend/vendor/laravel/framework/src/Illuminate/Routing/Router.php(753): Illuminate/Routing/Router->dispatchToRoute(Object(Illuminate/Http/Request))
#17 C:/Users/ALI/Desktop/dar-al-ajneha/backend/vendor/laravel/framework/src/Illuminate/Foundation/Http/Kernel.php(200): Illuminate/Routing/Router->dispatch(Object(Illuminate/Http/Request))
#18 C:/Users/ALI/Desktop/dar-al-ajneha/backend/vendor/laravel/framework/src/Illuminate/Pipeline/Pipeline.php(180): Illuminate/Foundation/Http/Kernel->{closure:Illuminate/Foundation/Http/Kernel::dispatchToRouter():197}(Object(Illuminate/Http/Request))
#19 C:/Users/ALI/Desktop/dar-al-ajneha/backend/vendor/laravel/framework/src/Illuminate/Foundation/Http/Middleware/TransformsRequest.php(21): Illuminate/Pipeline/Pipeline->{closure:Illuminate/Pipeline/Pipeline::prepareDestination():178}(Object(Illuminate/Http/Request))
#20 C:/Users/ALI/Desktop/dar-al-ajneha/backend/vendor/laravel/framework/src/Illuminate/Foundation/Http/Middleware/ConvertEmptyStringsToNull.php(31): Illuminate/Foundation/Http/Middleware/TransformsRequest->handle(Object(Illuminate/Http/Request), Object(Closure))
#21 C:/Users/ALI/Desktop/dar-al-ajneha/backend/vendor/laravel/framework/src/Illuminate/Pipeline/Pipeline.php(219): Illuminate/Foundation/Http/Middleware/ConvertEmptyStringsToNull->handle(Object(Illuminate/Http/Request), Object(Closure))
#22 C:/Users/ALI/Desktop/dar-al-ajneha/backend/vendor/laravel/framework/src/Illuminate/Foundation/Http/Middleware/TransformsRequest.php(21): Illuminate/Pipeline/Pipeline->{closure:{closure:Illuminate/Pipeline/Pipeline::carry():194}:195}(Object(Illuminate/Http/Request))
#23 C:/Users/ALI/Desktop/dar-al-ajneha/backend/vendor/laravel/framework/src/Illuminate/Foundation/Http/Middleware/TrimStrings.php(51): Illuminate/Foundation/Http/Middleware/TransformsRequest->handle(Object(Illuminate/Http/Request), Object(Closure))
#24 C:/Users/ALI/Desktop/dar-al-ajneha/backend/vendor/laravel/framework/src/Illuminate/Pipeline/Pipeline.php(219): Illuminate/Foundation/Http/Middleware/TrimStrings->handle(Object(Illuminate/Http/Request), Object(Closure))
#25 C:/Users/ALI/Desktop/dar-al-ajneha/backend/vendor/laravel/framework/src/Illuminate/Http/Middleware/ValidatePostSize.php(27): Illuminate/Pipeline/Pipeline->{closure:{closure:Illuminate/Pipeline/Pipeline::carry():194}:195}(Object(Illuminate/Http/Request))
#26 C:/Users/ALI/Desktop/dar-al-ajneha/backend/vendor/laravel/framework/src/Illuminate/Pipeline/Pipeline.php(219): Illuminate/Http/Middleware/ValidatePostSize->handle(Object(Illuminate/Http/Request), Object(Closure))
#27 C:/Users/ALI/Desktop/dar-al-ajneha/backend/vendor/laravel/framework/src/Illuminate/Foundation/Http/Middleware/PreventRequestsDuringMaintenance.php(110): Illuminate/Pipeline/Pipeline->{closure:{closure:Illuminate/Pipeline/Pipeline::carry():194}:195}(Object(Illuminate/Http/Request))
#28 C:/Users/ALI/Desktop/dar-al-ajneha/backend/vendor/laravel/framework/src/Illuminate/Pipeline/Pipeline.php(219): Illuminate/Foundation/Http/Middleware/PreventRequestsDuringMaintenance->handle(Object(Illuminate/Http/Request), Object(Closure))
#29 C:/Users/ALI/Desktop/dar-al-ajneha/backend/vendor/laravel/framework/src/Illuminate/Http/Middleware/HandleCors.php(74): Illuminate/Pipeline/Pipeline->{closure:{closure:Illuminate/Pipeline/Pipeline::carry():194}:195}(Object(Illuminate/Http/Request))
#30 C:/Users/ALI/Desktop/dar-al-ajneha/backend/vendor/laravel/framework/src/Illuminate/Pipeline/Pipeline.php(219): Illuminate/Http/Middleware/HandleCors->handle(Object(Illuminate/Http/Request), Object(Closure))
#31 C:/Users/ALI/Desktop/dar-al-ajneha/backend/vendor/laravel/framework/src/Illuminate/Http/Middleware/TrustProxies.php(58): Illuminate/Pipeline/Pipeline->{closure:{closure:Illuminate/Pipeline/Pipeline::carry():194}:195}(Object(Illuminate/Http/Request))
#32 C:/Users/ALI/Desktop/dar-al-ajneha/backend/vendor/laravel/framework/src/Illuminate/Pipeline/Pipeline.php(219): Illuminate/Http/Middleware/TrustProxies->handle(Object(Illuminate/Http/Request), Object(Closure))
#33 C:/Users/ALI/Desktop/dar-al-ajneha/backend/vendor/laravel/framework/src/Illuminate/Foundation/Http/Middleware/InvokeDeferredCallbacks.php(22): Illuminate/Pipeline/Pipeline->{closure:{closure:Illuminate/Pipeline/Pipeline::carry():194}:195}(Object(Illuminate/Http/Request))
#34 C:/Users/ALI/Desktop/dar-al-ajneha/backend/vendor/laravel/framework/src/Illuminate/Pipeline/Pipeline.php(219): Illuminate/Foundation/Http/Middleware/InvokeDeferredCallbacks->handle(Object(Illuminate/Http/Request), Object(Closure))
#35 C:/Users/ALI/Desktop/dar-al-ajneha/backend/vendor/laravel/framework/src/Illuminate/Http/Middleware/ValidatePathEncoding.php(28): Illuminate/Pipeline/Pipeline->{closure:{closure:Illuminate/Pipeline/Pipeline::carry():194}:195}(Object(Illuminate/Http/Request))
#36 C:/Users/ALI/Desktop/dar-al-ajneha/backend/vendor/laravel/framework/src/Illuminate/Pipeline/Pipeline.php(219): Illuminate/Http/Middleware/ValidatePathEncoding->handle(Object(Illuminate/Http/Request), Object(Closure))
#37 C:/Users/ALI/Desktop/dar-al-ajneha/backend/vendor/laravel/framework/src/Illuminate/Pipeline/Pipeline.php(137): Illuminate/Pipeline/Pipeline->{closure:{closure:Illuminate/Pipeline/Pipeline::carry():194}:195}(Object(Illuminate/Http/Request))
#38 C:/Users/ALI/Desktop/dar-al-ajneha/backend/vendor/laravel/framework/src/Illuminate/Foundation/Http/Kernel.php(175): Illuminate/Pipeline/Pipeline->then(Object(Closure))
#39 C:/Users/ALI/Desktop/dar-al-ajneha/backend/vendor/laravel/framework/src/Illuminate/Foundation/Http/Kernel.php(144): Illuminate/Foundation/Http/Kernel->sendRequestThroughRouter(Object(Illuminate/Http/Request))
#40 C:/Users/ALI/Desktop/dar-al-ajneha/backend/vendor/laravel/framework/src/Illuminate/Foundation/Testing/Concerns/MakesHttpRequests.php(638): Illuminate/Foundation/Http/Kernel->handle(Object(Illuminate/Http/Request))
#41 C:/Users/ALI/Desktop/dar-al-ajneha/backend/vendor/laravel/framework/src/Illuminate/Foundation/Testing/Concerns/MakesHttpRequests.php(397): Illuminate/Foundation/Testing/TestCase->call('POST', '/api/v1/media/1...', Array, Array, Array, Array)
#42 C:/Users/ALI/Desktop/dar-al-ajneha/backend/tests/Feature/Media/MediaUploadTest.php(119): Illuminate/Foundation/Testing/TestCase->post('/api/v1/media/1...', Array)
#43 C:/Users/ALI/Desktop/dar-al-ajneha/backend/vendor/pestphp/pest/src/Factories/TestCaseMethodFactory.php(177): P/Tests/Feature/Media/MediaUploadTest->{closure:C:/Users/ALI/Desktop/dar-al-ajneha/backend/tests/Feature/Media/MediaUploadTest.php:108}()
#44 [internal function]: P/Tests/Feature/Media/MediaUploadTest->{closure:Pest/Factories/TestCaseMethodFactory::getClosure():167}()
#45 C:/Users/ALI/Desktop/dar-al-ajneha/backend/vendor/pestphp/pest/src/Concerns/Testable.php(514): call_user_func_array(Object(Closure), Array)
#46 C:/Users/ALI/Desktop/dar-al-ajneha/backend/vendor/pestphp/pest/src/Support/ExceptionTrace.php(26): P/Tests/Feature/Media/MediaUploadTest->{closure:Pest/Concerns/Testable::__callClosure():514}()
#47 C:/Users/ALI/Desktop/dar-al-ajneha/backend/vendor/pestphp/pest/src/Concerns/Testable.php(514): Pest/Support/ExceptionTrace::ensure(Object(Closure))
#48 C:/Users/ALI/Desktop/dar-al-ajneha/backend/vendor/pestphp/pest/src/Concerns/Testable.php(336): P/Tests/Feature/Media/MediaUploadTest->__callClosure(Object(Closure), Array)
#49 C:/Users/ALI/Desktop/dar-al-ajneha/backend/vendor/pestphp/pest/src/Factories/TestCaseFactory.php(179) : eval()'d code(100): P/Tests/Feature/Media/MediaUploadTest->__runTest(Object(Closure))
#50 C:/Users/ALI/Desktop/dar-al-ajneha/backend/vendor/phpunit/phpunit/src/Framework/TestCase.php(1318): P/Tests/Feature/Media/MediaUploadTest->__pest_evaluable_replace_existing_media_returns_200()
#51 C:/Users/ALI/Desktop/dar-al-ajneha/backend/vendor/phpunit/phpunit/src/Framework/TestCase.php(1355): PHPUnit/Framework/TestCase->invokeTestMethod('__pest_evaluabl...', Array)
#52 C:/Users/ALI/Desktop/dar-al-ajneha/backend/vendor/phpunit/phpunit/src/Framework/TestCase.php(521): PHPUnit/Framework/TestCase->runTest()
#53 C:/Users/ALI/Desktop/dar-al-ajneha/backend/vendor/phpunit/phpunit/src/Framework/TestRunner/TestRunner.php(99): PHPUnit/Framework/TestCase->runBare()
#54 C:/Users/ALI/Desktop/dar-al-ajneha/backend/vendor/phpunit/phpunit/src/Framework/TestCase.php(361): PHPUnit/Framework/TestRunner->run(Object(P/Tests/Feature/Media/MediaUploadTest))
#55 C:/Users/ALI/Desktop/dar-al-ajneha/backend/vendor/phpunit/phpunit/src/Framework/TestSuite.php(374): PHPUnit/Framework/TestCase->run()
#56 C:/Users/ALI/Desktop/dar-al-ajneha/backend/vendor/phpunit/phpunit/src/Framework/TestSuite.php(374): PHPUnit/Framework/TestSuite->run()
#57 C:/Users/ALI/Desktop/dar-al-ajneha/backend/vendor/phpunit/phpunit/src/Framework/TestSuite.php(374): PHPUnit/Framework/TestSuite->run()
#58 C:/Users/ALI/Desktop/dar-al-ajneha/backend/vendor/phpunit/phpunit/src/TextUI/TestRunner.php(64): PHPUnit/Framework/TestSuite->run()
#59 C:/Users/ALI/Desktop/dar-al-ajneha/backend/vendor/phpunit/phpunit/src/TextUI/Application.php(229): PHPUnit/TextUI/TestRunner->run(Object(PHPUnit/TextUI/Configuration/Configuration), Object(PHPUnit/Runner/ResultCache/DefaultResultCache), Object(PHPUnit/Framework/TestSuite))
#60 C:/Users/ALI/Desktop/dar-al-ajneha/backend/vendor/pestphp/pest/src/Kernel.php(103): PHPUnit/TextUI/Application->run(Array)
#61 C:/Users/ALI/Desktop/dar-al-ajneha/backend/vendor/pestphp/pest/bin/pest(196): Pest/Kernel->handle(Array, Array)
#62 C:/Users/ALI/Desktop/dar-al-ajneha/backend/vendor/pestphp/pest/bin/pest(204): {closure:C:/Users/ALI/Desktop/dar-al-ajneha/backend/vendor/pestphp/pest/bin/pest:19}()
#63 {main}
"} 
[2026-09-29 16:49:36] testing.ERROR: Unsupported cipher or incorrect key length. Supported ciphers are: aes-128-cbc, aes-256-cbc, aes-128-gcm, aes-256-gcm. {"exception":"[object] (RuntimeException(code: 0): Unsupported cipher or incorrect key length. Supported ciphers are: aes-128-cbc, aes-256-cbc, aes-128-gcm, aes-256-gcm. at C:/Users/ALI/Desktop/dar-al-ajneha/backend/vendor/laravel/framework/src/Illuminate/Encryption/Encrypter.php:61)
[stacktrace]
#0 C:/Users/ALI/Desktop/dar-al-ajneha/backend/vendor/laravel/framework/src/Illuminate/Encryption/EncryptionServiceProvider.php(32): Illuminate/Encryption/Encrypter->__construct(Object(SensitiveParameterValue), 'AES-256-CBC')
#1 C:/Users/ALI/Desktop/dar-al-ajneha/backend/vendor/laravel/framework/src/Illuminate/Container/Container.php(1140): Illuminate/Encryption/EncryptionServiceProvider->{closure:Illuminate/Encryption/EncryptionServiceProvider::registerEncrypter():29}(Object(Illuminate/Foundation/Application), Array)
#2 C:/Users/ALI/Desktop/dar-al-ajneha/backend/vendor/laravel/framework/src/Illuminate/Container/Container.php(939): Illuminate/Container/Container->build(Object(Closure))
#3 C:/Users/ALI/Desktop/dar-al-ajneha/backend/vendor/laravel/framework/src/Illuminate/Foundation/Application.php(1085): Illuminate/Container/Container->resolve('encrypter', Array, true)
#4 C:/Users/ALI/Desktop/dar-al-ajneha/backend/vendor/laravel/framework/src/Illuminate/Container/Container.php(867): Illuminate/Foundation/Application->resolve('encrypter', Array)
#5 C:/Users/ALI/Desktop/dar-al-ajneha/backend/vendor/laravel/framework/src/Illuminate/Foundation/Application.php(1065): Illuminate/Container/Container->make('encrypter', Array)
#6 C:/Users/ALI/Desktop/dar-al-ajneha/backend/vendor/laravel/framework/src/Illuminate/Container/Container.php(1363): Illuminate/Foundation/Application->make('encrypter')
#7 C:/Users/ALI/Desktop/dar-al-ajneha/backend/vendor/laravel/framework/src/Illuminate/Container/Container.php(1264): Illuminate/Container/Container->resolveClass(Object(ReflectionParameter), 'Illuminate//Cont...')
#8 C:/Users/ALI/Desktop/dar-al-ajneha/backend/vendor/laravel/framework/src/Illuminate/Container/Container.php(1187): Illuminate/Container/Container->resolveDependencies(Array)
#9 C:/Users/ALI/Desktop/dar-al-ajneha/backend/vendor/laravel/framework/src/Illuminate/Container/Container.php(939): Illuminate/Container/Container->build('Illuminate//Cook...')
#10 C:/Users/ALI/Desktop/dar-al-ajneha/backend/vendor/laravel/framework/src/Illuminate/Foundation/Application.php(1085): Illuminate/Container/Container->resolve('Illuminate//Cook...', Array, true)
#11 C:/Users/ALI/Desktop/dar-al-ajneha/backend/vendor/laravel/framework/src/Illuminate/Container/Container.php(867): Illuminate/Foundation/Application->resolve('Illuminate//Cook...', Array)
#12 C:/Users/ALI/Desktop/dar-al-ajneha/backend/vendor/laravel/framework/src/Illuminate/Foundation/Application.php(1065): Illuminate/Container/Container->make('Illuminate//Cook...', Array)
#13 C:/Users/ALI/Desktop/dar-al-ajneha/backend/vendor/laravel/framework/src/Illuminate/Pipeline/Pipeline.php(208): Illuminate/Foundation/Application->make('Illuminate//Cook...')
#14 C:/Users/ALI/Desktop/dar-al-ajneha/backend/vendor/laravel/framework/src/Illuminate/Pipeline/Pipeline.php(137): Illuminate/Pipeline/Pipeline->{closure:{closure:Illuminate/Pipeline/Pipeline::carry():194}:195}(Object(Illuminate/Http/Request))
#15 C:/Users/ALI/Desktop/dar-al-ajneha/backend/vendor/laravel/framework/src/Illuminate/Routing/Router.php(821): Illuminate/Pipeline/Pipeline->then(Object(Closure))
#16 C:/Users/ALI/Desktop/dar-al-ajneha/backend/vendor/laravel/framework/src/Illuminate/Routing/Router.php(800): Illuminate/Routing/Router->runRouteWithinStack(Object(Illuminate/Routing/Route), Object(Illuminate/Http/Request))
#17 C:/Users/ALI/Desktop/dar-al-ajneha/backend/vendor/laravel/framework/src/Illuminate/Routing/Router.php(764): Illuminate/Routing/Router->runRoute(Object(Illuminate/Http/Request), Object(Illuminate/Routing/Route))
#18 C:/Users/ALI/Desktop/dar-al-ajneha/backend/vendor/laravel/framework/src/Illuminate/Routing/Router.php(753): Illuminate/Routing/Router->dispatchToRoute(Object(Illuminate/Http/Request))
#19 C:/Users/ALI/Desktop/dar-al-ajneha/backend/vendor/laravel/framework/src/Illuminate/Foundation/Http/Kernel.php(200): Illuminate/Routing/Router->dispatch(Object(Illuminate/Http/Request))
#20 C:/Users/ALI/Desktop/dar-al-ajneha/backend/vendor/laravel/framework/src/Illuminate/Pipeline/Pipeline.php(180): Illuminate/Foundation/Http/Kernel->{closure:Illuminate/Foundation/Http/Kernel::dispatchToRouter():197}(Object(Illuminate/Http/Request))
#21 C:/Users/ALI/Desktop/dar-al-ajneha/backend/vendor/laravel/framework/src/Illuminate/Foundation/Http/Middleware/TransformsRequest.php(21): Illuminate/Pipeline/Pipeline->{closure:Illuminate/Pipeline/Pipeline::prepareDestination():178}(Object(Illuminate/Http/Request))
#22 C:/Users/ALI/Desktop/dar-al-ajneha/backend/vendor/laravel/framework/src/Illuminate/Foundation/Http/Middleware/ConvertEmptyStringsToNull.php(31): Illuminate/Foundation/Http/Middleware/TransformsRequest->handle(Object(Illuminate/Http/Request), Object(Closure))
#23 C:/Users/ALI/Desktop/dar-al-ajneha/backend/vendor/laravel/framework/src/Illuminate/Pipeline/Pipeline.php(219): Illuminate/Foundation/Http/Middleware/ConvertEmptyStringsToNull->handle(Object(Illuminate/Http/Request), Object(Closure))
#24 C:/Users/ALI/Desktop/dar-al-ajneha/backend/vendor/laravel/framework/src/Illuminate/Foundation/Http/Middleware/TransformsRequest.php(21): Illuminate/Pipeline/Pipeline->{closure:{closure:Illuminate/Pipeline/Pipeline::carry():194}:195}(Object(Illuminate/Http/Request))
#25 C:/Users/ALI/Desktop/dar-al-ajneha/backend/vendor/laravel/framework/src/Illuminate/Foundation/Http/Middleware/TrimStrings.php(51): Illuminate/Foundation/Http/Middleware/TransformsRequest->handle(Object(Illuminate/Http/Request), Object(Closure))
#26 C:/Users/ALI/Desktop/dar-al-ajneha/backend/vendor/laravel/framework/src/Illuminate/Pipeline/Pipeline.php(219): Illuminate/Foundation/Http/Middleware/TrimStrings->handle(Object(Illuminate/Http/Request), Object(Closure))
#27 C:/Users/ALI/Desktop/dar-al-ajneha/backend/vendor/laravel/framework/src/Illuminate/Http/Middleware/ValidatePostSize.php(27): Illuminate/Pipeline/Pipeline->{closure:{closure:Illuminate/Pipeline/Pipeline::carry():194}:195}(Object(Illuminate/Http/Request))
#28 C:/Users/ALI/Desktop/dar-al-ajneha/backend/vendor/laravel/framework/src/Illuminate/Pipeline/Pipeline.php(219): Illuminate/Http/Middleware/ValidatePostSize->handle(Object(Illuminate/Http/Request), Object(Closure))
#29 C:/Users/ALI/Desktop/dar-al-ajneha/backend/vendor/laravel/framework/src/Illuminate/Foundation/Http/Middleware/PreventRequestsDuringMaintenance.php(110): Illuminate/Pipeline/Pipeline->{closure:{closure:Illuminate/Pipeline/Pipeline::carry():194}:195}(Object(Illuminate/Http/Request))
#30 C:/Users/ALI/Desktop/dar-al-ajneha/backend/vendor/laravel/framework/src/Illuminate/Pipeline/Pipeline.php(219): Illuminate/Foundation/Http/Middleware/PreventRequestsDuringMaintenance->handle(Object(Illuminate/Http/Request), Object(Closure))
#31 C:/Users/ALI/Desktop/dar-al-ajneha/backend/vendor/laravel/framework/src/Illuminate/Http/Middleware/HandleCors.php(61): Illuminate/Pipeline/Pipeline->{closure:{closure:Illuminate/Pipeline/Pipeline::carry():194}:195}(Object(Illuminate/Http/Request))
#32 C:/Users/ALI/Desktop/dar-al-ajneha/backend/vendor/laravel/framework/src/Illuminate/Pipeline/Pipeline.php(219): Illuminate/Http/Middleware/HandleCors->handle(Object(Illuminate/Http/Request), Object(Closure))
#33 C:/Users/ALI/Desktop/dar-al-ajneha/backend/vendor/laravel/framework/src/Illuminate/Http/Middleware/TrustProxies.php(58): Illuminate/Pipeline/Pipeline->{closure:{closure:Illuminate/Pipeline/Pipeline::carry():194}:195}(Object(Illuminate/Http/Request))
#34 C:/Users/ALI/Desktop/dar-al-ajneha/backend/vendor/laravel/framework/src/Illuminate/Pipeline/Pipeline.php(219): Illuminate/Http/Middleware/TrustProxies->handle(Object(Illuminate/Http/Request), Object(Closure))
#35 C:/Users/ALI/Desktop/dar-al-ajneha/backend/vendor/laravel/framework/src/Illuminate/Foundation/Http/Middleware/InvokeDeferredCallbacks.php(22): Illuminate/Pipeline/Pipeline->{closure:{closure:Illuminate/Pipeline/Pipeline::carry():194}:195}(Object(Illuminate/Http/Request))
#36 C:/Users/ALI/Desktop/dar-al-ajneha/backend/vendor/laravel/framework/src/Illuminate/Pipeline/Pipeline.php(219): Illuminate/Foundation/Http/Middleware/InvokeDeferredCallbacks->handle(Object(Illuminate/Http/Request), Object(Closure))
#37 C:/Users/ALI/Desktop/dar-al-ajneha/backend/vendor/laravel/framework/src/Illuminate/Http/Middleware/ValidatePathEncoding.php(28): Illuminate/Pipeline/Pipeline->{closure:{closure:Illuminate/Pipeline/Pipeline::carry():194}:195}(Object(Illuminate/Http/Request))
#38 C:/Users/ALI/Desktop/dar-al-ajneha/backend/vendor/laravel/framework/src/Illuminate/Pipeline/Pipeline.php(219): Illuminate/Http/Middleware/ValidatePathEncoding->handle(Object(Illuminate/Http/Request), Object(Closure))
#39 C:/Users/ALI/Desktop/dar-al-ajneha/backend/vendor/laravel/framework/src/Illuminate/Pipeline/Pipeline.php(137): Illuminate/Pipeline/Pipeline->{closure:{closure:Illuminate/Pipeline/Pipeline::carry():194}:195}(Object(Illuminate/Http/Request))
#40 C:/Users/ALI/Desktop/dar-al-ajneha/backend/vendor/laravel/framework/src/Illuminate/Foundation/Http/Kernel.php(175): Illuminate/Pipeline/Pipeline->then(Object(Closure))
#41 C:/Users/ALI/Desktop/dar-al-ajneha/backend/vendor/laravel/framework/src/Illuminate/Foundation/Http/Kernel.php(144): Illuminate/Foundation/Http/Kernel->sendRequestThroughRouter(Object(Illuminate/Http/Request))
#42 C:/Users/ALI/Desktop/dar-al-ajneha/backend/vendor/laravel/framework/src/Illuminate/Foundation/Testing/Concerns/MakesHttpRequests.php(638): Illuminate/Foundation/Http/Kernel->handle(Object(Illuminate/Http/Request))
#43 C:/Users/ALI/Desktop/dar-al-ajneha/backend/vendor/laravel/framework/src/Illuminate/Foundation/Testing/Concerns/MakesHttpRequests.php(368): Illuminate/Foundation/Testing/TestCase->call('GET', '/', Array, Array, Array, Array)
#44 C:/Users/ALI/Desktop/dar-al-ajneha/backend/tests/Feature/ExampleTest.php(15): Illuminate/Foundation/Testing/TestCase->get('/')
#45 C:/Users/ALI/Desktop/dar-al-ajneha/backend/vendor/phpunit/phpunit/src/Framework/TestCase.php(1318): Tests/Feature/ExampleTest->test_the_application_returns_a_successful_response()
#46 C:/Users/ALI/Desktop/dar-al-ajneha/backend/vendor/phpunit/phpunit/src/Framework/TestCase.php(1355): PHPUnit/Framework/TestCase->invokeTestMethod('test_the_applic...', Array)
#47 C:/Users/ALI/Desktop/dar-al-ajneha/backend/vendor/phpunit/phpunit/src/Framework/TestCase.php(521): PHPUnit/Framework/TestCase->runTest()
#48 C:/Users/ALI/Desktop/dar-al-ajneha/backend/vendor/phpunit/phpunit/src/Framework/TestRunner/TestRunner.php(99): PHPUnit/Framework/TestCase->runBare()
#49 C:/Users/ALI/Desktop/dar-al-ajneha/backend/vendor/phpunit/phpunit/src/Framework/TestCase.php(361): PHPUnit/Framework/TestRunner->run(Object(Tests/Feature/ExampleTest))
#50 C:/Users/ALI/Desktop/dar-al-ajneha/backend/vendor/phpunit/phpunit/src/Framework/TestSuite.php(374): PHPUnit/Framework/TestCase->run()
#51 C:/Users/ALI/Desktop/dar-al-ajneha/backend/vendor/phpunit/phpunit/src/Framework/TestSuite.php(374): PHPUnit/Framework/TestSuite->run()
#52 C:/Users/ALI/Desktop/dar-al-ajneha/backend/vendor/phpunit/phpunit/src/Framework/TestSuite.php(374): PHPUnit/Framework/TestSuite->run()
#53 C:/Users/ALI/Desktop/dar-al-ajneha/backend/vendor/phpunit/phpunit/src/TextUI/TestRunner.php(64): PHPUnit/Framework/TestSuite->run()
#54 C:/Users/ALI/Desktop/dar-al-ajneha/backend/vendor/phpunit/phpunit/src/TextUI/Application.php(229): PHPUnit/TextUI/TestRunner->run(Object(PHPUnit/TextUI/Configuration/Configuration), Object(PHPUnit/Runner/ResultCache/DefaultResultCache), Object(PHPUnit/Framework/TestSuite))
#55 C:/Users/ALI/Desktop/dar-al-ajneha/backend/vendor/pestphp/pest/src/Kernel.php(103): PHPUnit/TextUI/Application->run(Array)
#56 C:/Users/ALI/Desktop/dar-al-ajneha/backend/vendor/pestphp/pest/bin/pest(196): Pest/Kernel->handle(Array, Array)
#57 C:/Users/ALI/Desktop/dar-al-ajneha/backend/vendor/pestphp/pest/bin/pest(204): {closure:C:/Users/ALI/Desktop/dar-al-ajneha/backend/vendor/pestphp/pest/bin/pest:19}()
#58 {main}
"} 
[2026-09-29 16:50:25] testing.ERROR: Unsupported cipher or incorrect key length. Supported ciphers are: aes-128-cbc, aes-256-cbc, aes-128-gcm, aes-256-gcm. {"exception":"[object] (RuntimeException(code: 0): Unsupported cipher or incorrect key length. Supported ciphers are: aes-128-cbc, aes-256-cbc, aes-128-gcm, aes-256-gcm. at C:/Users/ALI/Desktop/dar-al-ajneha/backend/vendor/laravel/framework/src/Illuminate/Encryption/Encrypter.php:61)
[stacktrace]
#0 C:/Users/ALI/Desktop/dar-al-ajneha/backend/vendor/laravel/framework/src/Illuminate/Encryption/EncryptionServiceProvider.php(32): Illuminate/Encryption/Encrypter->__construct(Object(SensitiveParameterValue), 'AES-256-CBC')
#1 C:/Users/ALI/Desktop/dar-al-ajneha/backend/vendor/laravel/framework/src/Illuminate/Container/Container.php(1140): Illuminate/Encryption/EncryptionServiceProvider->{closure:Illuminate/Encryption/EncryptionServiceProvider::registerEncrypter():29}(Object(Illuminate/Foundation/Application), Array)
#2 C:/Users/ALI/Desktop/dar-al-ajneha/backend/vendor/laravel/framework/src/Illuminate/Container/Container.php(939): Illuminate/Container/Container->build(Object(Closure))
#3 C:/Users/ALI/Desktop/dar-al-ajneha/backend/vendor/laravel/framework/src/Illuminate/Foundation/Application.php(1085): Illuminate/Container/Container->resolve('encrypter', Array, true)
#4 C:/Users/ALI/Desktop/dar-al-ajneha/backend/vendor/laravel/framework/src/Illuminate/Container/Container.php(867): Illuminate/Foundation/Application->resolve('encrypter', Array)
#5 C:/Users/ALI/Desktop/dar-al-ajneha/backend/vendor/laravel/framework/src/Illuminate/Foundation/Application.php(1065): Illuminate/Container/Container->make('encrypter', Array)
#6 C:/Users/ALI/Desktop/dar-al-ajneha/backend/vendor/laravel/framework/src/Illuminate/Container/Container.php(1363): Illuminate/Foundation/Application->make('encrypter')
#7 C:/Users/ALI/Desktop/dar-al-ajneha/backend/vendor/laravel/framework/src/Illuminate/Container/Container.php(1264): Illuminate/Container/Container->resolveClass(Object(ReflectionParameter), 'Illuminate//Cont...')
#8 C:/Users/ALI/Desktop/dar-al-ajneha/backend/vendor/laravel/framework/src/Illuminate/Container/Container.php(1187): Illuminate/Container/Container->resolveDependencies(Array)
#9 C:/Users/ALI/Desktop/dar-al-ajneha/backend/vendor/laravel/framework/src/Illuminate/Container/Container.php(939): Illuminate/Container/Container->build('Illuminate//Cook...')
#10 C:/Users/ALI/Desktop/dar-al-ajneha/backend/vendor/laravel/framework/src/Illuminate/Foundation/Application.php(1085): Illuminate/Container/Container->resolve('Illuminate//Cook...', Array, true)
#11 C:/Users/ALI/Desktop/dar-al-ajneha/backend/vendor/laravel/framework/src/Illuminate/Container/Container.php(867): Illuminate/Foundation/Application->resolve('Illuminate//Cook...', Array)
#12 C:/Users/ALI/Desktop/dar-al-ajneha/backend/vendor/laravel/framework/src/Illuminate/Foundation/Application.php(1065): Illuminate/Container/Container->make('Illuminate//Cook...', Array)
#13 C:/Users/ALI/Desktop/dar-al-ajneha/backend/vendor/laravel/framework/src/Illuminate/Pipeline/Pipeline.php(208): Illuminate/Foundation/Application->make('Illuminate//Cook...')
#14 C:/Users/ALI/Desktop/dar-al-ajneha/backend/vendor/laravel/framework/src/Illuminate/Pipeline/Pipeline.php(137): Illuminate/Pipeline/Pipeline->{closure:{closure:Illuminate/Pipeline/Pipeline::carry():194}:195}(Object(Illuminate/Http/Request))
#15 C:/Users/ALI/Desktop/dar-al-ajneha/backend/vendor/laravel/framework/src/Illuminate/Routing/Router.php(821): Illuminate/Pipeline/Pipeline->then(Object(Closure))
#16 C:/Users/ALI/Desktop/dar-al-ajneha/backend/vendor/laravel/framework/src/Illuminate/Routing/Router.php(800): Illuminate/Routing/Router->runRouteWithinStack(Object(Illuminate/Routing/Route), Object(Illuminate/Http/Request))
#17 C:/Users/ALI/Desktop/dar-al-ajneha/backend/vendor/laravel/framework/src/Illuminate/Routing/Router.php(764): Illuminate/Routing/Router->runRoute(Object(Illuminate/Http/Request), Object(Illuminate/Routing/Route))
#18 C:/Users/ALI/Desktop/dar-al-ajneha/backend/vendor/laravel/framework/src/Illuminate/Routing/Router.php(753): Illuminate/Routing/Router->dispatchToRoute(Object(Illuminate/Http/Request))
#19 C:/Users/ALI/Desktop/dar-al-ajneha/backend/vendor/laravel/framework/src/Illuminate/Foundation/Http/Kernel.php(200): Illuminate/Routing/Router->dispatch(Object(Illuminate/Http/Request))
#20 C:/Users/ALI/Desktop/dar-al-ajneha/backend/vendor/laravel/framework/src/Illuminate/Pipeline/Pipeline.php(180): Illuminate/Foundation/Http/Kernel->{closure:Illuminate/Foundation/Http/Kernel::dispatchToRouter():197}(Object(Illuminate/Http/Request))
#21 C:/Users/ALI/Desktop/dar-al-ajneha/backend/vendor/laravel/framework/src/Illuminate/Foundation/Http/Middleware/TransformsRequest.php(21): Illuminate/Pipeline/Pipeline->{closure:Illuminate/Pipeline/Pipeline::prepareDestination():178}(Object(Illuminate/Http/Request))
#22 C:/Users/ALI/Desktop/dar-al-ajneha/backend/vendor/laravel/framework/src/Illuminate/Foundation/Http/Middleware/ConvertEmptyStringsToNull.php(31): Illuminate/Foundation/Http/Middleware/TransformsRequest->handle(Object(Illuminate/Http/Request), Object(Closure))
#23 C:/Users/ALI/Desktop/dar-al-ajneha/backend/vendor/laravel/framework/src/Illuminate/Pipeline/Pipeline.php(219): Illuminate/Foundation/Http/Middleware/ConvertEmptyStringsToNull->handle(Object(Illuminate/Http/Request), Object(Closure))
#24 C:/Users/ALI/Desktop/dar-al-ajneha/backend/vendor/laravel/framework/src/Illuminate/Foundation/Http/Middleware/TransformsRequest.php(21): Illuminate/Pipeline/Pipeline->{closure:{closure:Illuminate/Pipeline/Pipeline::carry():194}:195}(Object(Illuminate/Http/Request))
#25 C:/Users/ALI/Desktop/dar-al-ajneha/backend/vendor/laravel/framework/src/Illuminate/Foundation/Http/Middleware/TrimStrings.php(51): Illuminate/Foundation/Http/Middleware/TransformsRequest->handle(Object(Illuminate/Http/Request), Object(Closure))
#26 C:/Users/ALI/Desktop/dar-al-ajneha/backend/vendor/laravel/framework/src/Illuminate/Pipeline/Pipeline.php(219): Illuminate/Foundation/Http/Middleware/TrimStrings->handle(Object(Illuminate/Http/Request), Object(Closure))
#27 C:/Users/ALI/Desktop/dar-al-ajneha/backend/vendor/laravel/framework/src/Illuminate/Http/Middleware/ValidatePostSize.php(27): Illuminate/Pipeline/Pipeline->{closure:{closure:Illuminate/Pipeline/Pipeline::carry():194}:195}(Object(Illuminate/Http/Request))
#28 C:/Users/ALI/Desktop/dar-al-ajneha/backend/vendor/laravel/framework/src/Illuminate/Pipeline/Pipeline.php(219): Illuminate/Http/Middleware/ValidatePostSize->handle(Object(Illuminate/Http/Request), Object(Closure))
#29 C:/Users/ALI/Desktop/dar-al-ajneha/backend/vendor/laravel/framework/src/Illuminate/Foundation/Http/Middleware/PreventRequestsDuringMaintenance.php(110): Illuminate/Pipeline/Pipeline->{closure:{closure:Illuminate/Pipeline/Pipeline::carry():194}:195}(Object(Illuminate/Http/Request))
#30 C:/Users/ALI/Desktop/dar-al-ajneha/backend/vendor/laravel/framework/src/Illuminate/Pipeline/Pipeline.php(219): Illuminate/Foundation/Http/Middleware/PreventRequestsDuringMaintenance->handle(Object(Illuminate/Http/Request), Object(Closure))
#31 C:/Users/ALI/Desktop/dar-al-ajneha/backend/vendor/laravel/framework/src/Illuminate/Http/Middleware/HandleCors.php(61): Illuminate/Pipeline/Pipeline->{closure:{closure:Illuminate/Pipeline/Pipeline::carry():194}:195}(Object(Illuminate/Http/Request))
#32 C:/Users/ALI/Desktop/dar-al-ajneha/backend/vendor/laravel/framework/src/Illuminate/Pipeline/Pipeline.php(219): Illuminate/Http/Middleware/HandleCors->handle(Object(Illuminate/Http/Request), Object(Closure))
#33 C:/Users/ALI/Desktop/dar-al-ajneha/backend/vendor/laravel/framework/src/Illuminate/Http/Middleware/TrustProxies.php(58): Illuminate/Pipeline/Pipeline->{closure:{closure:Illuminate/Pipeline/Pipeline::carry():194}:195}(Object(Illuminate/Http/Request))
#34 C:/Users/ALI/Desktop/dar-al-ajneha/backend/vendor/laravel/framework/src/Illuminate/Pipeline/Pipeline.php(219): Illuminate/Http/Middleware/TrustProxies->handle(Object(Illuminate/Http/Request), Object(Closure))
#35 C:/Users/ALI/Desktop/dar-al-ajneha/backend/vendor/laravel/framework/src/Illuminate/Foundation/Http/Middleware/InvokeDeferredCallbacks.php(22): Illuminate/Pipeline/Pipeline->{closure:{closure:Illuminate/Pipeline/Pipeline::carry():194}:195}(Object(Illuminate/Http/Request))
#36 C:/Users/ALI/Desktop/dar-al-ajneha/backend/vendor/laravel/framework/src/Illuminate/Pipeline/Pipeline.php(219): Illuminate/Foundation/Http/Middleware/InvokeDeferredCallbacks->handle(Object(Illuminate/Http/Request), Object(Closure))
#37 C:/Users/ALI/Desktop/dar-al-ajneha/backend/vendor/laravel/framework/src/Illuminate/Http/Middleware/ValidatePathEncoding.php(28): Illuminate/Pipeline/Pipeline->{closure:{closure:Illuminate/Pipeline/Pipeline::carry():194}:195}(Object(Illuminate/Http/Request))
#38 C:/Users/ALI/Desktop/dar-al-ajneha/backend/vendor/laravel/framework/src/Illuminate/Pipeline/Pipeline.php(219): Illuminate/Http/Middleware/ValidatePathEncoding->handle(Object(Illuminate/Http/Request), Object(Closure))
#39 C:/Users/ALI/Desktop/dar-al-ajneha/backend/vendor/laravel/framework/src/Illuminate/Pipeline/Pipeline.php(137): Illuminate/Pipeline/Pipeline->{closure:{closure:Illuminate/Pipeline/Pipeline::carry():194}:195}(Object(Illuminate/Http/Request))
#40 C:/Users/ALI/Desktop/dar-al-ajneha/backend/vendor/laravel/framework/src/Illuminate/Foundation/Http/Kernel.php(175): Illuminate/Pipeline/Pipeline->then(Object(Closure))
#41 C:/Users/ALI/Desktop/dar-al-ajneha/backend/vendor/laravel/framework/src/Illuminate/Foundation/Http/Kernel.php(144): Illuminate/Foundation/Http/Kernel->sendRequestThroughRouter(Object(Illuminate/Http/Request))
#42 C:/Users/ALI/Desktop/dar-al-ajneha/backend/vendor/laravel/framework/src/Illuminate/Foundation/Testing/Concerns/MakesHttpRequests.php(638): Illuminate/Foundation/Http/Kernel->handle(Object(Illuminate/Http/Request))
#43 C:/Users/ALI/Desktop/dar-al-ajneha/backend/vendor/laravel/framework/src/Illuminate/Foundation/Testing/Concerns/MakesHttpRequests.php(368): Illuminate/Foundation/Testing/TestCase->call('GET', '/', Array, Array, Array, Array)
#44 C:/Users/ALI/Desktop/dar-al-ajneha/backend/tests/Feature/ExampleTest.php(15): Illuminate/Foundation/Testing/TestCase->get('/')
#45 C:/Users/ALI/Desktop/dar-al-ajneha/backend/vendor/phpunit/phpunit/src/Framework/TestCase.php(1318): Tests/Feature/ExampleTest->test_the_application_returns_a_successful_response()
#46 C:/Users/ALI/Desktop/dar-al-ajneha/backend/vendor/phpunit/phpunit/src/Framework/TestCase.php(1355): PHPUnit/Framework/TestCase->invokeTestMethod('test_the_applic...', Array)
#47 C:/Users/ALI/Desktop/dar-al-ajneha/backend/vendor/phpunit/phpunit/src/Framework/TestCase.php(521): PHPUnit/Framework/TestCase->runTest()
#48 C:/Users/ALI/Desktop/dar-al-ajneha/backend/vendor/phpunit/phpunit/src/Framework/TestRunner/TestRunner.php(99): PHPUnit/Framework/TestCase->runBare()
#49 C:/Users/ALI/Desktop/dar-al-ajneha/backend/vendor/phpunit/phpunit/src/Framework/TestCase.php(361): PHPUnit/Framework/TestRunner->run(Object(Tests/Feature/ExampleTest))
#50 C:/Users/ALI/Desktop/dar-al-ajneha/backend/vendor/phpunit/phpunit/src/Framework/TestSuite.php(374): PHPUnit/Framework/TestCase->run()
#51 C:/Users/ALI/Desktop/dar-al-ajneha/backend/vendor/phpunit/phpunit/src/Framework/TestSuite.php(374): PHPUnit/Framework/TestSuite->run()
#52 C:/Users/ALI/Desktop/dar-al-ajneha/backend/vendor/phpunit/phpunit/src/Framework/TestSuite.php(374): PHPUnit/Framework/TestSuite->run()
#53 C:/Users/ALI/Desktop/dar-al-ajneha/backend/vendor/phpunit/phpunit/src/TextUI/TestRunner.php(64): PHPUnit/Framework/TestSuite->run()
#54 C:/Users/ALI/Desktop/dar-al-ajneha/backend/vendor/phpunit/phpunit/src/TextUI/Application.php(229): PHPUnit/TextUI/TestRunner->run(Object(PHPUnit/TextUI/Configuration/Configuration), Object(PHPUnit/Runner/ResultCache/DefaultResultCache), Object(PHPUnit/Framework/TestSuite))
#55 C:/Users/ALI/Desktop/dar-al-ajneha/backend/vendor/pestphp/pest/src/Kernel.php(103): PHPUnit/TextUI/Application->run(Array)
#56 C:/Users/ALI/Desktop/dar-al-ajneha/backend/vendor/pestphp/pest/bin/pest(196): Pest/Kernel->handle(Array, Array)
#57 C:/Users/ALI/Desktop/dar-al-ajneha/backend/vendor/pestphp/pest/bin/pest(204): {closure:C:/Users/ALI/Desktop/dar-al-ajneha/backend/vendor/pestphp/pest/bin/pest:19}()
#58 {main}
"} 
[2026-09-30 15:44:43] local.ERROR: SQLSTATE[23000]: Integrity constraint violation: 19 FOREIGN KEY constraint failed (Connection: sqlite, Database: C:/Users/ALI/AppData/Local/Temp/opencode/nplus1.sqlite, SQL: insert into "books" ("title", "slug", "isbn", "status", "language", "is_archived", "book_category_id", "created_at", "updated_at") values (Book 1, book-1, ISBN1, Published, en, 0, 1, 2026-09-30 15:44:42, 2026-09-30 15:44:42)) {"exception":"[object] (Illuminate\\Database\\QueryException(code: 23000): SQLSTATE[23000]: Integrity constraint violation: 19 FOREIGN KEY constraint failed (Connection: sqlite, Database: C:/Users/ALI/AppData/Local/Temp/opencode/nplus1.sqlite, SQL: insert into \"books\" (\"title\", \"slug\", \"isbn\", \"status\", \"language\", \"is_archived\", \"book_category_id\", \"created_at\", \"updated_at\") values (Book 1, book-1, ISBN1, Published, en, 0, 1, 2026-09-30 15:44:42, 2026-09-30 15:44:42)) at C:/Users/ALI/Desktop/dar-al-ajneha/backend/vendor/laravel/framework/src/Illuminate/Database/Connection.php:857)
[stacktrace]
#0 C:/Users/ALI/Desktop/dar-al-ajneha/backend/vendor/laravel/framework/src/Illuminate/Database/Connection.php(813): Illuminate/Database/Connection->runQueryCallback('insert into \"bo...', Array, Object(Closure))
#1 C:/Users/ALI/Desktop/dar-al-ajneha/backend/vendor/laravel/framework/src/Illuminate/Database/Connection.php(590): Illuminate/Database/Connection->run('insert into \"bo...', Array, Object(Closure))
#2 C:/Users/ALI/Desktop/dar-al-ajneha/backend/vendor/laravel/framework/src/Illuminate/Database/Connection.php(554): Illuminate/Database/Connection->statement('insert into \"bo...', Array)
#3 C:/Users/ALI/Desktop/dar-al-ajneha/backend/vendor/laravel/framework/src/Illuminate/Database/Query/Builder.php(4222): Illuminate/Database/Connection->insert('insert into \"bo...', Array)
#4 C:/Users/ALI/AppData/Local/Temp/opencode/nplus1.php(33): Illuminate/Database/Query/Builder->insert(Array)
#5 {main}

[previous exception] [object] (PDOException(code: 23000): SQLSTATE[23000]: Integrity constraint violation: 19 FOREIGN KEY constraint failed at C:/Users/ALI/Desktop/dar-al-ajneha/backend/vendor/laravel/framework/src/Illuminate/Database/Connection.php:601)
[stacktrace]
#0 C:/Users/ALI/Desktop/dar-al-ajneha/backend/vendor/laravel/framework/src/Illuminate/Database/Connection.php(601): PDOStatement->execute()
#1 C:/Users/ALI/Desktop/dar-al-ajneha/backend/vendor/laravel/framework/src/Illuminate/Database/Connection.php(846): Illuminate/Database/Connection->{closure:Illuminate/Database/Connection::statement():590}('insert into \"bo...', Array)
#2 C:/Users/ALI/Desktop/dar-al-ajneha/backend/vendor/laravel/framework/src/Illuminate/Database/Connection.php(813): Illuminate/Database/Connection->runQueryCallback('insert into \"bo...', Array, Object(Closure))
#3 C:/Users/ALI/Desktop/dar-al-ajneha/backend/vendor/laravel/framework/src/Illuminate/Database/Connection.php(590): Illuminate/Database/Connection->run('insert into \"bo...', Array, Object(Closure))
#4 C:/Users/ALI/Desktop/dar-al-ajneha/backend/vendor/laravel/framework/src/Illuminate/Database/Connection.php(554): Illuminate/Database/Connection->statement('insert into \"bo...', Array)
#5 C:/Users/ALI/Desktop/dar-al-ajneha/backend/vendor/laravel/framework/src/Illuminate/Database/Query/Builder.php(4222): Illuminate/Database/Connection->insert('insert into \"bo...', Array)
#6 C:/Users/ALI/AppData/Local/Temp/opencode/nplus1.php(33): Illuminate/Database/Query/Builder->insert(Array)
#7 {main}
"} 
[2026-09-30 15:45:31] local.ERROR: Route [login] not defined. {"exception":"[object] (Symfony\\Component\\Routing\\Exception\\RouteNotFoundException(code: 0): Route [login] not defined. at C:/Users/ALI/Desktop/dar-al-ajneha/backend/vendor/laravel/framework/src/Illuminate/Routing/UrlGenerator.php:542)
[stacktrace]
#0 C:/Users/ALI/Desktop/dar-al-ajneha/backend/vendor/laravel/framework/src/Illuminate/Foundation/helpers.php(870): Illuminate/Routing/UrlGenerator->route('login', Array, true)
#1 C:/Users/ALI/Desktop/dar-al-ajneha/backend/vendor/laravel/framework/src/Illuminate/Foundation/Configuration/ApplicationBuilder.php(291): route('login')
#2 [internal function]: Illuminate/Foundation/Configuration/ApplicationBuilder->{closure:{closure:Illuminate/Foundation/Configuration/ApplicationBuilder::withMiddleware():289}:291}(Object(Illuminate/Http/Request))
#3 C:/Users/ALI/Desktop/dar-al-ajneha/backend/vendor/laravel/framework/src/Illuminate/Auth/Middleware/Authenticate.php(117): call_user_func(Object(Closure), Object(Illuminate/Http/Request))
#4 C:/Users/ALI/Desktop/dar-al-ajneha/backend/vendor/laravel/framework/src/Illuminate/Auth/Middleware/Authenticate.php(104): Illuminate/Auth/Middleware/Authenticate->redirectTo(Object(Illuminate/Http/Request))
#5 C:/Users/ALI/Desktop/dar-al-ajneha/backend/vendor/laravel/framework/src/Illuminate/Auth/Middleware/Authenticate.php(87): Illuminate/Auth/Middleware/Authenticate->unauthenticated(Object(Illuminate/Http/Request), Array)
#6 C:/Users/ALI/Desktop/dar-al-ajneha/backend/vendor/laravel/framework/src/Illuminate/Auth/Middleware/Authenticate.php(61): Illuminate/Auth/Middleware/Authenticate->authenticate(Object(Illuminate/Http/Request), Array)
#7 C:/Users/ALI/Desktop/dar-al-ajneha/backend/vendor/laravel/framework/src/Illuminate/Pipeline/Pipeline.php(219): Illuminate/Auth/Middleware/Authenticate->handle(Object(Illuminate/Http/Request), Object(Closure), 'sanctum')
#8 C:/Users/ALI/Desktop/dar-al-ajneha/backend/vendor/laravel/framework/src/Illuminate/Pipeline/Pipeline.php(137): Illuminate/Pipeline/Pipeline->{closure:{closure:Illuminate/Pipeline/Pipeline::carry():194}:195}(Object(Illuminate/Http/Request))
#9 C:/Users/ALI/Desktop/dar-al-ajneha/backend/vendor/laravel/framework/src/Illuminate/Routing/Router.php(821): Illuminate/Pipeline/Pipeline->then(Object(Closure))
#10 C:/Users/ALI/Desktop/dar-al-ajneha/backend/vendor/laravel/framework/src/Illuminate/Routing/Router.php(800): Illuminate/Routing/Router->runRouteWithinStack(Object(Illuminate/Routing/Route), Object(Illuminate/Http/Request))
#11 C:/Users/ALI/Desktop/dar-al-ajneha/backend/vendor/laravel/framework/src/Illuminate/Routing/Router.php(764): Illuminate/Routing/Router->runRoute(Object(Illuminate/Http/Request), Object(Illuminate/Routing/Route))
#12 C:/Users/ALI/Desktop/dar-al-ajneha/backend/vendor/laravel/framework/src/Illuminate/Routing/Router.php(753): Illuminate/Routing/Router->dispatchToRoute(Object(Illuminate/Http/Request))
#13 C:/Users/ALI/Desktop/dar-al-ajneha/backend/vendor/laravel/framework/src/Illuminate/Foundation/Http/Kernel.php(200): Illuminate/Routing/Router->dispatch(Object(Illuminate/Http/Request))
#14 C:/Users/ALI/Desktop/dar-al-ajneha/backend/vendor/laravel/framework/src/Illuminate/Pipeline/Pipeline.php(180): Illuminate/Foundation/Http/Kernel->{closure:Illuminate/Foundation/Http/Kernel::dispatchToRouter():197}(Object(Illuminate/Http/Request))
#15 C:/Users/ALI/Desktop/dar-al-ajneha/backend/vendor/laravel/framework/src/Illuminate/Foundation/Http/Middleware/TransformsRequest.php(21): Illuminate/Pipeline/Pipeline->{closure:Illuminate/Pipeline/Pipeline::prepareDestination():178}(Object(Illuminate/Http/Request))
#16 C:/Users/ALI/Desktop/dar-al-ajneha/backend/vendor/laravel/framework/src/Illuminate/Foundation/Http/Middleware/ConvertEmptyStringsToNull.php(31): Illuminate/Foundation/Http/Middleware/TransformsRequest->handle(Object(Illuminate/Http/Request), Object(Closure))
#17 C:/Users/ALI/Desktop/dar-al-ajneha/backend/vendor/laravel/framework/src/Illuminate/Pipeline/Pipeline.php(219): Illuminate/Foundation/Http/Middleware/ConvertEmptyStringsToNull->handle(Object(Illuminate/Http/Request), Object(Closure))
#18 C:/Users/ALI/Desktop/dar-al-ajneha/backend/vendor/laravel/framework/src/Illuminate/Foundation/Http/Middleware/TransformsRequest.php(21): Illuminate/Pipeline/Pipeline->{closure:{closure:Illuminate/Pipeline/Pipeline::carry():194}:195}(Object(Illuminate/Http/Request))
#19 C:/Users/ALI/Desktop/dar-al-ajneha/backend/vendor/laravel/framework/src/Illuminate/Foundation/Http/Middleware/TrimStrings.php(51): Illuminate/Foundation/Http/Middleware/TransformsRequest->handle(Object(Illuminate/Http/Request), Object(Closure))
#20 C:/Users/ALI/Desktop/dar-al-ajneha/backend/vendor/laravel/framework/src/Illuminate/Pipeline/Pipeline.php(219): Illuminate/Foundation/Http/Middleware/TrimStrings->handle(Object(Illuminate/Http/Request), Object(Closure))
#21 C:/Users/ALI/Desktop/dar-al-ajneha/backend/vendor/laravel/framework/src/Illuminate/Http/Middleware/ValidatePostSize.php(27): Illuminate/Pipeline/Pipeline->{closure:{closure:Illuminate/Pipeline/Pipeline::carry():194}:195}(Object(Illuminate/Http/Request))
#22 C:/Users/ALI/Desktop/dar-al-ajneha/backend/vendor/laravel/framework/src/Illuminate/Pipeline/Pipeline.php(219): Illuminate/Http/Middleware/ValidatePostSize->handle(Object(Illuminate/Http/Request), Object(Closure))
#23 C:/Users/ALI/Desktop/dar-al-ajneha/backend/vendor/laravel/framework/src/Illuminate/Foundation/Http/Middleware/PreventRequestsDuringMaintenance.php(110): Illuminate/Pipeline/Pipeline->{closure:{closure:Illuminate/Pipeline/Pipeline::carry():194}:195}(Object(Illuminate/Http/Request))
#24 C:/Users/ALI/Desktop/dar-al-ajneha/backend/vendor/laravel/framework/src/Illuminate/Pipeline/Pipeline.php(219): Illuminate/Foundation/Http/Middleware/PreventRequestsDuringMaintenance->handle(Object(Illuminate/Http/Request), Object(Closure))
#25 C:/Users/ALI/Desktop/dar-al-ajneha/backend/vendor/laravel/framework/src/Illuminate/Http/Middleware/HandleCors.php(74): Illuminate/Pipeline/Pipeline->{closure:{closure:Illuminate/Pipeline/Pipeline::carry():194}:195}(Object(Illuminate/Http/Request))
#26 C:/Users/ALI/Desktop/dar-al-ajneha/backend/vendor/laravel/framework/src/Illuminate/Pipeline/Pipeline.php(219): Illuminate/Http/Middleware/HandleCors->handle(Object(Illuminate/Http/Request), Object(Closure))
#27 C:/Users/ALI/Desktop/dar-al-ajneha/backend/vendor/laravel/framework/src/Illuminate/Http/Middleware/TrustProxies.php(58): Illuminate/Pipeline/Pipeline->{closure:{closure:Illuminate/Pipeline/Pipeline::carry():194}:195}(Object(Illuminate/Http/Request))
#28 C:/Users/ALI/Desktop/dar-al-ajneha/backend/vendor/laravel/framework/src/Illuminate/Pipeline/Pipeline.php(219): Illuminate/Http/Middleware/TrustProxies->handle(Object(Illuminate/Http/Request), Object(Closure))
#29 C:/Users/ALI/Desktop/dar-al-ajneha/backend/vendor/laravel/framework/src/Illuminate/Foundation/Http/Middleware/InvokeDeferredCallbacks.php(22): Illuminate/Pipeline/Pipeline->{closure:{closure:Illuminate/Pipeline/Pipeline::carry():194}:195}(Object(Illuminate/Http/Request))
#30 C:/Users/ALI/Desktop/dar-al-ajneha/backend/vendor/laravel/framework/src/Illuminate/Pipeline/Pipeline.php(219): Illuminate/Foundation/Http/Middleware/InvokeDeferredCallbacks->handle(Object(Illuminate/Http/Request), Object(Closure))
#31 C:/Users/ALI/Desktop/dar-al-ajneha/backend/vendor/laravel/framework/src/Illuminate/Http/Middleware/ValidatePathEncoding.php(28): Illuminate/Pipeline/Pipeline->{closure:{closure:Illuminate/Pipeline/Pipeline::carry():194}:195}(Object(Illuminate/Http/Request))
#32 C:/Users/ALI/Desktop/dar-al-ajneha/backend/vendor/laravel/framework/src/Illuminate/Pipeline/Pipeline.php(219): Illuminate/Http/Middleware/ValidatePathEncoding->handle(Object(Illuminate/Http/Request), Object(Closure))
#33 C:/Users/ALI/Desktop/dar-al-ajneha/backend/vendor/laravel/framework/src/Illuminate/Pipeline/Pipeline.php(137): Illuminate/Pipeline/Pipeline->{closure:{closure:Illuminate/Pipeline/Pipeline::carry():194}:195}(Object(Illuminate/Http/Request))
#34 C:/Users/ALI/Desktop/dar-al-ajneha/backend/vendor/laravel/framework/src/Illuminate/Foundation/Http/Kernel.php(175): Illuminate/Pipeline/Pipeline->then(Object(Closure))
#35 C:/Users/ALI/Desktop/dar-al-ajneha/backend/vendor/laravel/framework/src/Illuminate/Foundation/Http/Kernel.php(144): Illuminate/Foundation/Http/Kernel->sendRequestThroughRouter(Object(Illuminate/Http/Request))
#36 C:/Users/ALI/AppData/Local/Temp/opencode/probe.php(20): Illuminate/Foundation/Http/Kernel->handle(Object(Illuminate/Http/Request))
#37 {main}
"} 
[2026-09-30 15:45:44] local.ERROR: Route [login] not defined. {"exception":"[object] (Symfony\\Component\\Routing\\Exception\\RouteNotFoundException(code: 0): Route [login] not defined. at C:/Users/ALI/Desktop/dar-al-ajneha/backend/vendor/laravel/framework/src/Illuminate/Routing/UrlGenerator.php:542)
[stacktrace]
#0 C:/Users/ALI/Desktop/dar-al-ajneha/backend/vendor/laravel/framework/src/Illuminate/Foundation/helpers.php(870): Illuminate/Routing/UrlGenerator->route('login', Array, true)
#1 C:/Users/ALI/Desktop/dar-al-ajneha/backend/vendor/laravel/framework/src/Illuminate/Foundation/Configuration/ApplicationBuilder.php(291): route('login')
#2 [internal function]: Illuminate/Foundation/Configuration/ApplicationBuilder->{closure:{closure:Illuminate/Foundation/Configuration/ApplicationBuilder::withMiddleware():289}:291}(Object(Illuminate/Http/Request))
#3 C:/Users/ALI/Desktop/dar-al-ajneha/backend/vendor/laravel/framework/src/Illuminate/Auth/Middleware/Authenticate.php(117): call_user_func(Object(Closure), Object(Illuminate/Http/Request))
#4 C:/Users/ALI/Desktop/dar-al-ajneha/backend/vendor/laravel/framework/src/Illuminate/Auth/Middleware/Authenticate.php(104): Illuminate/Auth/Middleware/Authenticate->redirectTo(Object(Illuminate/Http/Request))
#5 C:/Users/ALI/Desktop/dar-al-ajneha/backend/vendor/laravel/framework/src/Illuminate/Auth/Middleware/Authenticate.php(87): Illuminate/Auth/Middleware/Authenticate->unauthenticated(Object(Illuminate/Http/Request), Array)
#6 C:/Users/ALI/Desktop/dar-al-ajneha/backend/vendor/laravel/framework/src/Illuminate/Auth/Middleware/Authenticate.php(61): Illuminate/Auth/Middleware/Authenticate->authenticate(Object(Illuminate/Http/Request), Array)
#7 C:/Users/ALI/Desktop/dar-al-ajneha/backend/vendor/laravel/framework/src/Illuminate/Pipeline/Pipeline.php(219): Illuminate/Auth/Middleware/Authenticate->handle(Object(Illuminate/Http/Request), Object(Closure), 'sanctum')
#8 C:/Users/ALI/Desktop/dar-al-ajneha/backend/vendor/laravel/framework/src/Illuminate/Pipeline/Pipeline.php(137): Illuminate/Pipeline/Pipeline->{closure:{closure:Illuminate/Pipeline/Pipeline::carry():194}:195}(Object(Illuminate/Http/Request))
#9 C:/Users/ALI/Desktop/dar-al-ajneha/backend/vendor/laravel/framework/src/Illuminate/Routing/Router.php(821): Illuminate/Pipeline/Pipeline->then(Object(Closure))
#10 C:/Users/ALI/Desktop/dar-al-ajneha/backend/vendor/laravel/framework/src/Illuminate/Routing/Router.php(800): Illuminate/Routing/Router->runRouteWithinStack(Object(Illuminate/Routing/Route), Object(Illuminate/Http/Request))
#11 C:/Users/ALI/Desktop/dar-al-ajneha/backend/vendor/laravel/framework/src/Illuminate/Routing/Router.php(764): Illuminate/Routing/Router->runRoute(Object(Illuminate/Http/Request), Object(Illuminate/Routing/Route))
#12 C:/Users/ALI/Desktop/dar-al-ajneha/backend/vendor/laravel/framework/src/Illuminate/Routing/Router.php(753): Illuminate/Routing/Router->dispatchToRoute(Object(Illuminate/Http/Request))
#13 C:/Users/ALI/Desktop/dar-al-ajneha/backend/vendor/laravel/framework/src/Illuminate/Foundation/Http/Kernel.php(200): Illuminate/Routing/Router->dispatch(Object(Illuminate/Http/Request))
#14 C:/Users/ALI/Desktop/dar-al-ajneha/backend/vendor/laravel/framework/src/Illuminate/Pipeline/Pipeline.php(180): Illuminate/Foundation/Http/Kernel->{closure:Illuminate/Foundation/Http/Kernel::dispatchToRouter():197}(Object(Illuminate/Http/Request))
#15 C:/Users/ALI/Desktop/dar-al-ajneha/backend/vendor/laravel/framework/src/Illuminate/Foundation/Http/Middleware/TransformsRequest.php(21): Illuminate/Pipeline/Pipeline->{closure:Illuminate/Pipeline/Pipeline::prepareDestination():178}(Object(Illuminate/Http/Request))
#16 C:/Users/ALI/Desktop/dar-al-ajneha/backend/vendor/laravel/framework/src/Illuminate/Foundation/Http/Middleware/ConvertEmptyStringsToNull.php(31): Illuminate/Foundation/Http/Middleware/TransformsRequest->handle(Object(Illuminate/Http/Request), Object(Closure))
#17 C:/Users/ALI/Desktop/dar-al-ajneha/backend/vendor/laravel/framework/src/Illuminate/Pipeline/Pipeline.php(219): Illuminate/Foundation/Http/Middleware/ConvertEmptyStringsToNull->handle(Object(Illuminate/Http/Request), Object(Closure))
#18 C:/Users/ALI/Desktop/dar-al-ajneha/backend/vendor/laravel/framework/src/Illuminate/Foundation/Http/Middleware/TransformsRequest.php(21): Illuminate/Pipeline/Pipeline->{closure:{closure:Illuminate/Pipeline/Pipeline::carry():194}:195}(Object(Illuminate/Http/Request))
#19 C:/Users/ALI/Desktop/dar-al-ajneha/backend/vendor/laravel/framework/src/Illuminate/Foundation/Http/Middleware/TrimStrings.php(51): Illuminate/Foundation/Http/Middleware/TransformsRequest->handle(Object(Illuminate/Http/Request), Object(Closure))
#20 C:/Users/ALI/Desktop/dar-al-ajneha/backend/vendor/laravel/framework/src/Illuminate/Pipeline/Pipeline.php(219): Illuminate/Foundation/Http/Middleware/TrimStrings->handle(Object(Illuminate/Http/Request), Object(Closure))
#21 C:/Users/ALI/Desktop/dar-al-ajneha/backend/vendor/laravel/framework/src/Illuminate/Http/Middleware/ValidatePostSize.php(27): Illuminate/Pipeline/Pipeline->{closure:{closure:Illuminate/Pipeline/Pipeline::carry():194}:195}(Object(Illuminate/Http/Request))
#22 C:/Users/ALI/Desktop/dar-al-ajneha/backend/vendor/laravel/framework/src/Illuminate/Pipeline/Pipeline.php(219): Illuminate/Http/Middleware/ValidatePostSize->handle(Object(Illuminate/Http/Request), Object(Closure))
#23 C:/Users/ALI/Desktop/dar-al-ajneha/backend/vendor/laravel/framework/src/Illuminate/Foundation/Http/Middleware/PreventRequestsDuringMaintenance.php(110): Illuminate/Pipeline/Pipeline->{closure:{closure:Illuminate/Pipeline/Pipeline::carry():194}:195}(Object(Illuminate/Http/Request))
#24 C:/Users/ALI/Desktop/dar-al-ajneha/backend/vendor/laravel/framework/src/Illuminate/Pipeline/Pipeline.php(219): Illuminate/Foundation/Http/Middleware/PreventRequestsDuringMaintenance->handle(Object(Illuminate/Http/Request), Object(Closure))
#25 C:/Users/ALI/Desktop/dar-al-ajneha/backend/vendor/laravel/framework/src/Illuminate/Http/Middleware/HandleCors.php(74): Illuminate/Pipeline/Pipeline->{closure:{closure:Illuminate/Pipeline/Pipeline::carry():194}:195}(Object(Illuminate/Http/Request))
#26 C:/Users/ALI/Desktop/dar-al-ajneha/backend/vendor/laravel/framework/src/Illuminate/Pipeline/Pipeline.php(219): Illuminate/Http/Middleware/HandleCors->handle(Object(Illuminate/Http/Request), Object(Closure))
#27 C:/Users/ALI/Desktop/dar-al-ajneha/backend/vendor/laravel/framework/src/Illuminate/Http/Middleware/TrustProxies.php(58): Illuminate/Pipeline/Pipeline->{closure:{closure:Illuminate/Pipeline/Pipeline::carry():194}:195}(Object(Illuminate/Http/Request))
#28 C:/Users/ALI/Desktop/dar-al-ajneha/backend/vendor/laravel/framework/src/Illuminate/Pipeline/Pipeline.php(219): Illuminate/Http/Middleware/TrustProxies->handle(Object(Illuminate/Http/Request), Object(Closure))
#29 C:/Users/ALI/Desktop/dar-al-ajneha/backend/vendor/laravel/framework/src/Illuminate/Foundation/Http/Middleware/InvokeDeferredCallbacks.php(22): Illuminate/Pipeline/Pipeline->{closure:{closure:Illuminate/Pipeline/Pipeline::carry():194}:195}(Object(Illuminate/Http/Request))
#30 C:/Users/ALI/Desktop/dar-al-ajneha/backend/vendor/laravel/framework/src/Illuminate/Pipeline/Pipeline.php(219): Illuminate/Foundation/Http/Middleware/InvokeDeferredCallbacks->handle(Object(Illuminate/Http/Request), Object(Closure))
#31 C:/Users/ALI/Desktop/dar-al-ajneha/backend/vendor/laravel/framework/src/Illuminate/Http/Middleware/ValidatePathEncoding.php(28): Illuminate/Pipeline/Pipeline->{closure:{closure:Illuminate/Pipeline/Pipeline::carry():194}:195}(Object(Illuminate/Http/Request))
#32 C:/Users/ALI/Desktop/dar-al-ajneha/backend/vendor/laravel/framework/src/Illuminate/Pipeline/Pipeline.php(219): Illuminate/Http/Middleware/ValidatePathEncoding->handle(Object(Illuminate/Http/Request), Object(Closure))
#33 C:/Users/ALI/Desktop/dar-al-ajneha/backend/vendor/laravel/framework/src/Illuminate/Pipeline/Pipeline.php(137): Illuminate/Pipeline/Pipeline->{closure:{closure:Illuminate/Pipeline/Pipeline::carry():194}:195}(Object(Illuminate/Http/Request))
#34 C:/Users/ALI/Desktop/dar-al-ajneha/backend/vendor/laravel/framework/src/Illuminate/Foundation/Http/Kernel.php(175): Illuminate/Pipeline/Pipeline->then(Object(Closure))
#35 C:/Users/ALI/Desktop/dar-al-ajneha/backend/vendor/laravel/framework/src/Illuminate/Foundation/Http/Kernel.php(144): Illuminate/Foundation/Http/Kernel->sendRequestThroughRouter(Object(Illuminate/Http/Request))
#36 C:/Users/ALI/AppData/Local/Temp/opencode/probe2.php(12): Illuminate/Foundation/Http/Kernel->handle(Object(Illuminate/Http/Request))
#37 {main}
"} 
[2026-09-30 15:47:57] testing.ERROR: App\Models\User::createToken(): Argument #2 ($abilities) must be of type array, Illuminate\Support\Carbon given, called in C:\Users\ALI\Desktop\dar-al-ajneha\backend\app\Http\Controllers\Auth\AuthController.php on line 47 {"exception":"[object] (TypeError(code: 0): App\\Models\\User::createToken(): Argument #2 ($abilities) must be of type array, Illuminate\\Support\\Carbon given, called in C:\\Users\\ALI\\Desktop\\dar-al-ajneha\\backend\\app\\Http\\Controllers\\Auth\\AuthController.php on line 47 at C:/Users/ALI/Desktop/dar-al-ajneha/backend/vendor/laravel/sanctum/src/HasApiTokens.php:60)
[stacktrace]
#0 C:/Users/ALI/Desktop/dar-al-ajneha/backend/app/Http/Controllers/Auth/AuthController.php(47): App/Models/User->createToken('auth-token', Object(Illuminate/Support/Carbon))
#1 C:/Users/ALI/Desktop/dar-al-ajneha/backend/vendor/laravel/framework/src/Illuminate/Routing/Controller.php(54): App/Http/Controllers/Auth/AuthController->login(Object(App/Http/Requests/Auth/LoginRequest))
#2 C:/Users/ALI/Desktop/dar-al-ajneha/backend/vendor/laravel/framework/src/Illuminate/Routing/ControllerDispatcher.php(43): Illuminate/Routing/Controller->callAction('login', Array)
#3 C:/Users/ALI/Desktop/dar-al-ajneha/backend/vendor/laravel/framework/src/Illuminate/Routing/Route.php(276): Illuminate/Routing/ControllerDispatcher->dispatch(Object(Illuminate/Routing/Route), Object(App/Http/Controllers/Auth/AuthController), 'login')
#4 C:/Users/ALI/Desktop/dar-al-ajneha/backend/vendor/laravel/framework/src/Illuminate/Routing/Route.php(216): Illuminate/Routing/Route->runController()
#5 C:/Users/ALI/Desktop/dar-al-ajneha/backend/vendor/laravel/framework/src/Illuminate/Routing/Router.php(822): Illuminate/Routing/Route->run()
#6 C:/Users/ALI/Desktop/dar-al-ajneha/backend/vendor/laravel/framework/src/Illuminate/Pipeline/Pipeline.php(180): Illuminate/Routing/Router->{closure:Illuminate/Routing/Router::runRouteWithinStack():821}(Object(Illuminate/Http/Request))
#7 C:/Users/ALI/Desktop/dar-al-ajneha/backend/vendor/laravel/framework/src/Illuminate/Routing/Middleware/SubstituteBindings.php(52): Illuminate/Pipeline/Pipeline->{closure:Illuminate/Pipeline/Pipeline::prepareDestination():178}(Object(Illuminate/Http/Request))
#8 C:/Users/ALI/Desktop/dar-al-ajneha/backend/vendor/laravel/framework/src/Illuminate/Pipeline/Pipeline.php(219): Illuminate/Routing/Middleware/SubstituteBindings->handle(Object(Illuminate/Http/Request), Object(Closure))
#9 C:/Users/ALI/Desktop/dar-al-ajneha/backend/vendor/laravel/framework/src/Illuminate/Routing/Middleware/ThrottleRequests.php(168): Illuminate/Pipeline/Pipeline->{closure:{closure:Illuminate/Pipeline/Pipeline::carry():194}:195}(Object(Illuminate/Http/Request))
#10 C:/Users/ALI/Desktop/dar-al-ajneha/backend/vendor/laravel/framework/src/Illuminate/Routing/Middleware/ThrottleRequests.php(93): Illuminate/Routing/Middleware/ThrottleRequests->handleRequest(Object(Illuminate/Http/Request), Object(Closure), Array)
#11 C:/Users/ALI/Desktop/dar-al-ajneha/backend/vendor/laravel/framework/src/Illuminate/Pipeline/Pipeline.php(219): Illuminate/Routing/Middleware/ThrottleRequests->handle(Object(Illuminate/Http/Request), Object(Closure), '5', '1')
#12 C:/Users/ALI/Desktop/dar-al-ajneha/backend/vendor/laravel/sanctum/src/Http/Middleware/EnsureFrontendRequestsAreStateful.php(26): Illuminate/Pipeline/Pipeline->{closure:{closure:Illuminate/Pipeline/Pipeline::carry():194}:195}(Object(Illuminate/Http/Request))
#13 C:/Users/ALI/Desktop/dar-al-ajneha/backend/vendor/laravel/framework/src/Illuminate/Pipeline/Pipeline.php(180): Laravel/Sanctum/Http/Middleware/EnsureFrontendRequestsAreStateful->{closure:Laravel/Sanctum/Http/Middleware/EnsureFrontendRequestsAreStateful::handle():25}(Object(Illuminate/Http/Request))
#14 C:/Users/ALI/Desktop/dar-al-ajneha/backend/vendor/laravel/framework/src/Illuminate/Pipeline/Pipeline.php(137): Illuminate/Pipeline/Pipeline->{closure:Illuminate/Pipeline/Pipeline::prepareDestination():178}(Object(Illuminate/Http/Request))
#15 C:/Users/ALI/Desktop/dar-al-ajneha/backend/vendor/laravel/sanctum/src/Http/Middleware/EnsureFrontendRequestsAreStateful.php(25): Illuminate/Pipeline/Pipeline->then(Object(Closure))
#16 C:/Users/ALI/Desktop/dar-al-ajneha/backend/vendor/laravel/framework/src/Illuminate/Pipeline/Pipeline.php(219): Laravel/Sanctum/Http/Middleware/EnsureFrontendRequestsAreStateful->handle(Object(Illuminate/Http/Request), Object(Closure))
#17 C:/Users/ALI/Desktop/dar-al-ajneha/backend/vendor/laravel/framework/src/Illuminate/Pipeline/Pipeline.php(137): Illuminate/Pipeline/Pipeline->{closure:{closure:Illuminate/Pipeline/Pipeline::carry():194}:195}(Object(Illuminate/Http/Request))
#18 C:/Users/ALI/Desktop/dar-al-ajneha/backend/vendor/laravel/framework/src/Illuminate/Routing/Router.php(821): Illuminate/Pipeline/Pipeline->then(Object(Closure))
#19 C:/Users/ALI/Desktop/dar-al-ajneha/backend/vendor/laravel/framework/src/Illuminate/Routing/Router.php(800): Illuminate/Routing/Router->runRouteWithinStack(Object(Illuminate/Routing/Route), Object(Illuminate/Http/Request))
#20 C:/Users/ALI/Desktop/dar-al-ajneha/backend/vendor/laravel/framework/src/Illuminate/Routing/Router.php(764): Illuminate/Routing/Router->runRoute(Object(Illuminate/Http/Request), Object(Illuminate/Routing/Route))
#21 C:/Users/ALI/Desktop/dar-al-ajneha/backend/vendor/laravel/framework/src/Illuminate/Routing/Router.php(753): Illuminate/Routing/Router->dispatchToRoute(Object(Illuminate/Http/Request))
#22 C:/Users/ALI/Desktop/dar-al-ajneha/backend/vendor/laravel/framework/src/Illuminate/Foundation/Http/Kernel.php(200): Illuminate/Routing/Router->dispatch(Object(Illuminate/Http/Request))
#23 C:/Users/ALI/Desktop/dar-al-ajneha/backend/vendor/laravel/framework/src/Illuminate/Pipeline/Pipeline.php(180): Illuminate/Foundation/Http/Kernel->{closure:Illuminate/Foundation/Http/Kernel::dispatchToRouter():197}(Object(Illuminate/Http/Request))
#24 C:/Users/ALI/Desktop/dar-al-ajneha/backend/vendor/laravel/framework/src/Illuminate/Foundation/Http/Middleware/TransformsRequest.php(21): Illuminate/Pipeline/Pipeline->{closure:Illuminate/Pipeline/Pipeline::prepareDestination():178}(Object(Illuminate/Http/Request))
#25 C:/Users/ALI/Desktop/dar-al-ajneha/backend/vendor/laravel/framework/src/Illuminate/Foundation/Http/Middleware/ConvertEmptyStringsToNull.php(31): Illuminate/Foundation/Http/Middleware/TransformsRequest->handle(Object(Illuminate/Http/Request), Object(Closure))
#26 C:/Users/ALI/Desktop/dar-al-ajneha/backend/vendor/laravel/framework/src/Illuminate/Pipeline/Pipeline.php(219): Illuminate/Foundation/Http/Middleware/ConvertEmptyStringsToNull->handle(Object(Illuminate/Http/Request), Object(Closure))
#27 C:/Users/ALI/Desktop/dar-al-ajneha/backend/vendor/laravel/framework/src/Illuminate/Foundation/Http/Middleware/TransformsRequest.php(21): Illuminate/Pipeline/Pipeline->{closure:{closure:Illuminate/Pipeline/Pipeline::carry():194}:195}(Object(Illuminate/Http/Request))
#28 C:/Users/ALI/Desktop/dar-al-ajneha/backend/vendor/laravel/framework/src/Illuminate/Foundation/Http/Middleware/TrimStrings.php(51): Illuminate/Foundation/Http/Middleware/TransformsRequest->handle(Object(Illuminate/Http/Request), Object(Closure))
#29 C:/Users/ALI/Desktop/dar-al-ajneha/backend/vendor/laravel/framework/src/Illuminate/Pipeline/Pipeline.php(219): Illuminate/Foundation/Http/Middleware/TrimStrings->handle(Object(Illuminate/Http/Request), Object(Closure))
#30 C:/Users/ALI/Desktop/dar-al-ajneha/backend/vendor/laravel/framework/src/Illuminate/Http/Middleware/ValidatePostSize.php(27): Illuminate/Pipeline/Pipeline->{closure:{closure:Illuminate/Pipeline/Pipeline::carry():194}:195}(Object(Illuminate/Http/Request))
#31 C:/Users/ALI/Desktop/dar-al-ajneha/backend/vendor/laravel/framework/src/Illuminate/Pipeline/Pipeline.php(219): Illuminate/Http/Middleware/ValidatePostSize->handle(Object(Illuminate/Http/Request), Object(Closure))
#32 C:/Users/ALI/Desktop/dar-al-ajneha/backend/vendor/laravel/framework/src/Illuminate/Foundation/Http/Middleware/PreventRequestsDuringMaintenance.php(110): Illuminate/Pipeline/Pipeline->{closure:{closure:Illuminate/Pipeline/Pipeline::carry():194}:195}(Object(Illuminate/Http/Request))
#33 C:/Users/ALI/Desktop/dar-al-ajneha/backend/vendor/laravel/framework/src/Illuminate/Pipeline/Pipeline.php(219): Illuminate/Foundation/Http/Middleware/PreventRequestsDuringMaintenance->handle(Object(Illuminate/Http/Request), Object(Closure))
#34 C:/Users/ALI/Desktop/dar-al-ajneha/backend/vendor/laravel/framework/src/Illuminate/Http/Middleware/HandleCors.php(74): Illuminate/Pipeline/Pipeline->{closure:{closure:Illuminate/Pipeline/Pipeline::carry():194}:195}(Object(Illuminate/Http/Request))
#35 C:/Users/ALI/Desktop/dar-al-ajneha/backend/vendor/laravel/framework/src/Illuminate/Pipeline/Pipeline.php(219): Illuminate/Http/Middleware/HandleCors->handle(Object(Illuminate/Http/Request), Object(Closure))
#36 C:/Users/ALI/Desktop/dar-al-ajneha/backend/vendor/laravel/framework/src/Illuminate/Http/Middleware/TrustProxies.php(58): Illuminate/Pipeline/Pipeline->{closure:{closure:Illuminate/Pipeline/Pipeline::carry():194}:195}(Object(Illuminate/Http/Request))
#37 C:/Users/ALI/Desktop/dar-al-ajneha/backend/vendor/laravel/framework/src/Illuminate/Pipeline/Pipeline.php(219): Illuminate/Http/Middleware/TrustProxies->handle(Object(Illuminate/Http/Request), Object(Closure))
#38 C:/Users/ALI/Desktop/dar-al-ajneha/backend/vendor/laravel/framework/src/Illuminate/Foundation/Http/Middleware/InvokeDeferredCallbacks.php(22): Illuminate/Pipeline/Pipeline->{closure:{closure:Illuminate/Pipeline/Pipeline::carry():194}:195}(Object(Illuminate/Http/Request))
#39 C:/Users/ALI/Desktop/dar-al-ajneha/backend/vendor/laravel/framework/src/Illuminate/Pipeline/Pipeline.php(219): Illuminate/Foundation/Http/Middleware/InvokeDeferredCallbacks->handle(Object(Illuminate/Http/Request), Object(Closure))
#40 C:/Users/ALI/Desktop/dar-al-ajneha/backend/vendor/laravel/framework/src/Illuminate/Http/Middleware/ValidatePathEncoding.php(28): Illuminate/Pipeline/Pipeline->{closure:{closure:Illuminate/Pipeline/Pipeline::carry():194}:195}(Object(Illuminate/Http/Request))
#41 C:/Users/ALI/Desktop/dar-al-ajneha/backend/vendor/laravel/framework/src/Illuminate/Pipeline/Pipeline.php(219): Illuminate/Http/Middleware/ValidatePathEncoding->handle(Object(Illuminate/Http/Request), Object(Closure))
#42 C:/Users/ALI/Desktop/dar-al-ajneha/backend/vendor/laravel/framework/src/Illuminate/Pipeline/Pipeline.php(137): Illuminate/Pipeline/Pipeline->{closure:{closure:Illuminate/Pipeline/Pipeline::carry():194}:195}(Object(Illuminate/Http/Request))
#43 C:/Users/ALI/Desktop/dar-al-ajneha/backend/vendor/laravel/framework/src/Illuminate/Foundation/Http/Kernel.php(175): Illuminate/Pipeline/Pipeline->then(Object(Closure))
#44 C:/Users/ALI/Desktop/dar-al-ajneha/backend/vendor/laravel/framework/src/Illuminate/Foundation/Http/Kernel.php(144): Illuminate/Foundation/Http/Kernel->sendRequestThroughRouter(Object(Illuminate/Http/Request))
#45 C:/Users/ALI/Desktop/dar-al-ajneha/backend/vendor/laravel/framework/src/Illuminate/Foundation/Testing/Concerns/MakesHttpRequests.php(638): Illuminate/Foundation/Http/Kernel->handle(Object(Illuminate/Http/Request))
#46 C:/Users/ALI/Desktop/dar-al-ajneha/backend/vendor/laravel/framework/src/Illuminate/Foundation/Testing/Concerns/MakesHttpRequests.php(604): Illuminate/Foundation/Testing/TestCase->call('POST', '/api/v1/auth/lo...', Array, Array, Array, Array, '{\"email\":\"expir...')
#47 C:/Users/ALI/Desktop/dar-al-ajneha/backend/vendor/laravel/framework/src/Illuminate/Foundation/Testing/Concerns/MakesHttpRequests.php(411): Illuminate/Foundation/Testing/TestCase->json('POST', '/api/v1/auth/lo...', Array, Array, 0)
#48 C:/Users/ALI/Desktop/dar-al-ajneha/backend/tests/Feature/Auth/StatefulAuthTest.php(40): Illuminate/Foundation/Testing/TestCase->postJson('/api/v1/auth/lo...', Array)
#49 C:/Users/ALI/Desktop/dar-al-ajneha/backend/vendor/pestphp/pest/src/Factories/TestCaseMethodFactory.php(177): P/Tests/Feature/Auth/StatefulAuthTest->{closure:C:/Users/ALI/Desktop/dar-al-ajneha/backend/tests/Feature/Auth/StatefulAuthTest.php:33}()
#50 [internal function]: P/Tests/Feature/Auth/StatefulAuthTest->{closure:Pest/Factories/TestCaseMethodFactory::getClosure():167}()
#51 C:/Users/ALI/Desktop/dar-al-ajneha/backend/vendor/pestphp/pest/src/Concerns/Testable.php(514): call_user_func_array(Object(Closure), Array)
#52 C:/Users/ALI/Desktop/dar-al-ajneha/backend/vendor/pestphp/pest/src/Support/ExceptionTrace.php(26): P/Tests/Feature/Auth/StatefulAuthTest->{closure:Pest/Concerns/Testable::__callClosure():514}()
#53 C:/Users/ALI/Desktop/dar-al-ajneha/backend/vendor/pestphp/pest/src/Concerns/Testable.php(514): Pest/Support/ExceptionTrace::ensure(Object(Closure))
#54 C:/Users/ALI/Desktop/dar-al-ajneha/backend/vendor/pestphp/pest/src/Concerns/Testable.php(336): P/Tests/Feature/Auth/StatefulAuthTest->__callClosure(Object(Closure), Array)
#55 C:/Users/ALI/Desktop/dar-al-ajneha/backend/vendor/pestphp/pest/src/Factories/TestCaseFactory.php(179) : eval()'d code(74): P/Tests/Feature/Auth/StatefulAuthTest->__runTest(Object(Closure))
#56 C:/Users/ALI/Desktop/dar-al-ajneha/backend/vendor/phpunit/phpunit/src/Framework/TestCase.php(1318): P/Tests/Feature/Auth/StatefulAuthTest->__pest_evaluable_login_issues_a_token_with_an_expiry()
#57 C:/Users/ALI/Desktop/dar-al-ajneha/backend/vendor/phpunit/phpunit/src/Framework/TestCase.php(1355): PHPUnit/Framework/TestCase->invokeTestMethod('__pest_evaluabl...', Array)
#58 C:/Users/ALI/Desktop/dar-al-ajneha/backend/vendor/phpunit/phpunit/src/Framework/TestCase.php(521): PHPUnit/Framework/TestCase->runTest()
#59 C:/Users/ALI/Desktop/dar-al-ajneha/backend/vendor/phpunit/phpunit/src/Framework/TestRunner/TestRunner.php(99): PHPUnit/Framework/TestCase->runBare()
#60 C:/Users/ALI/Desktop/dar-al-ajneha/backend/vendor/phpunit/phpunit/src/Framework/TestCase.php(361): PHPUnit/Framework/TestRunner->run(Object(P/Tests/Feature/Auth/StatefulAuthTest))
#61 C:/Users/ALI/Desktop/dar-al-ajneha/backend/vendor/phpunit/phpunit/src/Framework/TestSuite.php(374): PHPUnit/Framework/TestCase->run()
#62 C:/Users/ALI/Desktop/dar-al-ajneha/backend/vendor/phpunit/phpunit/src/Framework/TestSuite.php(374): PHPUnit/Framework/TestSuite->run()
#63 C:/Users/ALI/Desktop/dar-al-ajneha/backend/vendor/phpunit/phpunit/src/Framework/TestSuite.php(374): PHPUnit/Framework/TestSuite->run()
#64 C:/Users/ALI/Desktop/dar-al-ajneha/backend/vendor/phpunit/phpunit/src/TextUI/TestRunner.php(64): PHPUnit/Framework/TestSuite->run()
#65 C:/Users/ALI/Desktop/dar-al-ajneha/backend/vendor/phpunit/phpunit/src/TextUI/Application.php(229): PHPUnit/TextUI/TestRunner->run(Object(PHPUnit/TextUI/Configuration/Configuration), Object(PHPUnit/Runner/ResultCache/DefaultResultCache), Object(PHPUnit/Framework/TestSuite))
#66 C:/Users/ALI/Desktop/dar-al-ajneha/backend/vendor/pestphp/pest/src/Kernel.php(103): PHPUnit/TextUI/Application->run(Array)
#67 C:/Users/ALI/Desktop/dar-al-ajneha/backend/vendor/pestphp/pest/bin/pest(196): Pest/Kernel->handle(Array, Array)
#68 C:/Users/ALI/Desktop/dar-al-ajneha/backend/vendor/pestphp/pest/bin/pest(204): {closure:C:/Users/ALI/Desktop/dar-al-ajneha/backend/vendor/pestphp/pest/bin/pest:19}()
#69 {main}
"} 
[2026-09-30 15:47:57] testing.ERROR: App\Models\User::createToken(): Argument #2 ($abilities) must be of type array, Illuminate\Support\Carbon given, called in C:\Users\ALI\Desktop\dar-al-ajneha\backend\app\Http\Controllers\Auth\AuthController.php on line 47 {"exception":"[object] (TypeError(code: 0): App\\Models\\User::createToken(): Argument #2 ($abilities) must be of type array, Illuminate\\Support\\Carbon given, called in C:\\Users\\ALI\\Desktop\\dar-al-ajneha\\backend\\app\\Http\\Controllers\\Auth\\AuthController.php on line 47 at C:/Users/ALI/Desktop/dar-al-ajneha/backend/vendor/laravel/sanctum/src/HasApiTokens.php:60)
[stacktrace]
#0 C:/Users/ALI/Desktop/dar-al-ajneha/backend/app/Http/Controllers/Auth/AuthController.php(47): App/Models/User->createToken('auth-token', Object(Illuminate/Support/Carbon))
#1 C:/Users/ALI/Desktop/dar-al-ajneha/backend/vendor/laravel/framework/src/Illuminate/Routing/Controller.php(54): App/Http/Controllers/Auth/AuthController->login(Object(App/Http/Requests/Auth/LoginRequest))
#2 C:/Users/ALI/Desktop/dar-al-ajneha/backend/vendor/laravel/framework/src/Illuminate/Routing/ControllerDispatcher.php(43): Illuminate/Routing/Controller->callAction('login', Array)
#3 C:/Users/ALI/Desktop/dar-al-ajneha/backend/vendor/laravel/framework/src/Illuminate/Routing/Route.php(276): Illuminate/Routing/ControllerDispatcher->dispatch(Object(Illuminate/Routing/Route), Object(App/Http/Controllers/Auth/AuthController), 'login')
#4 C:/Users/ALI/Desktop/dar-al-ajneha/backend/vendor/laravel/framework/src/Illuminate/Routing/Route.php(216): Illuminate/Routing/Route->runController()
#5 C:/Users/ALI/Desktop/dar-al-ajneha/backend/vendor/laravel/framework/src/Illuminate/Routing/Router.php(822): Illuminate/Routing/Route->run()
#6 C:/Users/ALI/Desktop/dar-al-ajneha/backend/vendor/laravel/framework/src/Illuminate/Pipeline/Pipeline.php(180): Illuminate/Routing/Router->{closure:Illuminate/Routing/Router::runRouteWithinStack():821}(Object(Illuminate/Http/Request))
#7 C:/Users/ALI/Desktop/dar-al-ajneha/backend/vendor/laravel/framework/src/Illuminate/Routing/Middleware/SubstituteBindings.php(52): Illuminate/Pipeline/Pipeline->{closure:Illuminate/Pipeline/Pipeline::prepareDestination():178}(Object(Illuminate/Http/Request))
#8 C:/Users/ALI/Desktop/dar-al-ajneha/backend/vendor/laravel/framework/src/Illuminate/Pipeline/Pipeline.php(219): Illuminate/Routing/Middleware/SubstituteBindings->handle(Object(Illuminate/Http/Request), Object(Closure))
#9 C:/Users/ALI/Desktop/dar-al-ajneha/backend/vendor/laravel/framework/src/Illuminate/Routing/Middleware/ThrottleRequests.php(168): Illuminate/Pipeline/Pipeline->{closure:{closure:Illuminate/Pipeline/Pipeline::carry():194}:195}(Object(Illuminate/Http/Request))
#10 C:/Users/ALI/Desktop/dar-al-ajneha/backend/vendor/laravel/framework/src/Illuminate/Routing/Middleware/ThrottleRequests.php(93): Illuminate/Routing/Middleware/ThrottleRequests->handleRequest(Object(Illuminate/Http/Request), Object(Closure), Array)
#11 C:/Users/ALI/Desktop/dar-al-ajneha/backend/vendor/laravel/framework/src/Illuminate/Pipeline/Pipeline.php(219): Illuminate/Routing/Middleware/ThrottleRequests->handle(Object(Illuminate/Http/Request), Object(Closure), '5', '1')
#12 C:/Users/ALI/Desktop/dar-al-ajneha/backend/vendor/laravel/sanctum/src/Http/Middleware/EnsureFrontendRequestsAreStateful.php(26): Illuminate/Pipeline/Pipeline->{closure:{closure:Illuminate/Pipeline/Pipeline::carry():194}:195}(Object(Illuminate/Http/Request))
#13 C:/Users/ALI/Desktop/dar-al-ajneha/backend/vendor/laravel/framework/src/Illuminate/Pipeline/Pipeline.php(180): Laravel/Sanctum/Http/Middleware/EnsureFrontendRequestsAreStateful->{closure:Laravel/Sanctum/Http/Middleware/EnsureFrontendRequestsAreStateful::handle():25}(Object(Illuminate/Http/Request))
#14 C:/Users/ALI/Desktop/dar-al-ajneha/backend/vendor/laravel/framework/src/Illuminate/Pipeline/Pipeline.php(137): Illuminate/Pipeline/Pipeline->{closure:Illuminate/Pipeline/Pipeline::prepareDestination():178}(Object(Illuminate/Http/Request))
#15 C:/Users/ALI/Desktop/dar-al-ajneha/backend/vendor/laravel/sanctum/src/Http/Middleware/EnsureFrontendRequestsAreStateful.php(25): Illuminate/Pipeline/Pipeline->then(Object(Closure))
#16 C:/Users/ALI/Desktop/dar-al-ajneha/backend/vendor/laravel/framework/src/Illuminate/Pipeline/Pipeline.php(219): Laravel/Sanctum/Http/Middleware/EnsureFrontendRequestsAreStateful->handle(Object(Illuminate/Http/Request), Object(Closure))
#17 C:/Users/ALI/Desktop/dar-al-ajneha/backend/vendor/laravel/framework/src/Illuminate/Pipeline/Pipeline.php(137): Illuminate/Pipeline/Pipeline->{closure:{closure:Illuminate/Pipeline/Pipeline::carry():194}:195}(Object(Illuminate/Http/Request))
#18 C:/Users/ALI/Desktop/dar-al-ajneha/backend/vendor/laravel/framework/src/Illuminate/Routing/Router.php(821): Illuminate/Pipeline/Pipeline->then(Object(Closure))
#19 C:/Users/ALI/Desktop/dar-al-ajneha/backend/vendor/laravel/framework/src/Illuminate/Routing/Router.php(800): Illuminate/Routing/Router->runRouteWithinStack(Object(Illuminate/Routing/Route), Object(Illuminate/Http/Request))
#20 C:/Users/ALI/Desktop/dar-al-ajneha/backend/vendor/laravel/framework/src/Illuminate/Routing/Router.php(764): Illuminate/Routing/Router->runRoute(Object(Illuminate/Http/Request), Object(Illuminate/Routing/Route))
#21 C:/Users/ALI/Desktop/dar-al-ajneha/backend/vendor/laravel/framework/src/Illuminate/Routing/Router.php(753): Illuminate/Routing/Router->dispatchToRoute(Object(Illuminate/Http/Request))
#22 C:/Users/ALI/Desktop/dar-al-ajneha/backend/vendor/laravel/framework/src/Illuminate/Foundation/Http/Kernel.php(200): Illuminate/Routing/Router->dispatch(Object(Illuminate/Http/Request))
#23 C:/Users/ALI/Desktop/dar-al-ajneha/backend/vendor/laravel/framework/src/Illuminate/Pipeline/Pipeline.php(180): Illuminate/Foundation/Http/Kernel->{closure:Illuminate/Foundation/Http/Kernel::dispatchToRouter():197}(Object(Illuminate/Http/Request))
#24 C:/Users/ALI/Desktop/dar-al-ajneha/backend/vendor/laravel/framework/src/Illuminate/Foundation/Http/Middleware/TransformsRequest.php(21): Illuminate/Pipeline/Pipeline->{closure:Illuminate/Pipeline/Pipeline::prepareDestination():178}(Object(Illuminate/Http/Request))
#25 C:/Users/ALI/Desktop/dar-al-ajneha/backend/vendor/laravel/framework/src/Illuminate/Foundation/Http/Middleware/ConvertEmptyStringsToNull.php(31): Illuminate/Foundation/Http/Middleware/TransformsRequest->handle(Object(Illuminate/Http/Request), Object(Closure))
#26 C:/Users/ALI/Desktop/dar-al-ajneha/backend/vendor/laravel/framework/src/Illuminate/Pipeline/Pipeline.php(219): Illuminate/Foundation/Http/Middleware/ConvertEmptyStringsToNull->handle(Object(Illuminate/Http/Request), Object(Closure))
#27 C:/Users/ALI/Desktop/dar-al-ajneha/backend/vendor/laravel/framework/src/Illuminate/Foundation/Http/Middleware/TransformsRequest.php(21): Illuminate/Pipeline/Pipeline->{closure:{closure:Illuminate/Pipeline/Pipeline::carry():194}:195}(Object(Illuminate/Http/Request))
#28 C:/Users/ALI/Desktop/dar-al-ajneha/backend/vendor/laravel/framework/src/Illuminate/Foundation/Http/Middleware/TrimStrings.php(51): Illuminate/Foundation/Http/Middleware/TransformsRequest->handle(Object(Illuminate/Http/Request), Object(Closure))
#29 C:/Users/ALI/Desktop/dar-al-ajneha/backend/vendor/laravel/framework/src/Illuminate/Pipeline/Pipeline.php(219): Illuminate/Foundation/Http/Middleware/TrimStrings->handle(Object(Illuminate/Http/Request), Object(Closure))
#30 C:/Users/ALI/Desktop/dar-al-ajneha/backend/vendor/laravel/framework/src/Illuminate/Http/Middleware/ValidatePostSize.php(27): Illuminate/Pipeline/Pipeline->{closure:{closure:Illuminate/Pipeline/Pipeline::carry():194}:195}(Object(Illuminate/Http/Request))
#31 C:/Users/ALI/Desktop/dar-al-ajneha/backend/vendor/laravel/framework/src/Illuminate/Pipeline/Pipeline.php(219): Illuminate/Http/Middleware/ValidatePostSize->handle(Object(Illuminate/Http/Request), Object(Closure))
#32 C:/Users/ALI/Desktop/dar-al-ajneha/backend/vendor/laravel/framework/src/Illuminate/Foundation/Http/Middleware/PreventRequestsDuringMaintenance.php(110): Illuminate/Pipeline/Pipeline->{closure:{closure:Illuminate/Pipeline/Pipeline::carry():194}:195}(Object(Illuminate/Http/Request))
#33 C:/Users/ALI/Desktop/dar-al-ajneha/backend/vendor/laravel/framework/src/Illuminate/Pipeline/Pipeline.php(219): Illuminate/Foundation/Http/Middleware/PreventRequestsDuringMaintenance->handle(Object(Illuminate/Http/Request), Object(Closure))
#34 C:/Users/ALI/Desktop/dar-al-ajneha/backend/vendor/laravel/framework/src/Illuminate/Http/Middleware/HandleCors.php(74): Illuminate/Pipeline/Pipeline->{closure:{closure:Illuminate/Pipeline/Pipeline::carry():194}:195}(Object(Illuminate/Http/Request))
#35 C:/Users/ALI/Desktop/dar-al-ajneha/backend/vendor/laravel/framework/src/Illuminate/Pipeline/Pipeline.php(219): Illuminate/Http/Middleware/HandleCors->handle(Object(Illuminate/Http/Request), Object(Closure))
#36 C:/Users/ALI/Desktop/dar-al-ajneha/backend/vendor/laravel/framework/src/Illuminate/Http/Middleware/TrustProxies.php(58): Illuminate/Pipeline/Pipeline->{closure:{closure:Illuminate/Pipeline/Pipeline::carry():194}:195}(Object(Illuminate/Http/Request))
#37 C:/Users/ALI/Desktop/dar-al-ajneha/backend/vendor/laravel/framework/src/Illuminate/Pipeline/Pipeline.php(219): Illuminate/Http/Middleware/TrustProxies->handle(Object(Illuminate/Http/Request), Object(Closure))
#38 C:/Users/ALI/Desktop/dar-al-ajneha/backend/vendor/laravel/framework/src/Illuminate/Foundation/Http/Middleware/InvokeDeferredCallbacks.php(22): Illuminate/Pipeline/Pipeline->{closure:{closure:Illuminate/Pipeline/Pipeline::carry():194}:195}(Object(Illuminate/Http/Request))
#39 C:/Users/ALI/Desktop/dar-al-ajneha/backend/vendor/laravel/framework/src/Illuminate/Pipeline/Pipeline.php(219): Illuminate/Foundation/Http/Middleware/InvokeDeferredCallbacks->handle(Object(Illuminate/Http/Request), Object(Closure))
#40 C:/Users/ALI/Desktop/dar-al-ajneha/backend/vendor/laravel/framework/src/Illuminate/Http/Middleware/ValidatePathEncoding.php(28): Illuminate/Pipeline/Pipeline->{closure:{closure:Illuminate/Pipeline/Pipeline::carry():194}:195}(Object(Illuminate/Http/Request))
#41 C:/Users/ALI/Desktop/dar-al-ajneha/backend/vendor/laravel/framework/src/Illuminate/Pipeline/Pipeline.php(219): Illuminate/Http/Middleware/ValidatePathEncoding->handle(Object(Illuminate/Http/Request), Object(Closure))
#42 C:/Users/ALI/Desktop/dar-al-ajneha/backend/vendor/laravel/framework/src/Illuminate/Pipeline/Pipeline.php(137): Illuminate/Pipeline/Pipeline->{closure:{closure:Illuminate/Pipeline/Pipeline::carry():194}:195}(Object(Illuminate/Http/Request))
#43 C:/Users/ALI/Desktop/dar-al-ajneha/backend/vendor/laravel/framework/src/Illuminate/Foundation/Http/Kernel.php(175): Illuminate/Pipeline/Pipeline->then(Object(Closure))
#44 C:/Users/ALI/Desktop/dar-al-ajneha/backend/vendor/laravel/framework/src/Illuminate/Foundation/Http/Kernel.php(144): Illuminate/Foundation/Http/Kernel->sendRequestThroughRouter(Object(Illuminate/Http/Request))
#45 C:/Users/ALI/Desktop/dar-al-ajneha/backend/vendor/laravel/framework/src/Illuminate/Foundation/Testing/Concerns/MakesHttpRequests.php(638): Illuminate/Foundation/Http/Kernel->handle(Object(Illuminate/Http/Request))
#46 C:/Users/ALI/Desktop/dar-al-ajneha/backend/vendor/laravel/framework/src/Illuminate/Foundation/Testing/Concerns/MakesHttpRequests.php(604): Illuminate/Foundation/Testing/TestCase->call('POST', '/api/v1/auth/lo...', Array, Array, Array, Array, '{\"email\":\"cooki...')
#47 C:/Users/ALI/Desktop/dar-al-ajneha/backend/vendor/laravel/framework/src/Illuminate/Foundation/Testing/Concerns/MakesHttpRequests.php(411): Illuminate/Foundation/Testing/TestCase->json('POST', '/api/v1/auth/lo...', Array, Array, 0)
#48 C:/Users/ALI/Desktop/dar-al-ajneha/backend/tests/Feature/Auth/StatefulAuthTest.php(58): Illuminate/Foundation/Testing/TestCase->postJson('/api/v1/auth/lo...', Array)
#49 C:/Users/ALI/Desktop/dar-al-ajneha/backend/vendor/pestphp/pest/src/Factories/TestCaseMethodFactory.php(177): P/Tests/Feature/Auth/StatefulAuthTest->{closure:C:/Users/ALI/Desktop/dar-al-ajneha/backend/tests/Feature/Auth/StatefulAuthTest.php:51}()
#50 [internal function]: P/Tests/Feature/Auth/StatefulAuthTest->{closure:Pest/Factories/TestCaseMethodFactory::getClosure():167}()
#51 C:/Users/ALI/Desktop/dar-al-ajneha/backend/vendor/pestphp/pest/src/Concerns/Testable.php(514): call_user_func_array(Object(Closure), Array)
#52 C:/Users/ALI/Desktop/dar-al-ajneha/backend/vendor/pestphp/pest/src/Support/ExceptionTrace.php(26): P/Tests/Feature/Auth/StatefulAuthTest->{closure:Pest/Concerns/Testable::__callClosure():514}()
#53 C:/Users/ALI/Desktop/dar-al-ajneha/backend/vendor/pestphp/pest/src/Concerns/Testable.php(514): Pest/Support/ExceptionTrace::ensure(Object(Closure))
#54 C:/Users/ALI/Desktop/dar-al-ajneha/backend/vendor/pestphp/pest/src/Concerns/Testable.php(336): P/Tests/Feature/Auth/StatefulAuthTest->__callClosure(Object(Closure), Array)
#55 C:/Users/ALI/Desktop/dar-al-ajneha/backend/vendor/pestphp/pest/src/Factories/TestCaseFactory.php(179) : eval()'d code(87): P/Tests/Feature/Auth/StatefulAuthTest->__runTest(Object(Closure))
#56 C:/Users/ALI/Desktop/dar-al-ajneha/backend/vendor/phpunit/phpunit/src/Framework/TestCase.php(1318): P/Tests/Feature/Auth/StatefulAuthTest->__pest_evaluable_session_cookie_auth_can_reach_a_protected_endpoint()
#57 C:/Users/ALI/Desktop/dar-al-ajneha/backend/vendor/phpunit/phpunit/src/Framework/TestCase.php(1355): PHPUnit/Framework/TestCase->invokeTestMethod('__pest_evaluabl...', Array)
#58 C:/Users/ALI/Desktop/dar-al-ajneha/backend/vendor/phpunit/phpunit/src/Framework/TestCase.php(521): PHPUnit/Framework/TestCase->runTest()
#59 C:/Users/ALI/Desktop/dar-al-ajneha/backend/vendor/phpunit/phpunit/src/Framework/TestRunner/TestRunner.php(99): PHPUnit/Framework/TestCase->runBare()
#60 C:/Users/ALI/Desktop/dar-al-ajneha/backend/vendor/phpunit/phpunit/src/Framework/TestCase.php(361): PHPUnit/Framework/TestRunner->run(Object(P/Tests/Feature/Auth/StatefulAuthTest))
#61 C:/Users/ALI/Desktop/dar-al-ajneha/backend/vendor/phpunit/phpunit/src/Framework/TestSuite.php(374): PHPUnit/Framework/TestCase->run()
#62 C:/Users/ALI/Desktop/dar-al-ajneha/backend/vendor/phpunit/phpunit/src/Framework/TestSuite.php(374): PHPUnit/Framework/TestSuite->run()
#63 C:/Users/ALI/Desktop/dar-al-ajneha/backend/vendor/phpunit/phpunit/src/Framework/TestSuite.php(374): PHPUnit/Framework/TestSuite->run()
#64 C:/Users/ALI/Desktop/dar-al-ajneha/backend/vendor/phpunit/phpunit/src/TextUI/TestRunner.php(64): PHPUnit/Framework/TestSuite->run()
#65 C:/Users/ALI/Desktop/dar-al-ajneha/backend/vendor/phpunit/phpunit/src/TextUI/Application.php(229): PHPUnit/TextUI/TestRunner->run(Object(PHPUnit/TextUI/Configuration/Configuration), Object(PHPUnit/Runner/ResultCache/DefaultResultCache), Object(PHPUnit/Framework/TestSuite))
#66 C:/Users/ALI/Desktop/dar-al-ajneha/backend/vendor/pestphp/pest/src/Kernel.php(103): PHPUnit/TextUI/Application->run(Array)
#67 C:/Users/ALI/Desktop/dar-al-ajneha/backend/vendor/pestphp/pest/bin/pest(196): Pest/Kernel->handle(Array, Array)
#68 C:/Users/ALI/Desktop/dar-al-ajneha/backend/vendor/pestphp/pest/bin/pest(204): {closure:C:/Users/ALI/Desktop/dar-al-ajneha/backend/vendor/pestphp/pest/bin/pest:19}()
#69 {main}
"} 
[2026-09-30 15:50:42] testing.ERROR: Session store not set on request. {"userId":5,"exception":"[object] (RuntimeException(code: 0): Session store not set on request. at C:/Users/ALI/Desktop/dar-al-ajneha/backend/vendor/laravel/framework/src/Illuminate/Http/Request.php:630)
[stacktrace]
#0 C:/Users/ALI/Desktop/dar-al-ajneha/backend/app/Http/Controllers/Auth/AuthController.php(90): Illuminate/Http/Request->session()
#1 C:/Users/ALI/Desktop/dar-al-ajneha/backend/vendor/laravel/framework/src/Illuminate/Routing/Controller.php(54): App/Http/Controllers/Auth/AuthController->logout(Object(Illuminate/Http/Request))
#2 C:/Users/ALI/Desktop/dar-al-ajneha/backend/vendor/laravel/framework/src/Illuminate/Routing/ControllerDispatcher.php(43): Illuminate/Routing/Controller->callAction('logout', Array)
#3 C:/Users/ALI/Desktop/dar-al-ajneha/backend/vendor/laravel/framework/src/Illuminate/Routing/Route.php(276): Illuminate/Routing/ControllerDispatcher->dispatch(Object(Illuminate/Routing/Route), Object(App/Http/Controllers/Auth/AuthController), 'logout')
#4 C:/Users/ALI/Desktop/dar-al-ajneha/backend/vendor/laravel/framework/src/Illuminate/Routing/Route.php(216): Illuminate/Routing/Route->runController()
#5 C:/Users/ALI/Desktop/dar-al-ajneha/backend/vendor/laravel/framework/src/Illuminate/Routing/Router.php(822): Illuminate/Routing/Route->run()
#6 C:/Users/ALI/Desktop/dar-al-ajneha/backend/vendor/laravel/framework/src/Illuminate/Pipeline/Pipeline.php(180): Illuminate/Routing/Router->{closure:Illuminate/Routing/Router::runRouteWithinStack():821}(Object(Illuminate/Http/Request))
#7 C:/Users/ALI/Desktop/dar-al-ajneha/backend/vendor/laravel/framework/src/Illuminate/Routing/Middleware/SubstituteBindings.php(52): Illuminate/Pipeline/Pipeline->{closure:Illuminate/Pipeline/Pipeline::prepareDestination():178}(Object(Illuminate/Http/Request))
#8 C:/Users/ALI/Desktop/dar-al-ajneha/backend/vendor/laravel/framework/src/Illuminate/Pipeline/Pipeline.php(219): Illuminate/Routing/Middleware/SubstituteBindings->handle(Object(Illuminate/Http/Request), Object(Closure))
#9 C:/Users/ALI/Desktop/dar-al-ajneha/backend/vendor/laravel/framework/src/Illuminate/Routing/Middleware/ThrottleRequests.php(168): Illuminate/Pipeline/Pipeline->{closure:{closure:Illuminate/Pipeline/Pipeline::carry():194}:195}(Object(Illuminate/Http/Request))
#10 C:/Users/ALI/Desktop/dar-al-ajneha/backend/vendor/laravel/framework/src/Illuminate/Routing/Middleware/ThrottleRequests.php(93): Illuminate/Routing/Middleware/ThrottleRequests->handleRequest(Object(Illuminate/Http/Request), Object(Closure), Array)
#11 C:/Users/ALI/Desktop/dar-al-ajneha/backend/vendor/laravel/framework/src/Illuminate/Pipeline/Pipeline.php(219): Illuminate/Routing/Middleware/ThrottleRequests->handle(Object(Illuminate/Http/Request), Object(Closure), '60', '1')
#12 C:/Users/ALI/Desktop/dar-al-ajneha/backend/vendor/laravel/framework/src/Illuminate/Auth/Middleware/Authenticate.php(63): Illuminate/Pipeline/Pipeline->{closure:{closure:Illuminate/Pipeline/Pipeline::carry():194}:195}(Object(Illuminate/Http/Request))
#13 C:/Users/ALI/Desktop/dar-al-ajneha/backend/vendor/laravel/framework/src/Illuminate/Pipeline/Pipeline.php(219): Illuminate/Auth/Middleware/Authenticate->handle(Object(Illuminate/Http/Request), Object(Closure), 'sanctum')
#14 C:/Users/ALI/Desktop/dar-al-ajneha/backend/vendor/laravel/sanctum/src/Http/Middleware/EnsureFrontendRequestsAreStateful.php(26): Illuminate/Pipeline/Pipeline->{closure:{closure:Illuminate/Pipeline/Pipeline::carry():194}:195}(Object(Illuminate/Http/Request))
#15 C:/Users/ALI/Desktop/dar-al-ajneha/backend/vendor/laravel/framework/src/Illuminate/Pipeline/Pipeline.php(180): Laravel/Sanctum/Http/Middleware/EnsureFrontendRequestsAreStateful->{closure:Laravel/Sanctum/Http/Middleware/EnsureFrontendRequestsAreStateful::handle():25}(Object(Illuminate/Http/Request))
#16 C:/Users/ALI/Desktop/dar-al-ajneha/backend/vendor/laravel/framework/src/Illuminate/Pipeline/Pipeline.php(137): Illuminate/Pipeline/Pipeline->{closure:Illuminate/Pipeline/Pipeline::prepareDestination():178}(Object(Illuminate/Http/Request))
#17 C:/Users/ALI/Desktop/dar-al-ajneha/backend/vendor/laravel/sanctum/src/Http/Middleware/EnsureFrontendRequestsAreStateful.php(25): Illuminate/Pipeline/Pipeline->then(Object(Closure))
#18 C:/Users/ALI/Desktop/dar-al-ajneha/backend/vendor/laravel/framework/src/Illuminate/Pipeline/Pipeline.php(219): Laravel/Sanctum/Http/Middleware/EnsureFrontendRequestsAreStateful->handle(Object(Illuminate/Http/Request), Object(Closure))
#19 C:/Users/ALI/Desktop/dar-al-ajneha/backend/vendor/laravel/framework/src/Illuminate/Pipeline/Pipeline.php(137): Illuminate/Pipeline/Pipeline->{closure:{closure:Illuminate/Pipeline/Pipeline::carry():194}:195}(Object(Illuminate/Http/Request))
#20 C:/Users/ALI/Desktop/dar-al-ajneha/backend/vendor/laravel/framework/src/Illuminate/Routing/Router.php(821): Illuminate/Pipeline/Pipeline->then(Object(Closure))
#21 C:/Users/ALI/Desktop/dar-al-ajneha/backend/vendor/laravel/framework/src/Illuminate/Routing/Router.php(800): Illuminate/Routing/Router->runRouteWithinStack(Object(Illuminate/Routing/Route), Object(Illuminate/Http/Request))
#22 C:/Users/ALI/Desktop/dar-al-ajneha/backend/vendor/laravel/framework/src/Illuminate/Routing/Router.php(764): Illuminate/Routing/Router->runRoute(Object(Illuminate/Http/Request), Object(Illuminate/Routing/Route))
#23 C:/Users/ALI/Desktop/dar-al-ajneha/backend/vendor/laravel/framework/src/Illuminate/Routing/Router.php(753): Illuminate/Routing/Router->dispatchToRoute(Object(Illuminate/Http/Request))
#24 C:/Users/ALI/Desktop/dar-al-ajneha/backend/vendor/laravel/framework/src/Illuminate/Foundation/Http/Kernel.php(200): Illuminate/Routing/Router->dispatch(Object(Illuminate/Http/Request))
#25 C:/Users/ALI/Desktop/dar-al-ajneha/backend/vendor/laravel/framework/src/Illuminate/Pipeline/Pipeline.php(180): Illuminate/Foundation/Http/Kernel->{closure:Illuminate/Foundation/Http/Kernel::dispatchToRouter():197}(Object(Illuminate/Http/Request))
#26 C:/Users/ALI/Desktop/dar-al-ajneha/backend/vendor/laravel/framework/src/Illuminate/Foundation/Http/Middleware/TransformsRequest.php(21): Illuminate/Pipeline/Pipeline->{closure:Illuminate/Pipeline/Pipeline::prepareDestination():178}(Object(Illuminate/Http/Request))
#27 C:/Users/ALI/Desktop/dar-al-ajneha/backend/vendor/laravel/framework/src/Illuminate/Foundation/Http/Middleware/ConvertEmptyStringsToNull.php(31): Illuminate/Foundation/Http/Middleware/TransformsRequest->handle(Object(Illuminate/Http/Request), Object(Closure))
#28 C:/Users/ALI/Desktop/dar-al-ajneha/backend/vendor/laravel/framework/src/Illuminate/Pipeline/Pipeline.php(219): Illuminate/Foundation/Http/Middleware/ConvertEmptyStringsToNull->handle(Object(Illuminate/Http/Request), Object(Closure))
#29 C:/Users/ALI/Desktop/dar-al-ajneha/backend/vendor/laravel/framework/src/Illuminate/Foundation/Http/Middleware/TransformsRequest.php(21): Illuminate/Pipeline/Pipeline->{closure:{closure:Illuminate/Pipeline/Pipeline::carry():194}:195}(Object(Illuminate/Http/Request))
#30 C:/Users/ALI/Desktop/dar-al-ajneha/backend/vendor/laravel/framework/src/Illuminate/Foundation/Http/Middleware/TrimStrings.php(51): Illuminate/Foundation/Http/Middleware/TransformsRequest->handle(Object(Illuminate/Http/Request), Object(Closure))
#31 C:/Users/ALI/Desktop/dar-al-ajneha/backend/vendor/laravel/framework/src/Illuminate/Pipeline/Pipeline.php(219): Illuminate/Foundation/Http/Middleware/TrimStrings->handle(Object(Illuminate/Http/Request), Object(Closure))
#32 C:/Users/ALI/Desktop/dar-al-ajneha/backend/vendor/laravel/framework/src/Illuminate/Http/Middleware/ValidatePostSize.php(27): Illuminate/Pipeline/Pipeline->{closure:{closure:Illuminate/Pipeline/Pipeline::carry():194}:195}(Object(Illuminate/Http/Request))
#33 C:/Users/ALI/Desktop/dar-al-ajneha/backend/vendor/laravel/framework/src/Illuminate/Pipeline/Pipeline.php(219): Illuminate/Http/Middleware/ValidatePostSize->handle(Object(Illuminate/Http/Request), Object(Closure))
#34 C:/Users/ALI/Desktop/dar-al-ajneha/backend/vendor/laravel/framework/src/Illuminate/Foundation/Http/Middleware/PreventRequestsDuringMaintenance.php(110): Illuminate/Pipeline/Pipeline->{closure:{closure:Illuminate/Pipeline/Pipeline::carry():194}:195}(Object(Illuminate/Http/Request))
#35 C:/Users/ALI/Desktop/dar-al-ajneha/backend/vendor/laravel/framework/src/Illuminate/Pipeline/Pipeline.php(219): Illuminate/Foundation/Http/Middleware/PreventRequestsDuringMaintenance->handle(Object(Illuminate/Http/Request), Object(Closure))
#36 C:/Users/ALI/Desktop/dar-al-ajneha/backend/vendor/laravel/framework/src/Illuminate/Http/Middleware/HandleCors.php(74): Illuminate/Pipeline/Pipeline->{closure:{closure:Illuminate/Pipeline/Pipeline::carry():194}:195}(Object(Illuminate/Http/Request))
#37 C:/Users/ALI/Desktop/dar-al-ajneha/backend/vendor/laravel/framework/src/Illuminate/Pipeline/Pipeline.php(219): Illuminate/Http/Middleware/HandleCors->handle(Object(Illuminate/Http/Request), Object(Closure))
#38 C:/Users/ALI/Desktop/dar-al-ajneha/backend/vendor/laravel/framework/src/Illuminate/Http/Middleware/TrustProxies.php(58): Illuminate/Pipeline/Pipeline->{closure:{closure:Illuminate/Pipeline/Pipeline::carry():194}:195}(Object(Illuminate/Http/Request))
#39 C:/Users/ALI/Desktop/dar-al-ajneha/backend/vendor/laravel/framework/src/Illuminate/Pipeline/Pipeline.php(219): Illuminate/Http/Middleware/TrustProxies->handle(Object(Illuminate/Http/Request), Object(Closure))
#40 C:/Users/ALI/Desktop/dar-al-ajneha/backend/vendor/laravel/framework/src/Illuminate/Foundation/Http/Middleware/InvokeDeferredCallbacks.php(22): Illuminate/Pipeline/Pipeline->{closure:{closure:Illuminate/Pipeline/Pipeline::carry():194}:195}(Object(Illuminate/Http/Request))
#41 C:/Users/ALI/Desktop/dar-al-ajneha/backend/vendor/laravel/framework/src/Illuminate/Pipeline/Pipeline.php(219): Illuminate/Foundation/Http/Middleware/InvokeDeferredCallbacks->handle(Object(Illuminate/Http/Request), Object(Closure))
#42 C:/Users/ALI/Desktop/dar-al-ajneha/backend/vendor/laravel/framework/src/Illuminate/Http/Middleware/ValidatePathEncoding.php(28): Illuminate/Pipeline/Pipeline->{closure:{closure:Illuminate/Pipeline/Pipeline::carry():194}:195}(Object(Illuminate/Http/Request))
#43 C:/Users/ALI/Desktop/dar-al-ajneha/backend/vendor/laravel/framework/src/Illuminate/Pipeline/Pipeline.php(219): Illuminate/Http/Middleware/ValidatePathEncoding->handle(Object(Illuminate/Http/Request), Object(Closure))
#44 C:/Users/ALI/Desktop/dar-al-ajneha/backend/vendor/laravel/framework/src/Illuminate/Pipeline/Pipeline.php(137): Illuminate/Pipeline/Pipeline->{closure:{closure:Illuminate/Pipeline/Pipeline::carry():194}:195}(Object(Illuminate/Http/Request))
#45 C:/Users/ALI/Desktop/dar-al-ajneha/backend/vendor/laravel/framework/src/Illuminate/Foundation/Http/Kernel.php(175): Illuminate/Pipeline/Pipeline->then(Object(Closure))
#46 C:/Users/ALI/Desktop/dar-al-ajneha/backend/vendor/laravel/framework/src/Illuminate/Foundation/Http/Kernel.php(144): Illuminate/Foundation/Http/Kernel->sendRequestThroughRouter(Object(Illuminate/Http/Request))
#47 C:/Users/ALI/Desktop/dar-al-ajneha/backend/vendor/laravel/framework/src/Illuminate/Foundation/Testing/Concerns/MakesHttpRequests.php(638): Illuminate/Foundation/Http/Kernel->handle(Object(Illuminate/Http/Request))
#48 C:/Users/ALI/Desktop/dar-al-ajneha/backend/vendor/laravel/framework/src/Illuminate/Foundation/Testing/Concerns/MakesHttpRequests.php(604): Illuminate/Foundation/Testing/TestCase->call('POST', '/api/v1/auth/lo...', Array, Array, Array, Array, '[]')
#49 C:/Users/ALI/Desktop/dar-al-ajneha/backend/vendor/laravel/framework/src/Illuminate/Foundation/Testing/Concerns/MakesHttpRequests.php(411): Illuminate/Foundation/Testing/TestCase->json('POST', '/api/v1/auth/lo...', Array, Array, 0)
#50 C:/Users/ALI/Desktop/dar-al-ajneha/backend/tests/Feature/Auth/LogoutTest.php(10): Illuminate/Foundation/Testing/TestCase->postJson('/api/v1/auth/lo...')
#51 C:/Users/ALI/Desktop/dar-al-ajneha/backend/vendor/pestphp/pest/src/Factories/TestCaseMethodFactory.php(177): P/Tests/Feature/Auth/LogoutTest->{closure:C:/Users/ALI/Desktop/dar-al-ajneha/backend/tests/Feature/Auth/LogoutTest.php:5}()
#52 [internal function]: P/Tests/Feature/Auth/LogoutTest->{closure:Pest/Factories/TestCaseMethodFactory::getClosure():167}()
#53 C:/Users/ALI/Desktop/dar-al-ajneha/backend/vendor/pestphp/pest/src/Concerns/Testable.php(514): call_user_func_array(Object(Closure), Array)
#54 C:/Users/ALI/Desktop/dar-al-ajneha/backend/vendor/pestphp/pest/src/Support/ExceptionTrace.php(26): P/Tests/Feature/Auth/LogoutTest->{closure:Pest/Concerns/Testable::__callClosure():514}()
#55 C:/Users/ALI/Desktop/dar-al-ajneha/backend/vendor/pestphp/pest/src/Concerns/Testable.php(514): Pest/Support/ExceptionTrace::ensure(Object(Closure))
#56 C:/Users/ALI/Desktop/dar-al-ajneha/backend/vendor/pestphp/pest/src/Concerns/Testable.php(336): P/Tests/Feature/Auth/LogoutTest->__callClosure(Object(Closure), Array)
#57 C:/Users/ALI/Desktop/dar-al-ajneha/backend/vendor/pestphp/pest/src/Factories/TestCaseFactory.php(179) : eval()'d code(22): P/Tests/Feature/Auth/LogoutTest->__runTest(Object(Closure))
#58 C:/Users/ALI/Desktop/dar-al-ajneha/backend/vendor/phpunit/phpunit/src/Framework/TestCase.php(1318): P/Tests/Feature/Auth/LogoutTest->__pest_evaluable_logged_in_user_can_logout()
#59 C:/Users/ALI/Desktop/dar-al-ajneha/backend/vendor/phpunit/phpunit/src/Framework/TestCase.php(1355): PHPUnit/Framework/TestCase->invokeTestMethod('__pest_evaluabl...', Array)
#60 C:/Users/ALI/Desktop/dar-al-ajneha/backend/vendor/phpunit/phpunit/src/Framework/TestCase.php(521): PHPUnit/Framework/TestCase->runTest()
#61 C:/Users/ALI/Desktop/dar-al-ajneha/backend/vendor/phpunit/phpunit/src/Framework/TestRunner/TestRunner.php(99): PHPUnit/Framework/TestCase->runBare()
#62 C:/Users/ALI/Desktop/dar-al-ajneha/backend/vendor/phpunit/phpunit/src/Framework/TestCase.php(361): PHPUnit/Framework/TestRunner->run(Object(P/Tests/Feature/Auth/LogoutTest))
#63 C:/Users/ALI/Desktop/dar-al-ajneha/backend/vendor/phpunit/phpunit/src/Framework/TestSuite.php(374): PHPUnit/Framework/TestCase->run()
#64 C:/Users/ALI/Desktop/dar-al-ajneha/backend/vendor/phpunit/phpunit/src/Framework/TestSuite.php(374): PHPUnit/Framework/TestSuite->run()
#65 C:/Users/ALI/Desktop/dar-al-ajneha/backend/vendor/phpunit/phpunit/src/Framework/TestSuite.php(374): PHPUnit/Framework/TestSuite->run()
#66 C:/Users/ALI/Desktop/dar-al-ajneha/backend/vendor/phpunit/phpunit/src/TextUI/TestRunner.php(64): PHPUnit/Framework/TestSuite->run()
#67 C:/Users/ALI/Desktop/dar-al-ajneha/backend/vendor/phpunit/phpunit/src/TextUI/Application.php(229): PHPUnit/TextUI/TestRunner->run(Object(PHPUnit/TextUI/Configuration/Configuration), Object(PHPUnit/Runner/ResultCache/DefaultResultCache), Object(PHPUnit/Framework/TestSuite))
#68 C:/Users/ALI/Desktop/dar-al-ajneha/backend/vendor/pestphp/pest/src/Kernel.php(103): PHPUnit/TextUI/Application->run(Array)
#69 C:/Users/ALI/Desktop/dar-al-ajneha/backend/vendor/pestphp/pest/bin/pest(196): Pest/Kernel->handle(Array, Array)
#70 C:/Users/ALI/Desktop/dar-al-ajneha/backend/vendor/pestphp/pest/bin/pest(204): {closure:C:/Users/ALI/Desktop/dar-al-ajneha/backend/vendor/pestphp/pest/bin/pest:19}()
#71 {main}
"} 
[2026-09-30 15:50:42] testing.ERROR: Session store not set on request. {"userId":6,"exception":"[object] (RuntimeException(code: 0): Session store not set on request. at C:/Users/ALI/Desktop/dar-al-ajneha/backend/vendor/laravel/framework/src/Illuminate/Http/Request.php:630)
[stacktrace]
#0 C:/Users/ALI/Desktop/dar-al-ajneha/backend/app/Http/Controllers/Auth/AuthController.php(90): Illuminate/Http/Request->session()
#1 C:/Users/ALI/Desktop/dar-al-ajneha/backend/vendor/laravel/framework/src/Illuminate/Routing/Controller.php(54): App/Http/Controllers/Auth/AuthController->logout(Object(Illuminate/Http/Request))
#2 C:/Users/ALI/Desktop/dar-al-ajneha/backend/vendor/laravel/framework/src/Illuminate/Routing/ControllerDispatcher.php(43): Illuminate/Routing/Controller->callAction('logout', Array)
#3 C:/Users/ALI/Desktop/dar-al-ajneha/backend/vendor/laravel/framework/src/Illuminate/Routing/Route.php(276): Illuminate/Routing/ControllerDispatcher->dispatch(Object(Illuminate/Routing/Route), Object(App/Http/Controllers/Auth/AuthController), 'logout')
#4 C:/Users/ALI/Desktop/dar-al-ajneha/backend/vendor/laravel/framework/src/Illuminate/Routing/Route.php(216): Illuminate/Routing/Route->runController()
#5 C:/Users/ALI/Desktop/dar-al-ajneha/backend/vendor/laravel/framework/src/Illuminate/Routing/Router.php(822): Illuminate/Routing/Route->run()
#6 C:/Users/ALI/Desktop/dar-al-ajneha/backend/vendor/laravel/framework/src/Illuminate/Pipeline/Pipeline.php(180): Illuminate/Routing/Router->{closure:Illuminate/Routing/Router::runRouteWithinStack():821}(Object(Illuminate/Http/Request))
#7 C:/Users/ALI/Desktop/dar-al-ajneha/backend/vendor/laravel/framework/src/Illuminate/Routing/Middleware/SubstituteBindings.php(52): Illuminate/Pipeline/Pipeline->{closure:Illuminate/Pipeline/Pipeline::prepareDestination():178}(Object(Illuminate/Http/Request))
#8 C:/Users/ALI/Desktop/dar-al-ajneha/backend/vendor/laravel/framework/src/Illuminate/Pipeline/Pipeline.php(219): Illuminate/Routing/Middleware/SubstituteBindings->handle(Object(Illuminate/Http/Request), Object(Closure))
#9 C:/Users/ALI/Desktop/dar-al-ajneha/backend/vendor/laravel/framework/src/Illuminate/Routing/Middleware/ThrottleRequests.php(168): Illuminate/Pipeline/Pipeline->{closure:{closure:Illuminate/Pipeline/Pipeline::carry():194}:195}(Object(Illuminate/Http/Request))
#10 C:/Users/ALI/Desktop/dar-al-ajneha/backend/vendor/laravel/framework/src/Illuminate/Routing/Middleware/ThrottleRequests.php(93): Illuminate/Routing/Middleware/ThrottleRequests->handleRequest(Object(Illuminate/Http/Request), Object(Closure), Array)
#11 C:/Users/ALI/Desktop/dar-al-ajneha/backend/vendor/laravel/framework/src/Illuminate/Pipeline/Pipeline.php(219): Illuminate/Routing/Middleware/ThrottleRequests->handle(Object(Illuminate/Http/Request), Object(Closure), '60', '1')
#12 C:/Users/ALI/Desktop/dar-al-ajneha/backend/vendor/laravel/framework/src/Illuminate/Auth/Middleware/Authenticate.php(63): Illuminate/Pipeline/Pipeline->{closure:{closure:Illuminate/Pipeline/Pipeline::carry():194}:195}(Object(Illuminate/Http/Request))
#13 C:/Users/ALI/Desktop/dar-al-ajneha/backend/vendor/laravel/framework/src/Illuminate/Pipeline/Pipeline.php(219): Illuminate/Auth/Middleware/Authenticate->handle(Object(Illuminate/Http/Request), Object(Closure), 'sanctum')
#14 C:/Users/ALI/Desktop/dar-al-ajneha/backend/vendor/laravel/sanctum/src/Http/Middleware/EnsureFrontendRequestsAreStateful.php(26): Illuminate/Pipeline/Pipeline->{closure:{closure:Illuminate/Pipeline/Pipeline::carry():194}:195}(Object(Illuminate/Http/Request))
#15 C:/Users/ALI/Desktop/dar-al-ajneha/backend/vendor/laravel/framework/src/Illuminate/Pipeline/Pipeline.php(180): Laravel/Sanctum/Http/Middleware/EnsureFrontendRequestsAreStateful->{closure:Laravel/Sanctum/Http/Middleware/EnsureFrontendRequestsAreStateful::handle():25}(Object(Illuminate/Http/Request))
#16 C:/Users/ALI/Desktop/dar-al-ajneha/backend/vendor/laravel/framework/src/Illuminate/Pipeline/Pipeline.php(137): Illuminate/Pipeline/Pipeline->{closure:Illuminate/Pipeline/Pipeline::prepareDestination():178}(Object(Illuminate/Http/Request))
#17 C:/Users/ALI/Desktop/dar-al-ajneha/backend/vendor/laravel/sanctum/src/Http/Middleware/EnsureFrontendRequestsAreStateful.php(25): Illuminate/Pipeline/Pipeline->then(Object(Closure))
#18 C:/Users/ALI/Desktop/dar-al-ajneha/backend/vendor/laravel/framework/src/Illuminate/Pipeline/Pipeline.php(219): Laravel/Sanctum/Http/Middleware/EnsureFrontendRequestsAreStateful->handle(Object(Illuminate/Http/Request), Object(Closure))
#19 C:/Users/ALI/Desktop/dar-al-ajneha/backend/vendor/laravel/framework/src/Illuminate/Pipeline/Pipeline.php(137): Illuminate/Pipeline/Pipeline->{closure:{closure:Illuminate/Pipeline/Pipeline::carry():194}:195}(Object(Illuminate/Http/Request))
#20 C:/Users/ALI/Desktop/dar-al-ajneha/backend/vendor/laravel/framework/src/Illuminate/Routing/Router.php(821): Illuminate/Pipeline/Pipeline->then(Object(Closure))
#21 C:/Users/ALI/Desktop/dar-al-ajneha/backend/vendor/laravel/framework/src/Illuminate/Routing/Router.php(800): Illuminate/Routing/Router->runRouteWithinStack(Object(Illuminate/Routing/Route), Object(Illuminate/Http/Request))
#22 C:/Users/ALI/Desktop/dar-al-ajneha/backend/vendor/laravel/framework/src/Illuminate/Routing/Router.php(764): Illuminate/Routing/Router->runRoute(Object(Illuminate/Http/Request), Object(Illuminate/Routing/Route))
#23 C:/Users/ALI/Desktop/dar-al-ajneha/backend/vendor/laravel/framework/src/Illuminate/Routing/Router.php(753): Illuminate/Routing/Router->dispatchToRoute(Object(Illuminate/Http/Request))
#24 C:/Users/ALI/Desktop/dar-al-ajneha/backend/vendor/laravel/framework/src/Illuminate/Foundation/Http/Kernel.php(200): Illuminate/Routing/Router->dispatch(Object(Illuminate/Http/Request))
#25 C:/Users/ALI/Desktop/dar-al-ajneha/backend/vendor/laravel/framework/src/Illuminate/Pipeline/Pipeline.php(180): Illuminate/Foundation/Http/Kernel->{closure:Illuminate/Foundation/Http/Kernel::dispatchToRouter():197}(Object(Illuminate/Http/Request))
#26 C:/Users/ALI/Desktop/dar-al-ajneha/backend/vendor/laravel/framework/src/Illuminate/Foundation/Http/Middleware/TransformsRequest.php(21): Illuminate/Pipeline/Pipeline->{closure:Illuminate/Pipeline/Pipeline::prepareDestination():178}(Object(Illuminate/Http/Request))
#27 C:/Users/ALI/Desktop/dar-al-ajneha/backend/vendor/laravel/framework/src/Illuminate/Foundation/Http/Middleware/ConvertEmptyStringsToNull.php(31): Illuminate/Foundation/Http/Middleware/TransformsRequest->handle(Object(Illuminate/Http/Request), Object(Closure))
#28 C:/Users/ALI/Desktop/dar-al-ajneha/backend/vendor/laravel/framework/src/Illuminate/Pipeline/Pipeline.php(219): Illuminate/Foundation/Http/Middleware/ConvertEmptyStringsToNull->handle(Object(Illuminate/Http/Request), Object(Closure))
#29 C:/Users/ALI/Desktop/dar-al-ajneha/backend/vendor/laravel/framework/src/Illuminate/Foundation/Http/Middleware/TransformsRequest.php(21): Illuminate/Pipeline/Pipeline->{closure:{closure:Illuminate/Pipeline/Pipeline::carry():194}:195}(Object(Illuminate/Http/Request))
#30 C:/Users/ALI/Desktop/dar-al-ajneha/backend/vendor/laravel/framework/src/Illuminate/Foundation/Http/Middleware/TrimStrings.php(51): Illuminate/Foundation/Http/Middleware/TransformsRequest->handle(Object(Illuminate/Http/Request), Object(Closure))
#31 C:/Users/ALI/Desktop/dar-al-ajneha/backend/vendor/laravel/framework/src/Illuminate/Pipeline/Pipeline.php(219): Illuminate/Foundation/Http/Middleware/TrimStrings->handle(Object(Illuminate/Http/Request), Object(Closure))
#32 C:/Users/ALI/Desktop/dar-al-ajneha/backend/vendor/laravel/framework/src/Illuminate/Http/Middleware/ValidatePostSize.php(27): Illuminate/Pipeline/Pipeline->{closure:{closure:Illuminate/Pipeline/Pipeline::carry():194}:195}(Object(Illuminate/Http/Request))
#33 C:/Users/ALI/Desktop/dar-al-ajneha/backend/vendor/laravel/framework/src/Illuminate/Pipeline/Pipeline.php(219): Illuminate/Http/Middleware/ValidatePostSize->handle(Object(Illuminate/Http/Request), Object(Closure))
#34 C:/Users/ALI/Desktop/dar-al-ajneha/backend/vendor/laravel/framework/src/Illuminate/Foundation/Http/Middleware/PreventRequestsDuringMaintenance.php(110): Illuminate/Pipeline/Pipeline->{closure:{closure:Illuminate/Pipeline/Pipeline::carry():194}:195}(Object(Illuminate/Http/Request))
#35 C:/Users/ALI/Desktop/dar-al-ajneha/backend/vendor/laravel/framework/src/Illuminate/Pipeline/Pipeline.php(219): Illuminate/Foundation/Http/Middleware/PreventRequestsDuringMaintenance->handle(Object(Illuminate/Http/Request), Object(Closure))
#36 C:/Users/ALI/Desktop/dar-al-ajneha/backend/vendor/laravel/framework/src/Illuminate/Http/Middleware/HandleCors.php(74): Illuminate/Pipeline/Pipeline->{closure:{closure:Illuminate/Pipeline/Pipeline::carry():194}:195}(Object(Illuminate/Http/Request))
#37 C:/Users/ALI/Desktop/dar-al-ajneha/backend/vendor/laravel/framework/src/Illuminate/Pipeline/Pipeline.php(219): Illuminate/Http/Middleware/HandleCors->handle(Object(Illuminate/Http/Request), Object(Closure))
#38 C:/Users/ALI/Desktop/dar-al-ajneha/backend/vendor/laravel/framework/src/Illuminate/Http/Middleware/TrustProxies.php(58): Illuminate/Pipeline/Pipeline->{closure:{closure:Illuminate/Pipeline/Pipeline::carry():194}:195}(Object(Illuminate/Http/Request))
#39 C:/Users/ALI/Desktop/dar-al-ajneha/backend/vendor/laravel/framework/src/Illuminate/Pipeline/Pipeline.php(219): Illuminate/Http/Middleware/TrustProxies->handle(Object(Illuminate/Http/Request), Object(Closure))
#40 C:/Users/ALI/Desktop/dar-al-ajneha/backend/vendor/laravel/framework/src/Illuminate/Foundation/Http/Middleware/InvokeDeferredCallbacks.php(22): Illuminate/Pipeline/Pipeline->{closure:{closure:Illuminate/Pipeline/Pipeline::carry():194}:195}(Object(Illuminate/Http/Request))
#41 C:/Users/ALI/Desktop/dar-al-ajneha/backend/vendor/laravel/framework/src/Illuminate/Pipeline/Pipeline.php(219): Illuminate/Foundation/Http/Middleware/InvokeDeferredCallbacks->handle(Object(Illuminate/Http/Request), Object(Closure))
#42 C:/Users/ALI/Desktop/dar-al-ajneha/backend/vendor/laravel/framework/src/Illuminate/Http/Middleware/ValidatePathEncoding.php(28): Illuminate/Pipeline/Pipeline->{closure:{closure:Illuminate/Pipeline/Pipeline::carry():194}:195}(Object(Illuminate/Http/Request))
#43 C:/Users/ALI/Desktop/dar-al-ajneha/backend/vendor/laravel/framework/src/Illuminate/Pipeline/Pipeline.php(219): Illuminate/Http/Middleware/ValidatePathEncoding->handle(Object(Illuminate/Http/Request), Object(Closure))
#44 C:/Users/ALI/Desktop/dar-al-ajneha/backend/vendor/laravel/framework/src/Illuminate/Pipeline/Pipeline.php(137): Illuminate/Pipeline/Pipeline->{closure:{closure:Illuminate/Pipeline/Pipeline::carry():194}:195}(Object(Illuminate/Http/Request))
#45 C:/Users/ALI/Desktop/dar-al-ajneha/backend/vendor/laravel/framework/src/Illuminate/Foundation/Http/Kernel.php(175): Illuminate/Pipeline/Pipeline->then(Object(Closure))
#46 C:/Users/ALI/Desktop/dar-al-ajneha/backend/vendor/laravel/framework/src/Illuminate/Foundation/Http/Kernel.php(144): Illuminate/Foundation/Http/Kernel->sendRequestThroughRouter(Object(Illuminate/Http/Request))
#47 C:/Users/ALI/Desktop/dar-al-ajneha/backend/vendor/laravel/framework/src/Illuminate/Foundation/Testing/Concerns/MakesHttpRequests.php(638): Illuminate/Foundation/Http/Kernel->handle(Object(Illuminate/Http/Request))
#48 C:/Users/ALI/Desktop/dar-al-ajneha/backend/vendor/laravel/framework/src/Illuminate/Foundation/Testing/Concerns/MakesHttpRequests.php(604): Illuminate/Foundation/Testing/TestCase->call('POST', '/api/v1/auth/lo...', Array, Array, Array, Array, '[]')
#49 C:/Users/ALI/Desktop/dar-al-ajneha/backend/vendor/laravel/framework/src/Illuminate/Foundation/Testing/Concerns/MakesHttpRequests.php(411): Illuminate/Foundation/Testing/TestCase->json('POST', '/api/v1/auth/lo...', Array, Array, 0)
#50 C:/Users/ALI/Desktop/dar-al-ajneha/backend/tests/Feature/Auth/LogoutTest.php(21): Illuminate/Foundation/Testing/TestCase->postJson('/api/v1/auth/lo...')
#51 C:/Users/ALI/Desktop/dar-al-ajneha/backend/vendor/pestphp/pest/src/Factories/TestCaseMethodFactory.php(177): P/Tests/Feature/Auth/LogoutTest->{closure:C:/Users/ALI/Desktop/dar-al-ajneha/backend/tests/Feature/Auth/LogoutTest.php:16}()
#52 [internal function]: P/Tests/Feature/Auth/LogoutTest->{closure:Pest/Factories/TestCaseMethodFactory::getClosure():167}()
#53 C:/Users/ALI/Desktop/dar-al-ajneha/backend/vendor/pestphp/pest/src/Concerns/Testable.php(514): call_user_func_array(Object(Closure), Array)
#54 C:/Users/ALI/Desktop/dar-al-ajneha/backend/vendor/pestphp/pest/src/Support/ExceptionTrace.php(26): P/Tests/Feature/Auth/LogoutTest->{closure:Pest/Concerns/Testable::__callClosure():514}()
#55 C:/Users/ALI/Desktop/dar-al-ajneha/backend/vendor/pestphp/pest/src/Concerns/Testable.php(514): Pest/Support/ExceptionTrace::ensure(Object(Closure))
#56 C:/Users/ALI/Desktop/dar-al-ajneha/backend/vendor/pestphp/pest/src/Concerns/Testable.php(336): P/Tests/Feature/Auth/LogoutTest->__callClosure(Object(Closure), Array)
#57 C:/Users/ALI/Desktop/dar-al-ajneha/backend/vendor/pestphp/pest/src/Factories/TestCaseFactory.php(179) : eval()'d code(35): P/Tests/Feature/Auth/LogoutTest->__runTest(Object(Closure))
#58 C:/Users/ALI/Desktop/dar-al-ajneha/backend/vendor/phpunit/phpunit/src/Framework/TestCase.php(1318): P/Tests/Feature/Auth/LogoutTest->__pest_evaluable_after_logout_me_returns_401()
#59 C:/Users/ALI/Desktop/dar-al-ajneha/backend/vendor/phpunit/phpunit/src/Framework/TestCase.php(1355): PHPUnit/Framework/TestCase->invokeTestMethod('__pest_evaluabl...', Array)
#60 C:/Users/ALI/Desktop/dar-al-ajneha/backend/vendor/phpunit/phpunit/src/Framework/TestCase.php(521): PHPUnit/Framework/TestCase->runTest()
#61 C:/Users/ALI/Desktop/dar-al-ajneha/backend/vendor/phpunit/phpunit/src/Framework/TestRunner/TestRunner.php(99): PHPUnit/Framework/TestCase->runBare()
#62 C:/Users/ALI/Desktop/dar-al-ajneha/backend/vendor/phpunit/phpunit/src/Framework/TestCase.php(361): PHPUnit/Framework/TestRunner->run(Object(P/Tests/Feature/Auth/LogoutTest))
#63 C:/Users/ALI/Desktop/dar-al-ajneha/backend/vendor/phpunit/phpunit/src/Framework/TestSuite.php(374): PHPUnit/Framework/TestCase->run()
#64 C:/Users/ALI/Desktop/dar-al-ajneha/backend/vendor/phpunit/phpunit/src/Framework/TestSuite.php(374): PHPUnit/Framework/TestSuite->run()
#65 C:/Users/ALI/Desktop/dar-al-ajneha/backend/vendor/phpunit/phpunit/src/Framework/TestSuite.php(374): PHPUnit/Framework/TestSuite->run()
#66 C:/Users/ALI/Desktop/dar-al-ajneha/backend/vendor/phpunit/phpunit/src/TextUI/TestRunner.php(64): PHPUnit/Framework/TestSuite->run()
#67 C:/Users/ALI/Desktop/dar-al-ajneha/backend/vendor/phpunit/phpunit/src/TextUI/Application.php(229): PHPUnit/TextUI/TestRunner->run(Object(PHPUnit/TextUI/Configuration/Configuration), Object(PHPUnit/Runner/ResultCache/DefaultResultCache), Object(PHPUnit/Framework/TestSuite))
#68 C:/Users/ALI/Desktop/dar-al-ajneha/backend/vendor/pestphp/pest/src/Kernel.php(103): PHPUnit/TextUI/Application->run(Array)
#69 C:/Users/ALI/Desktop/dar-al-ajneha/backend/vendor/pestphp/pest/bin/pest(196): Pest/Kernel->handle(Array, Array)
#70 C:/Users/ALI/Desktop/dar-al-ajneha/backend/vendor/pestphp/pest/bin/pest(204): {closure:C:/Users/ALI/Desktop/dar-al-ajneha/backend/vendor/pestphp/pest/bin/pest:19}()
#71 {main}
"} 
[2026-09-30 15:57:20] testing.ERROR: SQLSTATE[42703]: Undefined column: 7 ERROR:  column "name" does not exist
LINE 1: select "id", "title", "name" from "books" where "id" in ($1,...
                              ^ (Connection: pgsql, Host: 127.0.0.1, Port: 5432, Database: dar_al_ajneha, SQL: select "id", "title", "name" from "books" where "id" in (1, 2, 3, 4, 5)) {"userId":8,"exception":"[object] (Illuminate\\Database\\QueryException(code: 42703): SQLSTATE[42703]: Undefined column: 7 ERROR:  column \"name\" does not exist
LINE 1: select \"id\", \"title\", \"name\" from \"books\" where \"id\" in ($1,...
                              ^ (Connection: pgsql, Host: 127.0.0.1, Port: 5432, Database: dar_al_ajneha, SQL: select \"id\", \"title\", \"name\" from \"books\" where \"id\" in (1, 2, 3, 4, 5)) at C:/Users/ALI/Desktop/dar-al-ajneha/backend/vendor/laravel/framework/src/Illuminate/Database/Connection.php:857)
[stacktrace]
#0 C:/Users/ALI/Desktop/dar-al-ajneha/backend/vendor/laravel/framework/src/Illuminate/Database/Connection.php(813): Illuminate/Database/Connection->runQueryCallback('select \"id\", \"t...', Array, Object(Closure))
#1 C:/Users/ALI/Desktop/dar-al-ajneha/backend/vendor/laravel/framework/src/Illuminate/Database/Connection.php(426): Illuminate/Database/Connection->run('select \"id\", \"t...', Array, Object(Closure))
#2 C:/Users/ALI/Desktop/dar-al-ajneha/backend/vendor/laravel/framework/src/Illuminate/Database/Query/Builder.php(3631): Illuminate/Database/Connection->select('select \"id\", \"t...', Array, true, Array)
#3 C:/Users/ALI/Desktop/dar-al-ajneha/backend/vendor/laravel/framework/src/Illuminate/Database/Query/Builder.php(3615): Illuminate/Database/Query/Builder->runSelect()
#4 C:/Users/ALI/Desktop/dar-al-ajneha/backend/vendor/laravel/framework/src/Illuminate/Database/Eloquent/Builder.php(931): Illuminate/Database/Query/Builder->get(Array)
#5 C:/Users/ALI/Desktop/dar-al-ajneha/backend/vendor/laravel/framework/src/Illuminate/Database/Eloquent/Builder.php(913): Illuminate/Database/Eloquent/Builder->getModels(Array)
#6 C:/Users/ALI/Desktop/dar-al-ajneha/backend/app/Http/Controllers/Media/MediaController.php(223): Illuminate/Database/Eloquent/Builder->get(Array)
#7 C:/Users/ALI/Desktop/dar-al-ajneha/backend/app/Http/Controllers/Media/MediaController.php(181): App/Http/Controllers/Media/MediaController->resolveAttachmentParents(Object(Illuminate/Database/Eloquent/Collection))
#8 C:/Users/ALI/Desktop/dar-al-ajneha/backend/vendor/laravel/framework/src/Illuminate/Routing/Controller.php(54): App/Http/Controllers/Media/MediaController->attachments(Object(Illuminate/Http/Request), Object(App/Models/Media))
#9 C:/Users/ALI/Desktop/dar-al-ajneha/backend/vendor/laravel/framework/src/Illuminate/Routing/ControllerDispatcher.php(43): Illuminate/Routing/Controller->callAction('attachments', Array)
#10 C:/Users/ALI/Desktop/dar-al-ajneha/backend/vendor/laravel/framework/src/Illuminate/Routing/Route.php(276): Illuminate/Routing/ControllerDispatcher->dispatch(Object(Illuminate/Routing/Route), Object(App/Http/Controllers/Media/MediaController), 'attachments')
#11 C:/Users/ALI/Desktop/dar-al-ajneha/backend/vendor/laravel/framework/src/Illuminate/Routing/Route.php(216): Illuminate/Routing/Route->runController()
#12 C:/Users/ALI/Desktop/dar-al-ajneha/backend/vendor/laravel/framework/src/Illuminate/Routing/Router.php(822): Illuminate/Routing/Route->run()
#13 C:/Users/ALI/Desktop/dar-al-ajneha/backend/vendor/laravel/framework/src/Illuminate/Pipeline/Pipeline.php(180): Illuminate/Routing/Router->{closure:Illuminate/Routing/Router::runRouteWithinStack():821}(Object(Illuminate/Http/Request))
#14 C:/Users/ALI/Desktop/dar-al-ajneha/backend/vendor/laravel/framework/src/Illuminate/Routing/Middleware/SubstituteBindings.php(52): Illuminate/Pipeline/Pipeline->{closure:Illuminate/Pipeline/Pipeline::prepareDestination():178}(Object(Illuminate/Http/Request))
#15 C:/Users/ALI/Desktop/dar-al-ajneha/backend/vendor/laravel/framework/src/Illuminate/Pipeline/Pipeline.php(219): Illuminate/Routing/Middleware/SubstituteBindings->handle(Object(Illuminate/Http/Request), Object(Closure))
#16 C:/Users/ALI/Desktop/dar-al-ajneha/backend/vendor/laravel/framework/src/Illuminate/Routing/Middleware/ThrottleRequests.php(168): Illuminate/Pipeline/Pipeline->{closure:{closure:Illuminate/Pipeline/Pipeline::carry():194}:195}(Object(Illuminate/Http/Request))
#17 C:/Users/ALI/Desktop/dar-al-ajneha/backend/vendor/laravel/framework/src/Illuminate/Routing/Middleware/ThrottleRequests.php(93): Illuminate/Routing/Middleware/ThrottleRequests->handleRequest(Object(Illuminate/Http/Request), Object(Closure), Array)
#18 C:/Users/ALI/Desktop/dar-al-ajneha/backend/vendor/laravel/framework/src/Illuminate/Pipeline/Pipeline.php(219): Illuminate/Routing/Middleware/ThrottleRequests->handle(Object(Illuminate/Http/Request), Object(Closure), '60', '1')
#19 C:/Users/ALI/Desktop/dar-al-ajneha/backend/vendor/laravel/framework/src/Illuminate/Auth/Middleware/Authenticate.php(63): Illuminate/Pipeline/Pipeline->{closure:{closure:Illuminate/Pipeline/Pipeline::carry():194}:195}(Object(Illuminate/Http/Request))
#20 C:/Users/ALI/Desktop/dar-al-ajneha/backend/vendor/laravel/framework/src/Illuminate/Pipeline/Pipeline.php(219): Illuminate/Auth/Middleware/Authenticate->handle(Object(Illuminate/Http/Request), Object(Closure), 'sanctum')
#21 C:/Users/ALI/Desktop/dar-al-ajneha/backend/vendor/laravel/sanctum/src/Http/Middleware/EnsureFrontendRequestsAreStateful.php(26): Illuminate/Pipeline/Pipeline->{closure:{closure:Illuminate/Pipeline/Pipeline::carry():194}:195}(Object(Illuminate/Http/Request))
#22 C:/Users/ALI/Desktop/dar-al-ajneha/backend/vendor/laravel/framework/src/Illuminate/Pipeline/Pipeline.php(180): Laravel/Sanctum/Http/Middleware/EnsureFrontendRequestsAreStateful->{closure:Laravel/Sanctum/Http/Middleware/EnsureFrontendRequestsAreStateful::handle():25}(Object(Illuminate/Http/Request))
#23 C:/Users/ALI/Desktop/dar-al-ajneha/backend/vendor/laravel/framework/src/Illuminate/Pipeline/Pipeline.php(137): Illuminate/Pipeline/Pipeline->{closure:Illuminate/Pipeline/Pipeline::prepareDestination():178}(Object(Illuminate/Http/Request))
#24 C:/Users/ALI/Desktop/dar-al-ajneha/backend/vendor/laravel/sanctum/src/Http/Middleware/EnsureFrontendRequestsAreStateful.php(25): Illuminate/Pipeline/Pipeline->then(Object(Closure))
#25 C:/Users/ALI/Desktop/dar-al-ajneha/backend/vendor/laravel/framework/src/Illuminate/Pipeline/Pipeline.php(219): Laravel/Sanctum/Http/Middleware/EnsureFrontendRequestsAreStateful->handle(Object(Illuminate/Http/Request), Object(Closure))
#26 C:/Users/ALI/Desktop/dar-al-ajneha/backend/vendor/laravel/framework/src/Illuminate/Pipeline/Pipeline.php(137): Illuminate/Pipeline/Pipeline->{closure:{closure:Illuminate/Pipeline/Pipeline::carry():194}:195}(Object(Illuminate/Http/Request))
#27 C:/Users/ALI/Desktop/dar-al-ajneha/backend/vendor/laravel/framework/src/Illuminate/Routing/Router.php(821): Illuminate/Pipeline/Pipeline->then(Object(Closure))
#28 C:/Users/ALI/Desktop/dar-al-ajneha/backend/vendor/laravel/framework/src/Illuminate/Routing/Router.php(800): Illuminate/Routing/Router->runRouteWithinStack(Object(Illuminate/Routing/Route), Object(Illuminate/Http/Request))
#29 C:/Users/ALI/Desktop/dar-al-ajneha/backend/vendor/laravel/framework/src/Illuminate/Routing/Router.php(764): Illuminate/Routing/Router->runRoute(Object(Illuminate/Http/Request), Object(Illuminate/Routing/Route))
#30 C:/Users/ALI/Desktop/dar-al-ajneha/backend/vendor/laravel/framework/src/Illuminate/Routing/Router.php(753): Illuminate/Routing/Router->dispatchToRoute(Object(Illuminate/Http/Request))
#31 C:/Users/ALI/Desktop/dar-al-ajneha/backend/vendor/laravel/framework/src/Illuminate/Foundation/Http/Kernel.php(200): Illuminate/Routing/Router->dispatch(Object(Illuminate/Http/Request))
#32 C:/Users/ALI/Desktop/dar-al-ajneha/backend/vendor/laravel/framework/src/Illuminate/Pipeline/Pipeline.php(180): Illuminate/Foundation/Http/Kernel->{closure:Illuminate/Foundation/Http/Kernel::dispatchToRouter():197}(Object(Illuminate/Http/Request))
#33 C:/Users/ALI/Desktop/dar-al-ajneha/backend/vendor/laravel/framework/src/Illuminate/Foundation/Http/Middleware/TransformsRequest.php(21): Illuminate/Pipeline/Pipeline->{closure:Illuminate/Pipeline/Pipeline::prepareDestination():178}(Object(Illuminate/Http/Request))
#34 C:/Users/ALI/Desktop/dar-al-ajneha/backend/vendor/laravel/framework/src/Illuminate/Foundation/Http/Middleware/ConvertEmptyStringsToNull.php(31): Illuminate/Foundation/Http/Middleware/TransformsRequest->handle(Object(Illuminate/Http/Request), Object(Closure))
#35 C:/Users/ALI/Desktop/dar-al-ajneha/backend/vendor/laravel/framework/src/Illuminate/Pipeline/Pipeline.php(219): Illuminate/Foundation/Http/Middleware/ConvertEmptyStringsToNull->handle(Object(Illuminate/Http/Request), Object(Closure))
#36 C:/Users/ALI/Desktop/dar-al-ajneha/backend/vendor/laravel/framework/src/Illuminate/Foundation/Http/Middleware/TransformsRequest.php(21): Illuminate/Pipeline/Pipeline->{closure:{closure:Illuminate/Pipeline/Pipeline::carry():194}:195}(Object(Illuminate/Http/Request))
#37 C:/Users/ALI/Desktop/dar-al-ajneha/backend/vendor/laravel/framework/src/Illuminate/Foundation/Http/Middleware/TrimStrings.php(51): Illuminate/Foundation/Http/Middleware/TransformsRequest->handle(Object(Illuminate/Http/Request), Object(Closure))
#38 C:/Users/ALI/Desktop/dar-al-ajneha/backend/vendor/laravel/framework/src/Illuminate/Pipeline/Pipeline.php(219): Illuminate/Foundation/Http/Middleware/TrimStrings->handle(Object(Illuminate/Http/Request), Object(Closure))
#39 C:/Users/ALI/Desktop/dar-al-ajneha/backend/vendor/laravel/framework/src/Illuminate/Http/Middleware/ValidatePostSize.php(27): Illuminate/Pipeline/Pipeline->{closure:{closure:Illuminate/Pipeline/Pipeline::carry():194}:195}(Object(Illuminate/Http/Request))
#40 C:/Users/ALI/Desktop/dar-al-ajneha/backend/vendor/laravel/framework/src/Illuminate/Pipeline/Pipeline.php(219): Illuminate/Http/Middleware/ValidatePostSize->handle(Object(Illuminate/Http/Request), Object(Closure))
#41 C:/Users/ALI/Desktop/dar-al-ajneha/backend/vendor/laravel/framework/src/Illuminate/Foundation/Http/Middleware/PreventRequestsDuringMaintenance.php(110): Illuminate/Pipeline/Pipeline->{closure:{closure:Illuminate/Pipeline/Pipeline::carry():194}:195}(Object(Illuminate/Http/Request))
#42 C:/Users/ALI/Desktop/dar-al-ajneha/backend/vendor/laravel/framework/src/Illuminate/Pipeline/Pipeline.php(219): Illuminate/Foundation/Http/Middleware/PreventRequestsDuringMaintenance->handle(Object(Illuminate/Http/Request), Object(Closure))
#43 C:/Users/ALI/Desktop/dar-al-ajneha/backend/vendor/laravel/framework/src/Illuminate/Http/Middleware/HandleCors.php(74): Illuminate/Pipeline/Pipeline->{closure:{closure:Illuminate/Pipeline/Pipeline::carry():194}:195}(Object(Illuminate/Http/Request))
#44 C:/Users/ALI/Desktop/dar-al-ajneha/backend/vendor/laravel/framework/src/Illuminate/Pipeline/Pipeline.php(219): Illuminate/Http/Middleware/HandleCors->handle(Object(Illuminate/Http/Request), Object(Closure))
#45 C:/Users/ALI/Desktop/dar-al-ajneha/backend/vendor/laravel/framework/src/Illuminate/Http/Middleware/TrustProxies.php(58): Illuminate/Pipeline/Pipeline->{closure:{closure:Illuminate/Pipeline/Pipeline::carry():194}:195}(Object(Illuminate/Http/Request))
#46 C:/Users/ALI/Desktop/dar-al-ajneha/backend/vendor/laravel/framework/src/Illuminate/Pipeline/Pipeline.php(219): Illuminate/Http/Middleware/TrustProxies->handle(Object(Illuminate/Http/Request), Object(Closure))
#47 C:/Users/ALI/Desktop/dar-al-ajneha/backend/vendor/laravel/framework/src/Illuminate/Foundation/Http/Middleware/InvokeDeferredCallbacks.php(22): Illuminate/Pipeline/Pipeline->{closure:{closure:Illuminate/Pipeline/Pipeline::carry():194}:195}(Object(Illuminate/Http/Request))
#48 C:/Users/ALI/Desktop/dar-al-ajneha/backend/vendor/laravel/framework/src/Illuminate/Pipeline/Pipeline.php(219): Illuminate/Foundation/Http/Middleware/InvokeDeferredCallbacks->handle(Object(Illuminate/Http/Request), Object(Closure))
#49 C:/Users/ALI/Desktop/dar-al-ajneha/backend/vendor/laravel/framework/src/Illuminate/Http/Middleware/ValidatePathEncoding.php(28): Illuminate/Pipeline/Pipeline->{closure:{closure:Illuminate/Pipeline/Pipeline::carry():194}:195}(Object(Illuminate/Http/Request))
#50 C:/Users/ALI/Desktop/dar-al-ajneha/backend/vendor/laravel/framework/src/Illuminate/Pipeline/Pipeline.php(219): Illuminate/Http/Middleware/ValidatePathEncoding->handle(Object(Illuminate/Http/Request), Object(Closure))
#51 C:/Users/ALI/Desktop/dar-al-ajneha/backend/vendor/laravel/framework/src/Illuminate/Pipeline/Pipeline.php(137): Illuminate/Pipeline/Pipeline->{closure:{closure:Illuminate/Pipeline/Pipeline::carry():194}:195}(Object(Illuminate/Http/Request))
#52 C:/Users/ALI/Desktop/dar-al-ajneha/backend/vendor/laravel/framework/src/Illuminate/Foundation/Http/Kernel.php(175): Illuminate/Pipeline/Pipeline->then(Object(Closure))
#53 C:/Users/ALI/Desktop/dar-al-ajneha/backend/vendor/laravel/framework/src/Illuminate/Foundation/Http/Kernel.php(144): Illuminate/Foundation/Http/Kernel->sendRequestThroughRouter(Object(Illuminate/Http/Request))
#54 C:/Users/ALI/Desktop/dar-al-ajneha/backend/vendor/laravel/framework/src/Illuminate/Foundation/Testing/Concerns/MakesHttpRequests.php(638): Illuminate/Foundation/Http/Kernel->handle(Object(Illuminate/Http/Request))
#55 C:/Users/ALI/Desktop/dar-al-ajneha/backend/vendor/laravel/framework/src/Illuminate/Foundation/Testing/Concerns/MakesHttpRequests.php(604): Illuminate/Foundation/Testing/TestCase->call('GET', '/api/v1/media/6...', Array, Array, Array, Array, '[]')
#56 C:/Users/ALI/Desktop/dar-al-ajneha/backend/vendor/laravel/framework/src/Illuminate/Foundation/Testing/Concerns/MakesHttpRequests.php(381): Illuminate/Foundation/Testing/TestCase->json('GET', '/api/v1/media/6...', Array, Array, 0)
#57 C:/Users/ALI/Desktop/dar-al-ajneha/backend/tests/Feature/Media/MediaFileServingTest.php(128): Illuminate/Foundation/Testing/TestCase->getJson('/api/v1/media/6...')
#58 C:/Users/ALI/Desktop/dar-al-ajneha/backend/vendor/pestphp/pest/src/Factories/TestCaseMethodFactory.php(177): P/Tests/Feature/Media/MediaFileServingTest->{closure:C:/Users/ALI/Desktop/dar-al-ajneha/backend/tests/Feature/Media/MediaFileServingTest.php:108}()
#59 [internal function]: P/Tests/Feature/Media/MediaFileServingTest->{closure:Pest/Factories/TestCaseMethodFactory::getClosure():167}()
#60 C:/Users/ALI/Desktop/dar-al-ajneha/backend/vendor/pestphp/pest/src/Concerns/Testable.php(514): call_user_func_array(Object(Closure), Array)
#61 C:/Users/ALI/Desktop/dar-al-ajneha/backend/vendor/pestphp/pest/src/Support/ExceptionTrace.php(26): P/Tests/Feature/Media/MediaFileServingTest->{closure:Pest/Concerns/Testable::__callClosure():514}()
#62 C:/Users/ALI/Desktop/dar-al-ajneha/backend/vendor/pestphp/pest/src/Concerns/Testable.php(514): Pest/Support/ExceptionTrace::ensure(Object(Closure))
#63 C:/Users/ALI/Desktop/dar-al-ajneha/backend/vendor/pestphp/pest/src/Concerns/Testable.php(336): P/Tests/Feature/Media/MediaFileServingTest->__callClosure(Object(Closure), Array)
#64 C:/Users/ALI/Desktop/dar-al-ajneha/backend/vendor/pestphp/pest/src/Factories/TestCaseFactory.php(179) : eval()'d code(87): P/Tests/Feature/Media/MediaFileServingTest->__runTest(Object(Closure))
#65 C:/Users/ALI/Desktop/dar-al-ajneha/backend/vendor/phpunit/phpunit/src/Framework/TestCase.php(1318): P/Tests/Feature/Media/MediaFileServingTest->__pest_evaluable_attachments_resolve_parents_without_a_query_per_row()
#66 C:/Users/ALI/Desktop/dar-al-ajneha/backend/vendor/phpunit/phpunit/src/Framework/TestCase.php(1355): PHPUnit/Framework/TestCase->invokeTestMethod('__pest_evaluabl...', Array)
#67 C:/Users/ALI/Desktop/dar-al-ajneha/backend/vendor/phpunit/phpunit/src/Framework/TestCase.php(521): PHPUnit/Framework/TestCase->runTest()
#68 C:/Users/ALI/Desktop/dar-al-ajneha/backend/vendor/phpunit/phpunit/src/Framework/TestRunner/TestRunner.php(99): PHPUnit/Framework/TestCase->runBare()
#69 C:/Users/ALI/Desktop/dar-al-ajneha/backend/vendor/phpunit/phpunit/src/Framework/TestCase.php(361): PHPUnit/Framework/TestRunner->run(Object(P/Tests/Feature/Media/MediaFileServingTest))
#70 C:/Users/ALI/Desktop/dar-al-ajneha/backend/vendor/phpunit/phpunit/src/Framework/TestSuite.php(374): PHPUnit/Framework/TestCase->run()
#71 C:/Users/ALI/Desktop/dar-al-ajneha/backend/vendor/phpunit/phpunit/src/Framework/TestSuite.php(374): PHPUnit/Framework/TestSuite->run()
#72 C:/Users/ALI/Desktop/dar-al-ajneha/backend/vendor/phpunit/phpunit/src/Framework/TestSuite.php(374): PHPUnit/Framework/TestSuite->run()
#73 C:/Users/ALI/Desktop/dar-al-ajneha/backend/vendor/phpunit/phpunit/src/TextUI/TestRunner.php(64): PHPUnit/Framework/TestSuite->run()
#74 C:/Users/ALI/Desktop/dar-al-ajneha/backend/vendor/phpunit/phpunit/src/TextUI/Application.php(229): PHPUnit/TextUI/TestRunner->run(Object(PHPUnit/TextUI/Configuration/Configuration), Object(PHPUnit/Runner/ResultCache/DefaultResultCache), Object(PHPUnit/Framework/TestSuite))
#75 C:/Users/ALI/Desktop/dar-al-ajneha/backend/vendor/pestphp/pest/src/Kernel.php(103): PHPUnit/TextUI/Application->run(Array)
#76 C:/Users/ALI/Desktop/dar-al-ajneha/backend/vendor/pestphp/pest/bin/pest(196): Pest/Kernel->handle(Array, Array)
#77 C:/Users/ALI/Desktop/dar-al-ajneha/backend/vendor/pestphp/pest/bin/pest(204): {closure:C:/Users/ALI/Desktop/dar-al-ajneha/backend/vendor/pestphp/pest/bin/pest:19}()
#78 {main}

[previous exception] [object] (PDOException(code: 42703): SQLSTATE[42703]: Undefined column: 7 ERROR:  column \"name\" does not exist
LINE 1: select \"id\", \"title\", \"name\" from \"books\" where \"id\" in ($1,...
                              ^ at C:/Users/ALI/Desktop/dar-al-ajneha/backend/vendor/laravel/framework/src/Illuminate/Database/Connection.php:440)
[stacktrace]
#0 C:/Users/ALI/Desktop/dar-al-ajneha/backend/vendor/laravel/framework/src/Illuminate/Database/Connection.php(440): PDOStatement->execute()
#1 C:/Users/ALI/Desktop/dar-al-ajneha/backend/vendor/laravel/framework/src/Illuminate/Database/Connection.php(846): Illuminate/Database/Connection->{closure:Illuminate/Database/Connection::select():426}('select \"id\", \"t...', Array)
#2 C:/Users/ALI/Desktop/dar-al-ajneha/backend/vendor/laravel/framework/src/Illuminate/Database/Connection.php(813): Illuminate/Database/Connection->runQueryCallback('select \"id\", \"t...', Array, Object(Closure))
#3 C:/Users/ALI/Desktop/dar-al-ajneha/backend/vendor/laravel/framework/src/Illuminate/Database/Connection.php(426): Illuminate/Database/Connection->run('select \"id\", \"t...', Array, Object(Closure))
#4 C:/Users/ALI/Desktop/dar-al-ajneha/backend/vendor/laravel/framework/src/Illuminate/Database/Query/Builder.php(3631): Illuminate/Database/Connection->select('select \"id\", \"t...', Array, true, Array)
#5 C:/Users/ALI/Desktop/dar-al-ajneha/backend/vendor/laravel/framework/src/Illuminate/Database/Query/Builder.php(3615): Illuminate/Database/Query/Builder->runSelect()
#6 C:/Users/ALI/Desktop/dar-al-ajneha/backend/vendor/laravel/framework/src/Illuminate/Database/Eloquent/Builder.php(931): Illuminate/Database/Query/Builder->get(Array)
#7 C:/Users/ALI/Desktop/dar-al-ajneha/backend/vendor/laravel/framework/src/Illuminate/Database/Eloquent/Builder.php(913): Illuminate/Database/Eloquent/Builder->getModels(Array)
#8 C:/Users/ALI/Desktop/dar-al-ajneha/backend/app/Http/Controllers/Media/MediaController.php(223): Illuminate/Database/Eloquent/Builder->get(Array)
#9 C:/Users/ALI/Desktop/dar-al-ajneha/backend/app/Http/Controllers/Media/MediaController.php(181): App/Http/Controllers/Media/MediaController->resolveAttachmentParents(Object(Illuminate/Database/Eloquent/Collection))
#10 C:/Users/ALI/Desktop/dar-al-ajneha/backend/vendor/laravel/framework/src/Illuminate/Routing/Controller.php(54): App/Http/Controllers/Media/MediaController->attachments(Object(Illuminate/Http/Request), Object(App/Models/Media))
#11 C:/Users/ALI/Desktop/dar-al-ajneha/backend/vendor/laravel/framework/src/Illuminate/Routing/ControllerDispatcher.php(43): Illuminate/Routing/Controller->callAction('attachments', Array)
#12 C:/Users/ALI/Desktop/dar-al-ajneha/backend/vendor/laravel/framework/src/Illuminate/Routing/Route.php(276): Illuminate/Routing/ControllerDispatcher->dispatch(Object(Illuminate/Routing/Route), Object(App/Http/Controllers/Media/MediaController), 'attachments')
#13 C:/Users/ALI/Desktop/dar-al-ajneha/backend/vendor/laravel/framework/src/Illuminate/Routing/Route.php(216): Illuminate/Routing/Route->runController()
#14 C:/Users/ALI/Desktop/dar-al-ajneha/backend/vendor/laravel/framework/src/Illuminate/Routing/Router.php(822): Illuminate/Routing/Route->run()
#15 C:/Users/ALI/Desktop/dar-al-ajneha/backend/vendor/laravel/framework/src/Illuminate/Pipeline/Pipeline.php(180): Illuminate/Routing/Router->{closure:Illuminate/Routing/Router::runRouteWithinStack():821}(Object(Illuminate/Http/Request))
#16 C:/Users/ALI/Desktop/dar-al-ajneha/backend/vendor/laravel/framework/src/Illuminate/Routing/Middleware/SubstituteBindings.php(52): Illuminate/Pipeline/Pipeline->{closure:Illuminate/Pipeline/Pipeline::prepareDestination():178}(Object(Illuminate/Http/Request))
#17 C:/Users/ALI/Desktop/dar-al-ajneha/backend/vendor/laravel/framework/src/Illuminate/Pipeline/Pipeline.php(219): Illuminate/Routing/Middleware/SubstituteBindings->handle(Object(Illuminate/Http/Request), Object(Closure))
#18 C:/Users/ALI/Desktop/dar-al-ajneha/backend/vendor/laravel/framework/src/Illuminate/Routing/Middleware/ThrottleRequests.php(168): Illuminate/Pipeline/Pipeline->{closure:{closure:Illuminate/Pipeline/Pipeline::carry():194}:195}(Object(Illuminate/Http/Request))
#19 C:/Users/ALI/Desktop/dar-al-ajneha/backend/vendor/laravel/framework/src/Illuminate/Routing/Middleware/ThrottleRequests.php(93): Illuminate/Routing/Middleware/ThrottleRequests->handleRequest(Object(Illuminate/Http/Request), Object(Closure), Array)
#20 C:/Users/ALI/Desktop/dar-al-ajneha/backend/vendor/laravel/framework/src/Illuminate/Pipeline/Pipeline.php(219): Illuminate/Routing/Middleware/ThrottleRequests->handle(Object(Illuminate/Http/Request), Object(Closure), '60', '1')
#21 C:/Users/ALI/Desktop/dar-al-ajneha/backend/vendor/laravel/framework/src/Illuminate/Auth/Middleware/Authenticate.php(63): Illuminate/Pipeline/Pipeline->{closure:{closure:Illuminate/Pipeline/Pipeline::carry():194}:195}(Object(Illuminate/Http/Request))
#22 C:/Users/ALI/Desktop/dar-al-ajneha/backend/vendor/laravel/framework/src/Illuminate/Pipeline/Pipeline.php(219): Illuminate/Auth/Middleware/Authenticate->handle(Object(Illuminate/Http/Request), Object(Closure), 'sanctum')
#23 C:/Users/ALI/Desktop/dar-al-ajneha/backend/vendor/laravel/sanctum/src/Http/Middleware/EnsureFrontendRequestsAreStateful.php(26): Illuminate/Pipeline/Pipeline->{closure:{closure:Illuminate/Pipeline/Pipeline::carry():194}:195}(Object(Illuminate/Http/Request))
#24 C:/Users/ALI/Desktop/dar-al-ajneha/backend/vendor/laravel/framework/src/Illuminate/Pipeline/Pipeline.php(180): Laravel/Sanctum/Http/Middleware/EnsureFrontendRequestsAreStateful->{closure:Laravel/Sanctum/Http/Middleware/EnsureFrontendRequestsAreStateful::handle():25}(Object(Illuminate/Http/Request))
#25 C:/Users/ALI/Desktop/dar-al-ajneha/backend/vendor/laravel/framework/src/Illuminate/Pipeline/Pipeline.php(137): Illuminate/Pipeline/Pipeline->{closure:Illuminate/Pipeline/Pipeline::prepareDestination():178}(Object(Illuminate/Http/Request))
#26 C:/Users/ALI/Desktop/dar-al-ajneha/backend/vendor/laravel/sanctum/src/Http/Middleware/EnsureFrontendRequestsAreStateful.php(25): Illuminate/Pipeline/Pipeline->then(Object(Closure))
#27 C:/Users/ALI/Desktop/dar-al-ajneha/backend/vendor/laravel/framework/src/Illuminate/Pipeline/Pipeline.php(219): Laravel/Sanctum/Http/Middleware/EnsureFrontendRequestsAreStateful->handle(Object(Illuminate/Http/Request), Object(Closure))
#28 C:/Users/ALI/Desktop/dar-al-ajneha/backend/vendor/laravel/framework/src/Illuminate/Pipeline/Pipeline.php(137): Illuminate/Pipeline/Pipeline->{closure:{closure:Illuminate/Pipeline/Pipeline::carry():194}:195}(Object(Illuminate/Http/Request))
#29 C:/Users/ALI/Desktop/dar-al-ajneha/backend/vendor/laravel/framework/src/Illuminate/Routing/Router.php(821): Illuminate/Pipeline/Pipeline->then(Object(Closure))
#30 C:/Users/ALI/Desktop/dar-al-ajneha/backend/vendor/laravel/framework/src/Illuminate/Routing/Router.php(800): Illuminate/Routing/Router->runRouteWithinStack(Object(Illuminate/Routing/Route), Object(Illuminate/Http/Request))
#31 C:/Users/ALI/Desktop/dar-al-ajneha/backend/vendor/laravel/framework/src/Illuminate/Routing/Router.php(764): Illuminate/Routing/Router->runRoute(Object(Illuminate/Http/Request), Object(Illuminate/Routing/Route))
#32 C:/Users/ALI/Desktop/dar-al-ajneha/backend/vendor/laravel/framework/src/Illuminate/Routing/Router.php(753): Illuminate/Routing/Router->dispatchToRoute(Object(Illuminate/Http/Request))
#33 C:/Users/ALI/Desktop/dar-al-ajneha/backend/vendor/laravel/framework/src/Illuminate/Foundation/Http/Kernel.php(200): Illuminate/Routing/Router->dispatch(Object(Illuminate/Http/Request))
#34 C:/Users/ALI/Desktop/dar-al-ajneha/backend/vendor/laravel/framework/src/Illuminate/Pipeline/Pipeline.php(180): Illuminate/Foundation/Http/Kernel->{closure:Illuminate/Foundation/Http/Kernel::dispatchToRouter():197}(Object(Illuminate/Http/Request))
#35 C:/Users/ALI/Desktop/dar-al-ajneha/backend/vendor/laravel/framework/src/Illuminate/Foundation/Http/Middleware/TransformsRequest.php(21): Illuminate/Pipeline/Pipeline->{closure:Illuminate/Pipeline/Pipeline::prepareDestination():178}(Object(Illuminate/Http/Request))
#36 C:/Users/ALI/Desktop/dar-al-ajneha/backend/vendor/laravel/framework/src/Illuminate/Foundation/Http/Middleware/ConvertEmptyStringsToNull.php(31): Illuminate/Foundation/Http/Middleware/TransformsRequest->handle(Object(Illuminate/Http/Request), Object(Closure))
#37 C:/Users/ALI/Desktop/dar-al-ajneha/backend/vendor/laravel/framework/src/Illuminate/Pipeline/Pipeline.php(219): Illuminate/Foundation/Http/Middleware/ConvertEmptyStringsToNull->handle(Object(Illuminate/Http/Request), Object(Closure))
#38 C:/Users/ALI/Desktop/dar-al-ajneha/backend/vendor/laravel/framework/src/Illuminate/Foundation/Http/Middleware/TransformsRequest.php(21): Illuminate/Pipeline/Pipeline->{closure:{closure:Illuminate/Pipeline/Pipeline::carry():194}:195}(Object(Illuminate/Http/Request))
#39 C:/Users/ALI/Desktop/dar-al-ajneha/backend/vendor/laravel/framework/src/Illuminate/Foundation/Http/Middleware/TrimStrings.php(51): Illuminate/Foundation/Http/Middleware/TransformsRequest->handle(Object(Illuminate/Http/Request), Object(Closure))
#40 C:/Users/ALI/Desktop/dar-al-ajneha/backend/vendor/laravel/framework/src/Illuminate/Pipeline/Pipeline.php(219): Illuminate/Foundation/Http/Middleware/TrimStrings->handle(Object(Illuminate/Http/Request), Object(Closure))
#41 C:/Users/ALI/Desktop/dar-al-ajneha/backend/vendor/laravel/framework/src/Illuminate/Http/Middleware/ValidatePostSize.php(27): Illuminate/Pipeline/Pipeline->{closure:{closure:Illuminate/Pipeline/Pipeline::carry():194}:195}(Object(Illuminate/Http/Request))
#42 C:/Users/ALI/Desktop/dar-al-ajneha/backend/vendor/laravel/framework/src/Illuminate/Pipeline/Pipeline.php(219): Illuminate/Http/Middleware/ValidatePostSize->handle(Object(Illuminate/Http/Request), Object(Closure))
#43 C:/Users/ALI/Desktop/dar-al-ajneha/backend/vendor/laravel/framework/src/Illuminate/Foundation/Http/Middleware/PreventRequestsDuringMaintenance.php(110): Illuminate/Pipeline/Pipeline->{closure:{closure:Illuminate/Pipeline/Pipeline::carry():194}:195}(Object(Illuminate/Http/Request))
#44 C:/Users/ALI/Desktop/dar-al-ajneha/backend/vendor/laravel/framework/src/Illuminate/Pipeline/Pipeline.php(219): Illuminate/Foundation/Http/Middleware/PreventRequestsDuringMaintenance->handle(Object(Illuminate/Http/Request), Object(Closure))
#45 C:/Users/ALI/Desktop/dar-al-ajneha/backend/vendor/laravel/framework/src/Illuminate/Http/Middleware/HandleCors.php(74): Illuminate/Pipeline/Pipeline->{closure:{closure:Illuminate/Pipeline/Pipeline::carry():194}:195}(Object(Illuminate/Http/Request))
#46 C:/Users/ALI/Desktop/dar-al-ajneha/backend/vendor/laravel/framework/src/Illuminate/Pipeline/Pipeline.php(219): Illuminate/Http/Middleware/HandleCors->handle(Object(Illuminate/Http/Request), Object(Closure))
#47 C:/Users/ALI/Desktop/dar-al-ajneha/backend/vendor/laravel/framework/src/Illuminate/Http/Middleware/TrustProxies.php(58): Illuminate/Pipeline/Pipeline->{closure:{closure:Illuminate/Pipeline/Pipeline::carry():194}:195}(Object(Illuminate/Http/Request))
#48 C:/Users/ALI/Desktop/dar-al-ajneha/backend/vendor/laravel/framework/src/Illuminate/Pipeline/Pipeline.php(219): Illuminate/Http/Middleware/TrustProxies->handle(Object(Illuminate/Http/Request), Object(Closure))
#49 C:/Users/ALI/Desktop/dar-al-ajneha/backend/vendor/laravel/framework/src/Illuminate/Foundation/Http/Middleware/InvokeDeferredCallbacks.php(22): Illuminate/Pipeline/Pipeline->{closure:{closure:Illuminate/Pipeline/Pipeline::carry():194}:195}(Object(Illuminate/Http/Request))
#50 C:/Users/ALI/Desktop/dar-al-ajneha/backend/vendor/laravel/framework/src/Illuminate/Pipeline/Pipeline.php(219): Illuminate/Foundation/Http/Middleware/InvokeDeferredCallbacks->handle(Object(Illuminate/Http/Request), Object(Closure))
#51 C:/Users/ALI/Desktop/dar-al-ajneha/backend/vendor/laravel/framework/src/Illuminate/Http/Middleware/ValidatePathEncoding.php(28): Illuminate/Pipeline/Pipeline->{closure:{closure:Illuminate/Pipeline/Pipeline::carry():194}:195}(Object(Illuminate/Http/Request))
#52 C:/Users/ALI/Desktop/dar-al-ajneha/backend/vendor/laravel/framework/src/Illuminate/Pipeline/Pipeline.php(219): Illuminate/Http/Middleware/ValidatePathEncoding->handle(Object(Illuminate/Http/Request), Object(Closure))
#53 C:/Users/ALI/Desktop/dar-al-ajneha/backend/vendor/laravel/framework/src/Illuminate/Pipeline/Pipeline.php(137): Illuminate/Pipeline/Pipeline->{closure:{closure:Illuminate/Pipeline/Pipeline::carry():194}:195}(Object(Illuminate/Http/Request))
#54 C:/Users/ALI/Desktop/dar-al-ajneha/backend/vendor/laravel/framework/src/Illuminate/Foundation/Http/Kernel.php(175): Illuminate/Pipeline/Pipeline->then(Object(Closure))
#55 C:/Users/ALI/Desktop/dar-al-ajneha/backend/vendor/laravel/framework/src/Illuminate/Foundation/Http/Kernel.php(144): Illuminate/Foundation/Http/Kernel->sendRequestThroughRouter(Object(Illuminate/Http/Request))
#56 C:/Users/ALI/Desktop/dar-al-ajneha/backend/vendor/laravel/framework/src/Illuminate/Foundation/Testing/Concerns/MakesHttpRequests.php(638): Illuminate/Foundation/Http/Kernel->handle(Object(Illuminate/Http/Request))
#57 C:/Users/ALI/Desktop/dar-al-ajneha/backend/vendor/laravel/framework/src/Illuminate/Foundation/Testing/Concerns/MakesHttpRequests.php(604): Illuminate/Foundation/Testing/TestCase->call('GET', '/api/v1/media/6...', Array, Array, Array, Array, '[]')
#58 C:/Users/ALI/Desktop/dar-al-ajneha/backend/vendor/laravel/framework/src/Illuminate/Foundation/Testing/Concerns/MakesHttpRequests.php(381): Illuminate/Foundation/Testing/TestCase->json('GET', '/api/v1/media/6...', Array, Array, 0)
#59 C:/Users/ALI/Desktop/dar-al-ajneha/backend/tests/Feature/Media/MediaFileServingTest.php(128): Illuminate/Foundation/Testing/TestCase->getJson('/api/v1/media/6...')
#60 C:/Users/ALI/Desktop/dar-al-ajneha/backend/vendor/pestphp/pest/src/Factories/TestCaseMethodFactory.php(177): P/Tests/Feature/Media/MediaFileServingTest->{closure:C:/Users/ALI/Desktop/dar-al-ajneha/backend/tests/Feature/Media/MediaFileServingTest.php:108}()
#61 [internal function]: P/Tests/Feature/Media/MediaFileServingTest->{closure:Pest/Factories/TestCaseMethodFactory::getClosure():167}()
#62 C:/Users/ALI/Desktop/dar-al-ajneha/backend/vendor/pestphp/pest/src/Concerns/Testable.php(514): call_user_func_array(Object(Closure), Array)
#63 C:/Users/ALI/Desktop/dar-al-ajneha/backend/vendor/pestphp/pest/src/Support/ExceptionTrace.php(26): P/Tests/Feature/Media/MediaFileServingTest->{closure:Pest/Concerns/Testable::__callClosure():514}()
#64 C:/Users/ALI/Desktop/dar-al-ajneha/backend/vendor/pestphp/pest/src/Concerns/Testable.php(514): Pest/Support/ExceptionTrace::ensure(Object(Closure))
#65 C:/Users/ALI/Desktop/dar-al-ajneha/backend/vendor/pestphp/pest/src/Concerns/Testable.php(336): P/Tests/Feature/Media/MediaFileServingTest->__callClosure(Object(Closure), Array)
#66 C:/Users/ALI/Desktop/dar-al-ajneha/backend/vendor/pestphp/pest/src/Factories/TestCaseFactory.php(179) : eval()'d code(87): P/Tests/Feature/Media/MediaFileServingTest->__runTest(Object(Closure))
#67 C:/Users/ALI/Desktop/dar-al-ajneha/backend/vendor/phpunit/phpunit/src/Framework/TestCase.php(1318): P/Tests/Feature/Media/MediaFileServingTest->__pest_evaluable_attachments_resolve_parents_without_a_query_per_row()
#68 C:/Users/ALI/Desktop/dar-al-ajneha/backend/vendor/phpunit/phpunit/src/Framework/TestCase.php(1355): PHPUnit/Framework/TestCase->invokeTestMethod('__pest_evaluabl...', Array)
#69 C:/Users/ALI/Desktop/dar-al-ajneha/backend/vendor/phpunit/phpunit/src/Framework/TestCase.php(521): PHPUnit/Framework/TestCase->runTest()
#70 C:/Users/ALI/Desktop/dar-al-ajneha/backend/vendor/phpunit/phpunit/src/Framework/TestRunner/TestRunner.php(99): PHPUnit/Framework/TestCase->runBare()
#71 C:/Users/ALI/Desktop/dar-al-ajneha/backend/vendor/phpunit/phpunit/src/Framework/TestCase.php(361): PHPUnit/Framework/TestRunner->run(Object(P/Tests/Feature/Media/MediaFileServingTest))
#72 C:/Users/ALI/Desktop/dar-al-ajneha/backend/vendor/phpunit/phpunit/src/Framework/TestSuite.php(374): PHPUnit/Framework/TestCase->run()
#73 C:/Users/ALI/Desktop/dar-al-ajneha/backend/vendor/phpunit/phpunit/src/Framework/TestSuite.php(374): PHPUnit/Framework/TestSuite->run()
#74 C:/Users/ALI/Desktop/dar-al-ajneha/backend/vendor/phpunit/phpunit/src/Framework/TestSuite.php(374): PHPUnit/Framework/TestSuite->run()
#75 C:/Users/ALI/Desktop/dar-al-ajneha/backend/vendor/phpunit/phpunit/src/TextUI/TestRunner.php(64): PHPUnit/Framework/TestSuite->run()
#76 C:/Users/ALI/Desktop/dar-al-ajneha/backend/vendor/phpunit/phpunit/src/TextUI/Application.php(229): PHPUnit/TextUI/TestRunner->run(Object(PHPUnit/TextUI/Configuration/Configuration), Object(PHPUnit/Runner/ResultCache/DefaultResultCache), Object(PHPUnit/Framework/TestSuite))
#77 C:/Users/ALI/Desktop/dar-al-ajneha/backend/vendor/pestphp/pest/src/Kernel.php(103): PHPUnit/TextUI/Application->run(Array)
#78 C:/Users/ALI/Desktop/dar-al-ajneha/backend/vendor/pestphp/pest/bin/pest(196): Pest/Kernel->handle(Array, Array)
#79 C:/Users/ALI/Desktop/dar-al-ajneha/backend/vendor/pestphp/pest/bin/pest(204): {closure:C:/Users/ALI/Desktop/dar-al-ajneha/backend/vendor/pestphp/pest/bin/pest:19}()
#80 {main}
"} 
[2026-09-30 15:57:20] testing.ERROR: SQLSTATE[42703]: Undefined column: 7 ERROR:  column "name" does not exist
LINE 1: select "id", "title", "name" from "announcements" where "id"...
                              ^ (Connection: pgsql, Host: 127.0.0.1, Port: 5432, Database: dar_al_ajneha, SQL: select "id", "title", "name" from "announcements" where "id" in (1)) {"userId":10,"exception":"[object] (Illuminate\\Database\\QueryException(code: 42703): SQLSTATE[42703]: Undefined column: 7 ERROR:  column \"name\" does not exist
LINE 1: select \"id\", \"title\", \"name\" from \"announcements\" where \"id\"...
                              ^ (Connection: pgsql, Host: 127.0.0.1, Port: 5432, Database: dar_al_ajneha, SQL: select \"id\", \"title\", \"name\" from \"announcements\" where \"id\" in (1)) at C:/Users/ALI/Desktop/dar-al-ajneha/backend/vendor/laravel/framework/src/Illuminate/Database/Connection.php:857)
[stacktrace]
#0 C:/Users/ALI/Desktop/dar-al-ajneha/backend/vendor/laravel/framework/src/Illuminate/Database/Connection.php(813): Illuminate/Database/Connection->runQueryCallback('select \"id\", \"t...', Array, Object(Closure))
#1 C:/Users/ALI/Desktop/dar-al-ajneha/backend/vendor/laravel/framework/src/Illuminate/Database/Connection.php(426): Illuminate/Database/Connection->run('select \"id\", \"t...', Array, Object(Closure))
#2 C:/Users/ALI/Desktop/dar-al-ajneha/backend/vendor/laravel/framework/src/Illuminate/Database/Query/Builder.php(3631): Illuminate/Database/Connection->select('select \"id\", \"t...', Array, true, Array)
#3 C:/Users/ALI/Desktop/dar-al-ajneha/backend/vendor/laravel/framework/src/Illuminate/Database/Query/Builder.php(3615): Illuminate/Database/Query/Builder->runSelect()
#4 C:/Users/ALI/Desktop/dar-al-ajneha/backend/vendor/laravel/framework/src/Illuminate/Database/Eloquent/Builder.php(931): Illuminate/Database/Query/Builder->get(Array)
#5 C:/Users/ALI/Desktop/dar-al-ajneha/backend/vendor/laravel/framework/src/Illuminate/Database/Eloquent/Builder.php(913): Illuminate/Database/Eloquent/Builder->getModels(Array)
#6 C:/Users/ALI/Desktop/dar-al-ajneha/backend/app/Http/Controllers/Media/MediaController.php(223): Illuminate/Database/Eloquent/Builder->get(Array)
#7 C:/Users/ALI/Desktop/dar-al-ajneha/backend/app/Http/Controllers/Media/MediaController.php(181): App/Http/Controllers/Media/MediaController->resolveAttachmentParents(Object(Illuminate/Database/Eloquent/Collection))
#8 C:/Users/ALI/Desktop/dar-al-ajneha/backend/vendor/laravel/framework/src/Illuminate/Routing/Controller.php(54): App/Http/Controllers/Media/MediaController->attachments(Object(Illuminate/Http/Request), Object(App/Models/Media))
#9 C:/Users/ALI/Desktop/dar-al-ajneha/backend/vendor/laravel/framework/src/Illuminate/Routing/ControllerDispatcher.php(43): Illuminate/Routing/Controller->callAction('attachments', Array)
#10 C:/Users/ALI/Desktop/dar-al-ajneha/backend/vendor/laravel/framework/src/Illuminate/Routing/Route.php(276): Illuminate/Routing/ControllerDispatcher->dispatch(Object(Illuminate/Routing/Route), Object(App/Http/Controllers/Media/MediaController), 'attachments')
#11 C:/Users/ALI/Desktop/dar-al-ajneha/backend/vendor/laravel/framework/src/Illuminate/Routing/Route.php(216): Illuminate/Routing/Route->runController()
#12 C:/Users/ALI/Desktop/dar-al-ajneha/backend/vendor/laravel/framework/src/Illuminate/Routing/Router.php(822): Illuminate/Routing/Route->run()
#13 C:/Users/ALI/Desktop/dar-al-ajneha/backend/vendor/laravel/framework/src/Illuminate/Pipeline/Pipeline.php(180): Illuminate/Routing/Router->{closure:Illuminate/Routing/Router::runRouteWithinStack():821}(Object(Illuminate/Http/Request))
#14 C:/Users/ALI/Desktop/dar-al-ajneha/backend/vendor/laravel/framework/src/Illuminate/Routing/Middleware/SubstituteBindings.php(52): Illuminate/Pipeline/Pipeline->{closure:Illuminate/Pipeline/Pipeline::prepareDestination():178}(Object(Illuminate/Http/Request))
#15 C:/Users/ALI/Desktop/dar-al-ajneha/backend/vendor/laravel/framework/src/Illuminate/Pipeline/Pipeline.php(219): Illuminate/Routing/Middleware/SubstituteBindings->handle(Object(Illuminate/Http/Request), Object(Closure))
#16 C:/Users/ALI/Desktop/dar-al-ajneha/backend/vendor/laravel/framework/src/Illuminate/Routing/Middleware/ThrottleRequests.php(168): Illuminate/Pipeline/Pipeline->{closure:{closure:Illuminate/Pipeline/Pipeline::carry():194}:195}(Object(Illuminate/Http/Request))
#17 C:/Users/ALI/Desktop/dar-al-ajneha/backend/vendor/laravel/framework/src/Illuminate/Routing/Middleware/ThrottleRequests.php(93): Illuminate/Routing/Middleware/ThrottleRequests->handleRequest(Object(Illuminate/Http/Request), Object(Closure), Array)
#18 C:/Users/ALI/Desktop/dar-al-ajneha/backend/vendor/laravel/framework/src/Illuminate/Pipeline/Pipeline.php(219): Illuminate/Routing/Middleware/ThrottleRequests->handle(Object(Illuminate/Http/Request), Object(Closure), '60', '1')
#19 C:/Users/ALI/Desktop/dar-al-ajneha/backend/vendor/laravel/framework/src/Illuminate/Auth/Middleware/Authenticate.php(63): Illuminate/Pipeline/Pipeline->{closure:{closure:Illuminate/Pipeline/Pipeline::carry():194}:195}(Object(Illuminate/Http/Request))
#20 C:/Users/ALI/Desktop/dar-al-ajneha/backend/vendor/laravel/framework/src/Illuminate/Pipeline/Pipeline.php(219): Illuminate/Auth/Middleware/Authenticate->handle(Object(Illuminate/Http/Request), Object(Closure), 'sanctum')
#21 C:/Users/ALI/Desktop/dar-al-ajneha/backend/vendor/laravel/sanctum/src/Http/Middleware/EnsureFrontendRequestsAreStateful.php(26): Illuminate/Pipeline/Pipeline->{closure:{closure:Illuminate/Pipeline/Pipeline::carry():194}:195}(Object(Illuminate/Http/Request))
#22 C:/Users/ALI/Desktop/dar-al-ajneha/backend/vendor/laravel/framework/src/Illuminate/Pipeline/Pipeline.php(180): Laravel/Sanctum/Http/Middleware/EnsureFrontendRequestsAreStateful->{closure:Laravel/Sanctum/Http/Middleware/EnsureFrontendRequestsAreStateful::handle():25}(Object(Illuminate/Http/Request))
#23 C:/Users/ALI/Desktop/dar-al-ajneha/backend/vendor/laravel/framework/src/Illuminate/Pipeline/Pipeline.php(137): Illuminate/Pipeline/Pipeline->{closure:Illuminate/Pipeline/Pipeline::prepareDestination():178}(Object(Illuminate/Http/Request))
#24 C:/Users/ALI/Desktop/dar-al-ajneha/backend/vendor/laravel/sanctum/src/Http/Middleware/EnsureFrontendRequestsAreStateful.php(25): Illuminate/Pipeline/Pipeline->then(Object(Closure))
#25 C:/Users/ALI/Desktop/dar-al-ajneha/backend/vendor/laravel/framework/src/Illuminate/Pipeline/Pipeline.php(219): Laravel/Sanctum/Http/Middleware/EnsureFrontendRequestsAreStateful->handle(Object(Illuminate/Http/Request), Object(Closure))
#26 C:/Users/ALI/Desktop/dar-al-ajneha/backend/vendor/laravel/framework/src/Illuminate/Pipeline/Pipeline.php(137): Illuminate/Pipeline/Pipeline->{closure:{closure:Illuminate/Pipeline/Pipeline::carry():194}:195}(Object(Illuminate/Http/Request))
#27 C:/Users/ALI/Desktop/dar-al-ajneha/backend/vendor/laravel/framework/src/Illuminate/Routing/Router.php(821): Illuminate/Pipeline/Pipeline->then(Object(Closure))
#28 C:/Users/ALI/Desktop/dar-al-ajneha/backend/vendor/laravel/framework/src/Illuminate/Routing/Router.php(800): Illuminate/Routing/Router->runRouteWithinStack(Object(Illuminate/Routing/Route), Object(Illuminate/Http/Request))
#29 C:/Users/ALI/Desktop/dar-al-ajneha/backend/vendor/laravel/framework/src/Illuminate/Routing/Router.php(764): Illuminate/Routing/Router->runRoute(Object(Illuminate/Http/Request), Object(Illuminate/Routing/Route))
#30 C:/Users/ALI/Desktop/dar-al-ajneha/backend/vendor/laravel/framework/src/Illuminate/Routing/Router.php(753): Illuminate/Routing/Router->dispatchToRoute(Object(Illuminate/Http/Request))
#31 C:/Users/ALI/Desktop/dar-al-ajneha/backend/vendor/laravel/framework/src/Illuminate/Foundation/Http/Kernel.php(200): Illuminate/Routing/Router->dispatch(Object(Illuminate/Http/Request))
#32 C:/Users/ALI/Desktop/dar-al-ajneha/backend/vendor/laravel/framework/src/Illuminate/Pipeline/Pipeline.php(180): Illuminate/Foundation/Http/Kernel->{closure:Illuminate/Foundation/Http/Kernel::dispatchToRouter():197}(Object(Illuminate/Http/Request))
#33 C:/Users/ALI/Desktop/dar-al-ajneha/backend/vendor/laravel/framework/src/Illuminate/Foundation/Http/Middleware/TransformsRequest.php(21): Illuminate/Pipeline/Pipeline->{closure:Illuminate/Pipeline/Pipeline::prepareDestination():178}(Object(Illuminate/Http/Request))
#34 C:/Users/ALI/Desktop/dar-al-ajneha/backend/vendor/laravel/framework/src/Illuminate/Foundation/Http/Middleware/ConvertEmptyStringsToNull.php(31): Illuminate/Foundation/Http/Middleware/TransformsRequest->handle(Object(Illuminate/Http/Request), Object(Closure))
#35 C:/Users/ALI/Desktop/dar-al-ajneha/backend/vendor/laravel/framework/src/Illuminate/Pipeline/Pipeline.php(219): Illuminate/Foundation/Http/Middleware/ConvertEmptyStringsToNull->handle(Object(Illuminate/Http/Request), Object(Closure))
#36 C:/Users/ALI/Desktop/dar-al-ajneha/backend/vendor/laravel/framework/src/Illuminate/Foundation/Http/Middleware/TransformsRequest.php(21): Illuminate/Pipeline/Pipeline->{closure:{closure:Illuminate/Pipeline/Pipeline::carry():194}:195}(Object(Illuminate/Http/Request))
#37 C:/Users/ALI/Desktop/dar-al-ajneha/backend/vendor/laravel/framework/src/Illuminate/Foundation/Http/Middleware/TrimStrings.php(51): Illuminate/Foundation/Http/Middleware/TransformsRequest->handle(Object(Illuminate/Http/Request), Object(Closure))
#38 C:/Users/ALI/Desktop/dar-al-ajneha/backend/vendor/laravel/framework/src/Illuminate/Pipeline/Pipeline.php(219): Illuminate/Foundation/Http/Middleware/TrimStrings->handle(Object(Illuminate/Http/Request), Object(Closure))
#39 C:/Users/ALI/Desktop/dar-al-ajneha/backend/vendor/laravel/framework/src/Illuminate/Http/Middleware/ValidatePostSize.php(27): Illuminate/Pipeline/Pipeline->{closure:{closure:Illuminate/Pipeline/Pipeline::carry():194}:195}(Object(Illuminate/Http/Request))
#40 C:/Users/ALI/Desktop/dar-al-ajneha/backend/vendor/laravel/framework/src/Illuminate/Pipeline/Pipeline.php(219): Illuminate/Http/Middleware/ValidatePostSize->handle(Object(Illuminate/Http/Request), Object(Closure))
#41 C:/Users/ALI/Desktop/dar-al-ajneha/backend/vendor/laravel/framework/src/Illuminate/Foundation/Http/Middleware/PreventRequestsDuringMaintenance.php(110): Illuminate/Pipeline/Pipeline->{closure:{closure:Illuminate/Pipeline/Pipeline::carry():194}:195}(Object(Illuminate/Http/Request))
#42 C:/Users/ALI/Desktop/dar-al-ajneha/backend/vendor/laravel/framework/src/Illuminate/Pipeline/Pipeline.php(219): Illuminate/Foundation/Http/Middleware/PreventRequestsDuringMaintenance->handle(Object(Illuminate/Http/Request), Object(Closure))
#43 C:/Users/ALI/Desktop/dar-al-ajneha/backend/vendor/laravel/framework/src/Illuminate/Http/Middleware/HandleCors.php(74): Illuminate/Pipeline/Pipeline->{closure:{closure:Illuminate/Pipeline/Pipeline::carry():194}:195}(Object(Illuminate/Http/Request))
#44 C:/Users/ALI/Desktop/dar-al-ajneha/backend/vendor/laravel/framework/src/Illuminate/Pipeline/Pipeline.php(219): Illuminate/Http/Middleware/HandleCors->handle(Object(Illuminate/Http/Request), Object(Closure))
#45 C:/Users/ALI/Desktop/dar-al-ajneha/backend/vendor/laravel/framework/src/Illuminate/Http/Middleware/TrustProxies.php(58): Illuminate/Pipeline/Pipeline->{closure:{closure:Illuminate/Pipeline/Pipeline::carry():194}:195}(Object(Illuminate/Http/Request))
#46 C:/Users/ALI/Desktop/dar-al-ajneha/backend/vendor/laravel/framework/src/Illuminate/Pipeline/Pipeline.php(219): Illuminate/Http/Middleware/TrustProxies->handle(Object(Illuminate/Http/Request), Object(Closure))
#47 C:/Users/ALI/Desktop/dar-al-ajneha/backend/vendor/laravel/framework/src/Illuminate/Foundation/Http/Middleware/InvokeDeferredCallbacks.php(22): Illuminate/Pipeline/Pipeline->{closure:{closure:Illuminate/Pipeline/Pipeline::carry():194}:195}(Object(Illuminate/Http/Request))
#48 C:/Users/ALI/Desktop/dar-al-ajneha/backend/vendor/laravel/framework/src/Illuminate/Pipeline/Pipeline.php(219): Illuminate/Foundation/Http/Middleware/InvokeDeferredCallbacks->handle(Object(Illuminate/Http/Request), Object(Closure))
#49 C:/Users/ALI/Desktop/dar-al-ajneha/backend/vendor/laravel/framework/src/Illuminate/Http/Middleware/ValidatePathEncoding.php(28): Illuminate/Pipeline/Pipeline->{closure:{closure:Illuminate/Pipeline/Pipeline::carry():194}:195}(Object(Illuminate/Http/Request))
#50 C:/Users/ALI/Desktop/dar-al-ajneha/backend/vendor/laravel/framework/src/Illuminate/Pipeline/Pipeline.php(219): Illuminate/Http/Middleware/ValidatePathEncoding->handle(Object(Illuminate/Http/Request), Object(Closure))
#51 C:/Users/ALI/Desktop/dar-al-ajneha/backend/vendor/laravel/framework/src/Illuminate/Pipeline/Pipeline.php(137): Illuminate/Pipeline/Pipeline->{closure:{closure:Illuminate/Pipeline/Pipeline::carry():194}:195}(Object(Illuminate/Http/Request))
#52 C:/Users/ALI/Desktop/dar-al-ajneha/backend/vendor/laravel/framework/src/Illuminate/Foundation/Http/Kernel.php(175): Illuminate/Pipeline/Pipeline->then(Object(Closure))
#53 C:/Users/ALI/Desktop/dar-al-ajneha/backend/vendor/laravel/framework/src/Illuminate/Foundation/Http/Kernel.php(144): Illuminate/Foundation/Http/Kernel->sendRequestThroughRouter(Object(Illuminate/Http/Request))
#54 C:/Users/ALI/Desktop/dar-al-ajneha/backend/vendor/laravel/framework/src/Illuminate/Foundation/Testing/Concerns/MakesHttpRequests.php(638): Illuminate/Foundation/Http/Kernel->handle(Object(Illuminate/Http/Request))
#55 C:/Users/ALI/Desktop/dar-al-ajneha/backend/vendor/laravel/framework/src/Illuminate/Foundation/Testing/Concerns/MakesHttpRequests.php(604): Illuminate/Foundation/Testing/TestCase->call('GET', '/api/v1/media/7...', Array, Array, Array, Array, '[]')
#56 C:/Users/ALI/Desktop/dar-al-ajneha/backend/vendor/laravel/framework/src/Illuminate/Foundation/Testing/Concerns/MakesHttpRequests.php(381): Illuminate/Foundation/Testing/TestCase->json('GET', '/api/v1/media/7...', Array, Array, 0)
#57 C:/Users/ALI/Desktop/dar-al-ajneha/backend/tests/Feature/Media/MediaFileServingTest.php(163): Illuminate/Foundation/Testing/TestCase->getJson('/api/v1/media/7...')
#58 C:/Users/ALI/Desktop/dar-al-ajneha/backend/vendor/pestphp/pest/src/Factories/TestCaseMethodFactory.php(177): P/Tests/Feature/Media/MediaFileServingTest->{closure:C:/Users/ALI/Desktop/dar-al-ajneha/backend/tests/Feature/Media/MediaFileServingTest.php:140}()
#59 [internal function]: P/Tests/Feature/Media/MediaFileServingTest->{closure:Pest/Factories/TestCaseMethodFactory::getClosure():167}()
#60 C:/Users/ALI/Desktop/dar-al-ajneha/backend/vendor/pestphp/pest/src/Concerns/Testable.php(514): call_user_func_array(Object(Closure), Array)
#61 C:/Users/ALI/Desktop/dar-al-ajneha/backend/vendor/pestphp/pest/src/Support/ExceptionTrace.php(26): P/Tests/Feature/Media/MediaFileServingTest->{closure:Pest/Concerns/Testable::__callClosure():514}()
#62 C:/Users/ALI/Desktop/dar-al-ajneha/backend/vendor/pestphp/pest/src/Concerns/Testable.php(514): Pest/Support/ExceptionTrace::ensure(Object(Closure))
#63 C:/Users/ALI/Desktop/dar-al-ajneha/backend/vendor/pestphp/pest/src/Concerns/Testable.php(336): P/Tests/Feature/Media/MediaFileServingTest->__callClosure(Object(Closure), Array)
#64 C:/Users/ALI/Desktop/dar-al-ajneha/backend/vendor/pestphp/pest/src/Factories/TestCaseFactory.php(179) : eval()'d code(100): P/Tests/Feature/Media/MediaFileServingTest->__runTest(Object(Closure))
#65 C:/Users/ALI/Desktop/dar-al-ajneha/backend/vendor/phpunit/phpunit/src/Framework/TestCase.php(1318): P/Tests/Feature/Media/MediaFileServingTest->__pest_evaluable_attachment_titles_and_links_are_resolved_for_every_type()
#66 C:/Users/ALI/Desktop/dar-al-ajneha/backend/vendor/phpunit/phpunit/src/Framework/TestCase.php(1355): PHPUnit/Framework/TestCase->invokeTestMethod('__pest_evaluabl...', Array)
#67 C:/Users/ALI/Desktop/dar-al-ajneha/backend/vendor/phpunit/phpunit/src/Framework/TestCase.php(521): PHPUnit/Framework/TestCase->runTest()
#68 C:/Users/ALI/Desktop/dar-al-ajneha/backend/vendor/phpunit/phpunit/src/Framework/TestRunner/TestRunner.php(99): PHPUnit/Framework/TestCase->runBare()
#69 C:/Users/ALI/Desktop/dar-al-ajneha/backend/vendor/phpunit/phpunit/src/Framework/TestCase.php(361): PHPUnit/Framework/TestRunner->run(Object(P/Tests/Feature/Media/MediaFileServingTest))
#70 C:/Users/ALI/Desktop/dar-al-ajneha/backend/vendor/phpunit/phpunit/src/Framework/TestSuite.php(374): PHPUnit/Framework/TestCase->run()
#71 C:/Users/ALI/Desktop/dar-al-ajneha/backend/vendor/phpunit/phpunit/src/Framework/TestSuite.php(374): PHPUnit/Framework/TestSuite->run()
#72 C:/Users/ALI/Desktop/dar-al-ajneha/backend/vendor/phpunit/phpunit/src/Framework/TestSuite.php(374): PHPUnit/Framework/TestSuite->run()
#73 C:/Users/ALI/Desktop/dar-al-ajneha/backend/vendor/phpunit/phpunit/src/TextUI/TestRunner.php(64): PHPUnit/Framework/TestSuite->run()
#74 C:/Users/ALI/Desktop/dar-al-ajneha/backend/vendor/phpunit/phpunit/src/TextUI/Application.php(229): PHPUnit/TextUI/TestRunner->run(Object(PHPUnit/TextUI/Configuration/Configuration), Object(PHPUnit/Runner/ResultCache/DefaultResultCache), Object(PHPUnit/Framework/TestSuite))
#75 C:/Users/ALI/Desktop/dar-al-ajneha/backend/vendor/pestphp/pest/src/Kernel.php(103): PHPUnit/TextUI/Application->run(Array)
#76 C:/Users/ALI/Desktop/dar-al-ajneha/backend/vendor/pestphp/pest/bin/pest(196): Pest/Kernel->handle(Array, Array)
#77 C:/Users/ALI/Desktop/dar-al-ajneha/backend/vendor/pestphp/pest/bin/pest(204): {closure:C:/Users/ALI/Desktop/dar-al-ajneha/backend/vendor/pestphp/pest/bin/pest:19}()
#78 {main}

[previous exception] [object] (PDOException(code: 42703): SQLSTATE[42703]: Undefined column: 7 ERROR:  column \"name\" does not exist
LINE 1: select \"id\", \"title\", \"name\" from \"announcements\" where \"id\"...
                              ^ at C:/Users/ALI/Desktop/dar-al-ajneha/backend/vendor/laravel/framework/src/Illuminate/Database/Connection.php:440)
[stacktrace]
#0 C:/Users/ALI/Desktop/dar-al-ajneha/backend/vendor/laravel/framework/src/Illuminate/Database/Connection.php(440): PDOStatement->execute()
#1 C:/Users/ALI/Desktop/dar-al-ajneha/backend/vendor/laravel/framework/src/Illuminate/Database/Connection.php(846): Illuminate/Database/Connection->{closure:Illuminate/Database/Connection::select():426}('select \"id\", \"t...', Array)
#2 C:/Users/ALI/Desktop/dar-al-ajneha/backend/vendor/laravel/framework/src/Illuminate/Database/Connection.php(813): Illuminate/Database/Connection->runQueryCallback('select \"id\", \"t...', Array, Object(Closure))
#3 C:/Users/ALI/Desktop/dar-al-ajneha/backend/vendor/laravel/framework/src/Illuminate/Database/Connection.php(426): Illuminate/Database/Connection->run('select \"id\", \"t...', Array, Object(Closure))
#4 C:/Users/ALI/Desktop/dar-al-ajneha/backend/vendor/laravel/framework/src/Illuminate/Database/Query/Builder.php(3631): Illuminate/Database/Connection->select('select \"id\", \"t...', Array, true, Array)
#5 C:/Users/ALI/Desktop/dar-al-ajneha/backend/vendor/laravel/framework/src/Illuminate/Database/Query/Builder.php(3615): Illuminate/Database/Query/Builder->runSelect()
#6 C:/Users/ALI/Desktop/dar-al-ajneha/backend/vendor/laravel/framework/src/Illuminate/Database/Eloquent/Builder.php(931): Illuminate/Database/Query/Builder->get(Array)
#7 C:/Users/ALI/Desktop/dar-al-ajneha/backend/vendor/laravel/framework/src/Illuminate/Database/Eloquent/Builder.php(913): Illuminate/Database/Eloquent/Builder->getModels(Array)
#8 C:/Users/ALI/Desktop/dar-al-ajneha/backend/app/Http/Controllers/Media/MediaController.php(223): Illuminate/Database/Eloquent/Builder->get(Array)
#9 C:/Users/ALI/Desktop/dar-al-ajneha/backend/app/Http/Controllers/Media/MediaController.php(181): App/Http/Controllers/Media/MediaController->resolveAttachmentParents(Object(Illuminate/Database/Eloquent/Collection))
#10 C:/Users/ALI/Desktop/dar-al-ajneha/backend/vendor/laravel/framework/src/Illuminate/Routing/Controller.php(54): App/Http/Controllers/Media/MediaController->attachments(Object(Illuminate/Http/Request), Object(App/Models/Media))
#11 C:/Users/ALI/Desktop/dar-al-ajneha/backend/vendor/laravel/framework/src/Illuminate/Routing/ControllerDispatcher.php(43): Illuminate/Routing/Controller->callAction('attachments', Array)
#12 C:/Users/ALI/Desktop/dar-al-ajneha/backend/vendor/laravel/framework/src/Illuminate/Routing/Route.php(276): Illuminate/Routing/ControllerDispatcher->dispatch(Object(Illuminate/Routing/Route), Object(App/Http/Controllers/Media/MediaController), 'attachments')
#13 C:/Users/ALI/Desktop/dar-al-ajneha/backend/vendor/laravel/framework/src/Illuminate/Routing/Route.php(216): Illuminate/Routing/Route->runController()
#14 C:/Users/ALI/Desktop/dar-al-ajneha/backend/vendor/laravel/framework/src/Illuminate/Routing/Router.php(822): Illuminate/Routing/Route->run()
#15 C:/Users/ALI/Desktop/dar-al-ajneha/backend/vendor/laravel/framework/src/Illuminate/Pipeline/Pipeline.php(180): Illuminate/Routing/Router->{closure:Illuminate/Routing/Router::runRouteWithinStack():821}(Object(Illuminate/Http/Request))
#16 C:/Users/ALI/Desktop/dar-al-ajneha/backend/vendor/laravel/framework/src/Illuminate/Routing/Middleware/SubstituteBindings.php(52): Illuminate/Pipeline/Pipeline->{closure:Illuminate/Pipeline/Pipeline::prepareDestination():178}(Object(Illuminate/Http/Request))
#17 C:/Users/ALI/Desktop/dar-al-ajneha/backend/vendor/laravel/framework/src/Illuminate/Pipeline/Pipeline.php(219): Illuminate/Routing/Middleware/SubstituteBindings->handle(Object(Illuminate/Http/Request), Object(Closure))
#18 C:/Users/ALI/Desktop/dar-al-ajneha/backend/vendor/laravel/framework/src/Illuminate/Routing/Middleware/ThrottleRequests.php(168): Illuminate/Pipeline/Pipeline->{closure:{closure:Illuminate/Pipeline/Pipeline::carry():194}:195}(Object(Illuminate/Http/Request))
#19 C:/Users/ALI/Desktop/dar-al-ajneha/backend/vendor/laravel/framework/src/Illuminate/Routing/Middleware/ThrottleRequests.php(93): Illuminate/Routing/Middleware/ThrottleRequests->handleRequest(Object(Illuminate/Http/Request), Object(Closure), Array)
#20 C:/Users/ALI/Desktop/dar-al-ajneha/backend/vendor/laravel/framework/src/Illuminate/Pipeline/Pipeline.php(219): Illuminate/Routing/Middleware/ThrottleRequests->handle(Object(Illuminate/Http/Request), Object(Closure), '60', '1')
#21 C:/Users/ALI/Desktop/dar-al-ajneha/backend/vendor/laravel/framework/src/Illuminate/Auth/Middleware/Authenticate.php(63): Illuminate/Pipeline/Pipeline->{closure:{closure:Illuminate/Pipeline/Pipeline::carry():194}:195}(Object(Illuminate/Http/Request))
#22 C:/Users/ALI/Desktop/dar-al-ajneha/backend/vendor/laravel/framework/src/Illuminate/Pipeline/Pipeline.php(219): Illuminate/Auth/Middleware/Authenticate->handle(Object(Illuminate/Http/Request), Object(Closure), 'sanctum')
#23 C:/Users/ALI/Desktop/dar-al-ajneha/backend/vendor/laravel/sanctum/src/Http/Middleware/EnsureFrontendRequestsAreStateful.php(26): Illuminate/Pipeline/Pipeline->{closure:{closure:Illuminate/Pipeline/Pipeline::carry():194}:195}(Object(Illuminate/Http/Request))
#24 C:/Users/ALI/Desktop/dar-al-ajneha/backend/vendor/laravel/framework/src/Illuminate/Pipeline/Pipeline.php(180): Laravel/Sanctum/Http/Middleware/EnsureFrontendRequestsAreStateful->{closure:Laravel/Sanctum/Http/Middleware/EnsureFrontendRequestsAreStateful::handle():25}(Object(Illuminate/Http/Request))
#25 C:/Users/ALI/Desktop/dar-al-ajneha/backend/vendor/laravel/framework/src/Illuminate/Pipeline/Pipeline.php(137): Illuminate/Pipeline/Pipeline->{closure:Illuminate/Pipeline/Pipeline::prepareDestination():178}(Object(Illuminate/Http/Request))
#26 C:/Users/ALI/Desktop/dar-al-ajneha/backend/vendor/laravel/sanctum/src/Http/Middleware/EnsureFrontendRequestsAreStateful.php(25): Illuminate/Pipeline/Pipeline->then(Object(Closure))
#27 C:/Users/ALI/Desktop/dar-al-ajneha/backend/vendor/laravel/framework/src/Illuminate/Pipeline/Pipeline.php(219): Laravel/Sanctum/Http/Middleware/EnsureFrontendRequestsAreStateful->handle(Object(Illuminate/Http/Request), Object(Closure))
#28 C:/Users/ALI/Desktop/dar-al-ajneha/backend/vendor/laravel/framework/src/Illuminate/Pipeline/Pipeline.php(137): Illuminate/Pipeline/Pipeline->{closure:{closure:Illuminate/Pipeline/Pipeline::carry():194}:195}(Object(Illuminate/Http/Request))
#29 C:/Users/ALI/Desktop/dar-al-ajneha/backend/vendor/laravel/framework/src/Illuminate/Routing/Router.php(821): Illuminate/Pipeline/Pipeline->then(Object(Closure))
#30 C:/Users/ALI/Desktop/dar-al-ajneha/backend/vendor/laravel/framework/src/Illuminate/Routing/Router.php(800): Illuminate/Routing/Router->runRouteWithinStack(Object(Illuminate/Routing/Route), Object(Illuminate/Http/Request))
#31 C:/Users/ALI/Desktop/dar-al-ajneha/backend/vendor/laravel/framework/src/Illuminate/Routing/Router.php(764): Illuminate/Routing/Router->runRoute(Object(Illuminate/Http/Request), Object(Illuminate/Routing/Route))
#32 C:/Users/ALI/Desktop/dar-al-ajneha/backend/vendor/laravel/framework/src/Illuminate/Routing/Router.php(753): Illuminate/Routing/Router->dispatchToRoute(Object(Illuminate/Http/Request))
#33 C:/Users/ALI/Desktop/dar-al-ajneha/backend/vendor/laravel/framework/src/Illuminate/Foundation/Http/Kernel.php(200): Illuminate/Routing/Router->dispatch(Object(Illuminate/Http/Request))
#34 C:/Users/ALI/Desktop/dar-al-ajneha/backend/vendor/laravel/framework/src/Illuminate/Pipeline/Pipeline.php(180): Illuminate/Foundation/Http/Kernel->{closure:Illuminate/Foundation/Http/Kernel::dispatchToRouter():197}(Object(Illuminate/Http/Request))
#35 C:/Users/ALI/Desktop/dar-al-ajneha/backend/vendor/laravel/framework/src/Illuminate/Foundation/Http/Middleware/TransformsRequest.php(21): Illuminate/Pipeline/Pipeline->{closure:Illuminate/Pipeline/Pipeline::prepareDestination():178}(Object(Illuminate/Http/Request))
#36 C:/Users/ALI/Desktop/dar-al-ajneha/backend/vendor/laravel/framework/src/Illuminate/Foundation/Http/Middleware/ConvertEmptyStringsToNull.php(31): Illuminate/Foundation/Http/Middleware/TransformsRequest->handle(Object(Illuminate/Http/Request), Object(Closure))
#37 C:/Users/ALI/Desktop/dar-al-ajneha/backend/vendor/laravel/framework/src/Illuminate/Pipeline/Pipeline.php(219): Illuminate/Foundation/Http/Middleware/ConvertEmptyStringsToNull->handle(Object(Illuminate/Http/Request), Object(Closure))
#38 C:/Users/ALI/Desktop/dar-al-ajneha/backend/vendor/laravel/framework/src/Illuminate/Foundation/Http/Middleware/TransformsRequest.php(21): Illuminate/Pipeline/Pipeline->{closure:{closure:Illuminate/Pipeline/Pipeline::carry():194}:195}(Object(Illuminate/Http/Request))
#39 C:/Users/ALI/Desktop/dar-al-ajneha/backend/vendor/laravel/framework/src/Illuminate/Foundation/Http/Middleware/TrimStrings.php(51): Illuminate/Foundation/Http/Middleware/TransformsRequest->handle(Object(Illuminate/Http/Request), Object(Closure))
#40 C:/Users/ALI/Desktop/dar-al-ajneha/backend/vendor/laravel/framework/src/Illuminate/Pipeline/Pipeline.php(219): Illuminate/Foundation/Http/Middleware/TrimStrings->handle(Object(Illuminate/Http/Request), Object(Closure))
#41 C:/Users/ALI/Desktop/dar-al-ajneha/backend/vendor/laravel/framework/src/Illuminate/Http/Middleware/ValidatePostSize.php(27): Illuminate/Pipeline/Pipeline->{closure:{closure:Illuminate/Pipeline/Pipeline::carry():194}:195}(Object(Illuminate/Http/Request))
#42 C:/Users/ALI/Desktop/dar-al-ajneha/backend/vendor/laravel/framework/src/Illuminate/Pipeline/Pipeline.php(219): Illuminate/Http/Middleware/ValidatePostSize->handle(Object(Illuminate/Http/Request), Object(Closure))
#43 C:/Users/ALI/Desktop/dar-al-ajneha/backend/vendor/laravel/framework/src/Illuminate/Foundation/Http/Middleware/PreventRequestsDuringMaintenance.php(110): Illuminate/Pipeline/Pipeline->{closure:{closure:Illuminate/Pipeline/Pipeline::carry():194}:195}(Object(Illuminate/Http/Request))
#44 C:/Users/ALI/Desktop/dar-al-ajneha/backend/vendor/laravel/framework/src/Illuminate/Pipeline/Pipeline.php(219): Illuminate/Foundation/Http/Middleware/PreventRequestsDuringMaintenance->handle(Object(Illuminate/Http/Request), Object(Closure))
#45 C:/Users/ALI/Desktop/dar-al-ajneha/backend/vendor/laravel/framework/src/Illuminate/Http/Middleware/HandleCors.php(74): Illuminate/Pipeline/Pipeline->{closure:{closure:Illuminate/Pipeline/Pipeline::carry():194}:195}(Object(Illuminate/Http/Request))
#46 C:/Users/ALI/Desktop/dar-al-ajneha/backend/vendor/laravel/framework/src/Illuminate/Pipeline/Pipeline.php(219): Illuminate/Http/Middleware/HandleCors->handle(Object(Illuminate/Http/Request), Object(Closure))
#47 C:/Users/ALI/Desktop/dar-al-ajneha/backend/vendor/laravel/framework/src/Illuminate/Http/Middleware/TrustProxies.php(58): Illuminate/Pipeline/Pipeline->{closure:{closure:Illuminate/Pipeline/Pipeline::carry():194}:195}(Object(Illuminate/Http/Request))
#48 C:/Users/ALI/Desktop/dar-al-ajneha/backend/vendor/laravel/framework/src/Illuminate/Pipeline/Pipeline.php(219): Illuminate/Http/Middleware/TrustProxies->handle(Object(Illuminate/Http/Request), Object(Closure))
#49 C:/Users/ALI/Desktop/dar-al-ajneha/backend/vendor/laravel/framework/src/Illuminate/Foundation/Http/Middleware/InvokeDeferredCallbacks.php(22): Illuminate/Pipeline/Pipeline->{closure:{closure:Illuminate/Pipeline/Pipeline::carry():194}:195}(Object(Illuminate/Http/Request))
#50 C:/Users/ALI/Desktop/dar-al-ajneha/backend/vendor/laravel/framework/src/Illuminate/Pipeline/Pipeline.php(219): Illuminate/Foundation/Http/Middleware/InvokeDeferredCallbacks->handle(Object(Illuminate/Http/Request), Object(Closure))
#51 C:/Users/ALI/Desktop/dar-al-ajneha/backend/vendor/laravel/framework/src/Illuminate/Http/Middleware/ValidatePathEncoding.php(28): Illuminate/Pipeline/Pipeline->{closure:{closure:Illuminate/Pipeline/Pipeline::carry():194}:195}(Object(Illuminate/Http/Request))
#52 C:/Users/ALI/Desktop/dar-al-ajneha/backend/vendor/laravel/framework/src/Illuminate/Pipeline/Pipeline.php(219): Illuminate/Http/Middleware/ValidatePathEncoding->handle(Object(Illuminate/Http/Request), Object(Closure))
#53 C:/Users/ALI/Desktop/dar-al-ajneha/backend/vendor/laravel/framework/src/Illuminate/Pipeline/Pipeline.php(137): Illuminate/Pipeline/Pipeline->{closure:{closure:Illuminate/Pipeline/Pipeline::carry():194}:195}(Object(Illuminate/Http/Request))
#54 C:/Users/ALI/Desktop/dar-al-ajneha/backend/vendor/laravel/framework/src/Illuminate/Foundation/Http/Kernel.php(175): Illuminate/Pipeline/Pipeline->then(Object(Closure))
#55 C:/Users/ALI/Desktop/dar-al-ajneha/backend/vendor/laravel/framework/src/Illuminate/Foundation/Http/Kernel.php(144): Illuminate/Foundation/Http/Kernel->sendRequestThroughRouter(Object(Illuminate/Http/Request))
#56 C:/Users/ALI/Desktop/dar-al-ajneha/backend/vendor/laravel/framework/src/Illuminate/Foundation/Testing/Concerns/MakesHttpRequests.php(638): Illuminate/Foundation/Http/Kernel->handle(Object(Illuminate/Http/Request))
#57 C:/Users/ALI/Desktop/dar-al-ajneha/backend/vendor/laravel/framework/src/Illuminate/Foundation/Testing/Concerns/MakesHttpRequests.php(604): Illuminate/Foundation/Testing/TestCase->call('GET', '/api/v1/media/7...', Array, Array, Array, Array, '[]')
#58 C:/Users/ALI/Desktop/dar-al-ajneha/backend/vendor/laravel/framework/src/Illuminate/Foundation/Testing/Concerns/MakesHttpRequests.php(381): Illuminate/Foundation/Testing/TestCase->json('GET', '/api/v1/media/7...', Array, Array, 0)
#59 C:/Users/ALI/Desktop/dar-al-ajneha/backend/tests/Feature/Media/MediaFileServingTest.php(163): Illuminate/Foundation/Testing/TestCase->getJson('/api/v1/media/7...')
#60 C:/Users/ALI/Desktop/dar-al-ajneha/backend/vendor/pestphp/pest/src/Factories/TestCaseMethodFactory.php(177): P/Tests/Feature/Media/MediaFileServingTest->{closure:C:/Users/ALI/Desktop/dar-al-ajneha/backend/tests/Feature/Media/MediaFileServingTest.php:140}()
#61 [internal function]: P/Tests/Feature/Media/MediaFileServingTest->{closure:Pest/Factories/TestCaseMethodFactory::getClosure():167}()
#62 C:/Users/ALI/Desktop/dar-al-ajneha/backend/vendor/pestphp/pest/src/Concerns/Testable.php(514): call_user_func_array(Object(Closure), Array)
#63 C:/Users/ALI/Desktop/dar-al-ajneha/backend/vendor/pestphp/pest/src/Support/ExceptionTrace.php(26): P/Tests/Feature/Media/MediaFileServingTest->{closure:Pest/Concerns/Testable::__callClosure():514}()
#64 C:/Users/ALI/Desktop/dar-al-ajneha/backend/vendor/pestphp/pest/src/Concerns/Testable.php(514): Pest/Support/ExceptionTrace::ensure(Object(Closure))
#65 C:/Users/ALI/Desktop/dar-al-ajneha/backend/vendor/pestphp/pest/src/Concerns/Testable.php(336): P/Tests/Feature/Media/MediaFileServingTest->__callClosure(Object(Closure), Array)
#66 C:/Users/ALI/Desktop/dar-al-ajneha/backend/vendor/pestphp/pest/src/Factories/TestCaseFactory.php(179) : eval()'d code(100): P/Tests/Feature/Media/MediaFileServingTest->__runTest(Object(Closure))
#67 C:/Users/ALI/Desktop/dar-al-ajneha/backend/vendor/phpunit/phpunit/src/Framework/TestCase.php(1318): P/Tests/Feature/Media/MediaFileServingTest->__pest_evaluable_attachment_titles_and_links_are_resolved_for_every_type()
#68 C:/Users/ALI/Desktop/dar-al-ajneha/backend/vendor/phpunit/phpunit/src/Framework/TestCase.php(1355): PHPUnit/Framework/TestCase->invokeTestMethod('__pest_evaluabl...', Array)
#69 C:/Users/ALI/Desktop/dar-al-ajneha/backend/vendor/phpunit/phpunit/src/Framework/TestCase.php(521): PHPUnit/Framework/TestCase->runTest()
#70 C:/Users/ALI/Desktop/dar-al-ajneha/backend/vendor/phpunit/phpunit/src/Framework/TestRunner/TestRunner.php(99): PHPUnit/Framework/TestCase->runBare()
#71 C:/Users/ALI/Desktop/dar-al-ajneha/backend/vendor/phpunit/phpunit/src/Framework/TestCase.php(361): PHPUnit/Framework/TestRunner->run(Object(P/Tests/Feature/Media/MediaFileServingTest))
#72 C:/Users/ALI/Desktop/dar-al-ajneha/backend/vendor/phpunit/phpunit/src/Framework/TestSuite.php(374): PHPUnit/Framework/TestCase->run()
#73 C:/Users/ALI/Desktop/dar-al-ajneha/backend/vendor/phpunit/phpunit/src/Framework/TestSuite.php(374): PHPUnit/Framework/TestSuite->run()
#74 C:/Users/ALI/Desktop/dar-al-ajneha/backend/vendor/phpunit/phpunit/src/Framework/TestSuite.php(374): PHPUnit/Framework/TestSuite->run()
#75 C:/Users/ALI/Desktop/dar-al-ajneha/backend/vendor/phpunit/phpunit/src/TextUI/TestRunner.php(64): PHPUnit/Framework/TestSuite->run()
#76 C:/Users/ALI/Desktop/dar-al-ajneha/backend/vendor/phpunit/phpunit/src/TextUI/Application.php(229): PHPUnit/TextUI/TestRunner->run(Object(PHPUnit/TextUI/Configuration/Configuration), Object(PHPUnit/Runner/ResultCache/DefaultResultCache), Object(PHPUnit/Framework/TestSuite))
#77 C:/Users/ALI/Desktop/dar-al-ajneha/backend/vendor/pestphp/pest/src/Kernel.php(103): PHPUnit/TextUI/Application->run(Array)
#78 C:/Users/ALI/Desktop/dar-al-ajneha/backend/vendor/pestphp/pest/bin/pest(196): Pest/Kernel->handle(Array, Array)
#79 C:/Users/ALI/Desktop/dar-al-ajneha/backend/vendor/pestphp/pest/bin/pest(204): {closure:C:/Users/ALI/Desktop/dar-al-ajneha/backend/vendor/pestphp/pest/bin/pest:19}()
#80 {main}
"} 
[2026-09-30 17:00:37] local.ERROR: SQLSTATE[23503]: Foreign key violation: 7 ERROR:  insert or update on table "activity_log" violates foreign key constraint "activity_log_actor_id_foreign"
DETAIL:  Key (actor_id)=(225) is not present in table "users". (Connection: pgsql, Host: 127.0.0.1, Port: 5432, Database: dar_al_ajneha, SQL: insert into "activity_log" ("actor_id", "action", "entity_type", "entity_id", "created_at") values (225, user.delete, user, 225, 2026-09-30 17:00:37) returning "id") {"exception":"[object] (Illuminate\\Database\\QueryException(code: 23503): SQLSTATE[23503]: Foreign key violation: 7 ERROR:  insert or update on table \"activity_log\" violates foreign key constraint \"activity_log_actor_id_foreign\"
DETAIL:  Key (actor_id)=(225) is not present in table \"users\". (Connection: pgsql, Host: 127.0.0.1, Port: 5432, Database: dar_al_ajneha, SQL: insert into \"activity_log\" (\"actor_id\", \"action\", \"entity_type\", \"entity_id\", \"created_at\") values (225, user.delete, user, 225, 2026-09-30 17:00:37) returning \"id\") at C:/Users/ALI/Desktop/dar-al-ajneha/backend/vendor/laravel/framework/src/Illuminate/Database/Connection.php:857)
[stacktrace]
#0 C:/Users/ALI/Desktop/dar-al-ajneha/backend/vendor/laravel/framework/src/Illuminate/Database/Connection.php(813): Illuminate/Database/Connection->runQueryCallback('insert into \"ac...', Array, Object(Closure))
#1 C:/Users/ALI/Desktop/dar-al-ajneha/backend/vendor/laravel/framework/src/Illuminate/Database/Connection.php(426): Illuminate/Database/Connection->run('insert into \"ac...', Array, Object(Closure))
#2 C:/Users/ALI/Desktop/dar-al-ajneha/backend/vendor/laravel/framework/src/Illuminate/Database/Connection.php(412): Illuminate/Database/Connection->select('insert into \"ac...', Array, false)
#3 C:/Users/ALI/Desktop/dar-al-ajneha/backend/vendor/laravel/framework/src/Illuminate/Database/Query/Processors/PostgresProcessor.php(24): Illuminate/Database/Connection->selectFromWriteConnection('insert into \"ac...', Array)
#4 C:/Users/ALI/Desktop/dar-al-ajneha/backend/vendor/laravel/framework/src/Illuminate/Database/Query/Builder.php(4315): Illuminate/Database/Query/Processors/PostgresProcessor->processInsertGetId(Object(Illuminate/Database/Query/Builder), 'insert into \"ac...', Array, 'id')
#5 C:/Users/ALI/Desktop/dar-al-ajneha/backend/vendor/laravel/framework/src/Illuminate/Database/Eloquent/Builder.php(2336): Illuminate/Database/Query/Builder->insertGetId(Array, 'id')
#6 C:/Users/ALI/Desktop/dar-al-ajneha/backend/vendor/laravel/framework/src/Illuminate/Database/Eloquent/Model.php(1713): Illuminate/Database/Eloquent/Builder->__call('insertGetId', Array)
#7 C:/Users/ALI/Desktop/dar-al-ajneha/backend/vendor/laravel/framework/src/Illuminate/Database/Eloquent/Model.php(1625): Illuminate/Database/Eloquent/Model->insertAndSetId(Object(Illuminate/Database/Eloquent/Builder), Array)
#8 C:/Users/ALI/Desktop/dar-al-ajneha/backend/vendor/laravel/framework/src/Illuminate/Database/Eloquent/Model.php(1427): Illuminate/Database/Eloquent/Model->performInsert(Object(Illuminate/Database/Eloquent/Builder))
#9 C:/Users/ALI/Desktop/dar-al-ajneha/backend/vendor/laravel/framework/src/Illuminate/Database/Eloquent/Builder.php(1258): Illuminate/Database/Eloquent/Model->save()
#10 C:/Users/ALI/Desktop/dar-al-ajneha/backend/vendor/laravel/framework/src/Illuminate/Support/helpers.php(393): Illuminate/Database/Eloquent/Builder->{closure:Illuminate/Database/Eloquent/Builder::create():1257}(Object(App/Models/ActivityLog))
#11 C:/Users/ALI/Desktop/dar-al-ajneha/backend/vendor/laravel/framework/src/Illuminate/Database/Eloquent/Builder.php(1257): tap(Object(App/Models/ActivityLog), Object(Closure))
#12 C:/Users/ALI/Desktop/dar-al-ajneha/backend/vendor/laravel/framework/src/Illuminate/Support/Traits/ForwardsCalls.php(23): Illuminate/Database/Eloquent/Builder->create(Array)
#13 C:/Users/ALI/Desktop/dar-al-ajneha/backend/vendor/laravel/framework/src/Illuminate/Database/Eloquent/Model.php(2911): Illuminate/Database/Eloquent/Model->forwardCallTo(Object(Illuminate/Database/Eloquent/Builder), 'create', Array)
#14 C:/Users/ALI/Desktop/dar-al-ajneha/backend/vendor/laravel/framework/src/Illuminate/Database/Eloquent/Model.php(2927): Illuminate/Database/Eloquent/Model->__call('create', Array)
#15 C:/Users/ALI/Desktop/dar-al-ajneha/backend/app/Observers/ActivityLogObserver.php(32): Illuminate/Database/Eloquent/Model::__callStatic('create', Array)
#16 C:/Users/ALI/Desktop/dar-al-ajneha/backend/vendor/laravel/framework/src/Illuminate/Events/Dispatcher.php(516): App/Observers/ActivityLogObserver->deleted(Object(App/Models/User))
#17 C:/Users/ALI/Desktop/dar-al-ajneha/backend/vendor/laravel/framework/src/Illuminate/Events/Dispatcher.php(326): Illuminate/Events/Dispatcher->{closure:Illuminate/Events/Dispatcher::createClassListener():509}('eloquent.delete...', Array)
#18 C:/Users/ALI/Desktop/dar-al-ajneha/backend/vendor/laravel/framework/src/Illuminate/Events/Dispatcher.php(306): Illuminate/Events/Dispatcher->invokeListeners('eloquent.delete...', Array, false)
#19 C:/Users/ALI/Desktop/dar-al-ajneha/backend/vendor/laravel/framework/src/Illuminate/Database/Eloquent/Concerns/HasEvents.php(224): Illuminate/Events/Dispatcher->dispatch('eloquent.delete...', Object(App/Models/User))
#20 C:/Users/ALI/Desktop/dar-al-ajneha/backend/vendor/laravel/framework/src/Illuminate/Database/Eloquent/Model.php(1811): Illuminate/Database/Eloquent/Model->fireModelEvent('deleted', false)
#21 C:/Users/ALI/Desktop/dar-al-ajneha/backend/vendor/laravel/framework/src/Illuminate/Database/Eloquent/SoftDeletes.php(59): Illuminate/Database/Eloquent/Model->delete()
#22 C:/Users/ALI/Desktop/dar-al-ajneha/backend/probe_user.php(21): App/Models/User->forceDelete()
#23 {main}

[previous exception] [object] (PDOException(code: 23503): SQLSTATE[23503]: Foreign key violation: 7 ERROR:  insert or update on table \"activity_log\" violates foreign key constraint \"activity_log_actor_id_foreign\"
DETAIL:  Key (actor_id)=(225) is not present in table \"users\". at C:/Users/ALI/Desktop/dar-al-ajneha/backend/vendor/laravel/framework/src/Illuminate/Database/Connection.php:440)
[stacktrace]
#0 C:/Users/ALI/Desktop/dar-al-ajneha/backend/vendor/laravel/framework/src/Illuminate/Database/Connection.php(440): PDOStatement->execute()
#1 C:/Users/ALI/Desktop/dar-al-ajneha/backend/vendor/laravel/framework/src/Illuminate/Database/Connection.php(846): Illuminate/Database/Connection->{closure:Illuminate/Database/Connection::select():426}('insert into \"ac...', Array)
#2 C:/Users/ALI/Desktop/dar-al-ajneha/backend/vendor/laravel/framework/src/Illuminate/Database/Connection.php(813): Illuminate/Database/Connection->runQueryCallback('insert into \"ac...', Array, Object(Closure))
#3 C:/Users/ALI/Desktop/dar-al-ajneha/backend/vendor/laravel/framework/src/Illuminate/Database/Connection.php(426): Illuminate/Database/Connection->run('insert into \"ac...', Array, Object(Closure))
#4 C:/Users/ALI/Desktop/dar-al-ajneha/backend/vendor/laravel/framework/src/Illuminate/Database/Connection.php(412): Illuminate/Database/Connection->select('insert into \"ac...', Array, false)
#5 C:/Users/ALI/Desktop/dar-al-ajneha/backend/vendor/laravel/framework/src/Illuminate/Database/Query/Processors/PostgresProcessor.php(24): Illuminate/Database/Connection->selectFromWriteConnection('insert into \"ac...', Array)
#6 C:/Users/ALI/Desktop/dar-al-ajneha/backend/vendor/laravel/framework/src/Illuminate/Database/Query/Builder.php(4315): Illuminate/Database/Query/Processors/PostgresProcessor->processInsertGetId(Object(Illuminate/Database/Query/Builder), 'insert into \"ac...', Array, 'id')
#7 C:/Users/ALI/Desktop/dar-al-ajneha/backend/vendor/laravel/framework/src/Illuminate/Database/Eloquent/Builder.php(2336): Illuminate/Database/Query/Builder->insertGetId(Array, 'id')
#8 C:/Users/ALI/Desktop/dar-al-ajneha/backend/vendor/laravel/framework/src/Illuminate/Database/Eloquent/Model.php(1713): Illuminate/Database/Eloquent/Builder->__call('insertGetId', Array)
#9 C:/Users/ALI/Desktop/dar-al-ajneha/backend/vendor/laravel/framework/src/Illuminate/Database/Eloquent/Model.php(1625): Illuminate/Database/Eloquent/Model->insertAndSetId(Object(Illuminate/Database/Eloquent/Builder), Array)
#10 C:/Users/ALI/Desktop/dar-al-ajneha/backend/vendor/laravel/framework/src/Illuminate/Database/Eloquent/Model.php(1427): Illuminate/Database/Eloquent/Model->performInsert(Object(Illuminate/Database/Eloquent/Builder))
#11 C:/Users/ALI/Desktop/dar-al-ajneha/backend/vendor/laravel/framework/src/Illuminate/Database/Eloquent/Builder.php(1258): Illuminate/Database/Eloquent/Model->save()
#12 C:/Users/ALI/Desktop/dar-al-ajneha/backend/vendor/laravel/framework/src/Illuminate/Support/helpers.php(393): Illuminate/Database/Eloquent/Builder->{closure:Illuminate/Database/Eloquent/Builder::create():1257}(Object(App/Models/ActivityLog))
#13 C:/Users/ALI/Desktop/dar-al-ajneha/backend/vendor/laravel/framework/src/Illuminate/Database/Eloquent/Builder.php(1257): tap(Object(App/Models/ActivityLog), Object(Closure))
#14 C:/Users/ALI/Desktop/dar-al-ajneha/backend/vendor/laravel/framework/src/Illuminate/Support/Traits/ForwardsCalls.php(23): Illuminate/Database/Eloquent/Builder->create(Array)
#15 C:/Users/ALI/Desktop/dar-al-ajneha/backend/vendor/laravel/framework/src/Illuminate/Database/Eloquent/Model.php(2911): Illuminate/Database/Eloquent/Model->forwardCallTo(Object(Illuminate/Database/Eloquent/Builder), 'create', Array)
#16 C:/Users/ALI/Desktop/dar-al-ajneha/backend/vendor/laravel/framework/src/Illuminate/Database/Eloquent/Model.php(2927): Illuminate/Database/Eloquent/Model->__call('create', Array)
#17 C:/Users/ALI/Desktop/dar-al-ajneha/backend/app/Observers/ActivityLogObserver.php(32): Illuminate/Database/Eloquent/Model::__callStatic('create', Array)
#18 C:/Users/ALI/Desktop/dar-al-ajneha/backend/vendor/laravel/framework/src/Illuminate/Events/Dispatcher.php(516): App/Observers/ActivityLogObserver->deleted(Object(App/Models/User))
#19 C:/Users/ALI/Desktop/dar-al-ajneha/backend/vendor/laravel/framework/src/Illuminate/Events/Dispatcher.php(326): Illuminate/Events/Dispatcher->{closure:Illuminate/Events/Dispatcher::createClassListener():509}('eloquent.delete...', Array)
#20 C:/Users/ALI/Desktop/dar-al-ajneha/backend/vendor/laravel/framework/src/Illuminate/Events/Dispatcher.php(306): Illuminate/Events/Dispatcher->invokeListeners('eloquent.delete...', Array, false)
#21 C:/Users/ALI/Desktop/dar-al-ajneha/backend/vendor/laravel/framework/src/Illuminate/Database/Eloquent/Concerns/HasEvents.php(224): Illuminate/Events/Dispatcher->dispatch('eloquent.delete...', Object(App/Models/User))
#22 C:/Users/ALI/Desktop/dar-al-ajneha/backend/vendor/laravel/framework/src/Illuminate/Database/Eloquent/Model.php(1811): Illuminate/Database/Eloquent/Model->fireModelEvent('deleted', false)
#23 C:/Users/ALI/Desktop/dar-al-ajneha/backend/vendor/laravel/framework/src/Illuminate/Database/Eloquent/SoftDeletes.php(59): Illuminate/Database/Eloquent/Model->delete()
#24 C:/Users/ALI/Desktop/dar-al-ajneha/backend/probe_user.php(21): App/Models/User->forceDelete()
#25 {main}
"} 
